url,titulo,local_txt,cidade,bairro,rua,price_txt,price_num,area,quartos,garagem,banheiros,price_per_m2
https://www.adrianoimoveis.com.br/imovel/apartamento-biguacu-2-quartos-48-m/AP1148-ADU9?from=rent,Apartamento,Encruzilhada - Biguaçu - SCResidencial Saudade,Biguaçu,Encruzilhada,NULL,R$ 890/mês,890.0,47.73,2.0,1.0,1.0,18.646553530274463
https://www.adrianoimoveis.com.br/imovel/apartamento-biguacu-2-quartos-42-m/AP1074-ADU9?from=sale,Apartamento,Bom Viver - Biguaçu - SCVilla Di Trento,Biguaçu,Bom Viver,NULL,R$ 245.000,245000.0,41.65,2.0,1.0,1.0,5882.352941176471
https://www.adrianoimoveis.com.br/imovel/apartamento-biguacu-2-quartos-40-m/AP1073-ADU9?from=sale,Apartamento,Bom Viver - Biguaçu - SCResidencial Villagio Mira Mar,Biguaçu,Bom Viver,NULL,R$ 225.000,225000.0,39.67,2.0,NULL,1.0,5671.79228636249
https://www.adrianoimoveis.com.br/imovel/loja-florianopolis-200-m/LO0185-ADU9?from=rent,Loja,Jardim Atlântico - Florianópolis - SC,Florianópolis,Jardim Atlântico,NULL,R$ 5.750/mês,5750.0,200.0,NULL,3.0,2.0,28.75
https://www.adrianoimoveis.com.br/imovel/apartamento-florianopolis-2-quartos-75-m/AP0787-ADU9?from=rent,Apartamento,Balneário - Florianópolis - SCLanciano,Florianópolis,Balneário,NULL,R$ 2.290/mês,2290.0,74.6,2.0,1.0,1.0,30.697050938337803
https://www.adrianoimoveis.com.br/imovel/loja-florianopolis-56-m/LO0195-ADU9?from=rent,Loja,Estreito - Florianópolis - SC,Florianópolis,Estreito,NULL,R$ 2.200/mês,2200.0,56.0,NULL,NULL,1.0,39.285714285714285
https://www.adrianoimoveis.com.br/imovel/casa-florianopolis-200-m/CA0559-ADU9?from=rent,Casa,Jardim Atlântico - Florianópolis - SC,Florianópolis,Jardim Atlântico,NULL,R$ 5.750/mês,5750.0,200.0,NULL,3.0,2.0,28.75
https://www.adrianoimoveis.com.br/imovel/apartamento-florianopolis-2-quartos-52-m/AP0755-ADU9?from=rent,Apartamento,Jardim Atlântico - Florianópolis - SCCondomínio Conjunto Habitacional Itaguaçu,Florianópolis,Jardim Atlântico,NULL,R$ 1.790/mês,1790.0,52.4,2.0,1.0,1.0,34.16030534351145
https://www.adrianoimoveis.com.br/imovel/apartamento-florianopolis-2-quartos-62-m/AP1265-ADU9?from=rent,Apartamento,Jardim Atlântico - Florianópolis - SCCondomínio Conjunto Habitacional Itaguaçu,Florianópolis,Jardim Atlântico,NULL,R$ 2.400/mês,2400.0,62.0,2.0,NULL,1.0,38.70967741935484
https://www.adrianoimoveis.com.br/imovel/apartamento-florianopolis-2-quartos-55-m/AP0605-ADU9?from=rent,Apartamento,Coqueiros - Florianópolis - SCConjunto Residencial Argus,Florianópolis,Coqueiros,NULL,R$ 2.100/mês,2100.0,55.0,2.0,1.0,1.0,38.18181818181818
https://www.adrianoimoveis.com.br/imovel/kitnet-florianopolis-1-quarto-30-m/KN0091-ADU9?from=rent,Kitnet,Capoeiras - Florianópolis - SC,Florianópolis,Capoeiras,NULL,R$ 1.490/mês,1490.0,30.0,1.0,NULL,1.0,49.666666666666664
https://www.adrianoimoveis.com.br/imovel/apartamento-florianopolis-1-quarto-35-m/AP0762-ADU9?from=rent,Apartamento,Capoeiras - Florianópolis - SCPrédio Residencial,Florianópolis,Capoeiras,NULL,R$ 1.490/mês,1490.0,35.0,1.0,NULL,1.0,42.57142857142857
https://www.adrianoimoveis.com.br/imovel/loja-florianopolis-247-m/LO0070-ADU9?from=rent,Loja,Coqueiros - Florianópolis - SC,Florianópolis,Coqueiros,NULL,R$ 6.000/mês,6000.0,246.5,NULL,NULL,NULL,24.34077079107505
https://www.adrianoimoveis.com.br/imovel/casa-florianopolis-5-quartos-220-m/CA0624-ADU9?from=rent,Casa,Bom Abrigo - Florianópolis - SC,Florianópolis,Bom Abrigo,NULL,R$ 15.000/mês,15000.0,220.0,5.0,4.0,7.0,68.18181818181819
https://www.adrianoimoveis.com.br/imovel/apartamento-florianopolis-3-quartos-74-m/AP0567-ADU9?from=rent,Apartamento,Capoeiras - Florianópolis - SCCondomínio Conjunto Residencial Excelsior II,Florianópolis,Capoeiras,NULL,R$ 2.490/mês,2490.0,74.37,3.0,1.0,1.0,33.48124243646632
https://www.adrianoimoveis.com.br/imovel/loja-florianopolis-52-m/LO0206-ADU9,Loja,Capoeiras - Florianópolis - SC,Florianópolis,Capoeiras,NULL,R$ 4.500/mês,4500.0,52.0,NULL,NULL,1.0,86.53846153846153
https://www.adrianoimoveis.com.br/imovel/apartamento-florianopolis-2-quartos-70-m/AP1233-ADU9,Apartamento,Capoeiras - Florianópolis - SCEdifício Tripoli,Florianópolis,Capoeiras,NULL,R$ 2.600/mês,2600.0,70.0,2.0,1.0,1.0,37.142857142857146
https://www.adrianoimoveis.com.br/imovel/loja-florianopolis-90-m/LO0002-ADU9,Loja,Estreito - Florianópolis - SC,Florianópolis,Estreito,NULL,R$ 2.290/mês,2290.0,90.0,NULL,NULL,2.0,25.444444444444443
https://www.adrianoimoveis.com.br/imovel/casa-florianopolis-5-quartos-398-m/CA0623-ADU9,Casa,Bom Abrigo - Florianópolis - SC,Florianópolis,Bom Abrigo,NULL,R$ 11.000/mês,11000.0,398.0,5.0,4.0,7.0,27.63819095477387
https://www.adrianoimoveis.com.br/imovel/loja-florianopolis-29-m/LO0119-ADU9,Loja,Estreito - Florianópolis - SC,Florianópolis,Estreito,NULL,R$ 4.300/mês,4300.0,28.69,NULL,NULL,2.0,149.87800627396305
https://www.adrianoimoveis.com.br/imovel/apartamento-florianopolis-1-quarto-35-m/AP0735-ADU9,Apartamento,Capoeiras - Florianópolis - SC,Florianópolis,Capoeiras,NULL,R$ 1.590/mês,1590.0,35.0,1.0,NULL,1.0,45.42857142857143
https://www.adrianoimoveis.com.br/imovel/casa-florianopolis-1-quarto-48-m/CA0241-ADU9,Casa,Ingleses do Rio Vermelho - Florianópolis - SC,Florianópolis,Ingleses Do Rio Vermelho,NULL,R$ 1.790/mês,1790.0,48.0,1.0,NULL,1.0,37.291666666666664
https://www.adrianoimoveis.com.br/imovel/predio-florianopolis-400-m/PR0007-ADU9,Prédio,Jardim Atlântico - Florianópolis - SC,Florianópolis,Jardim Atlântico,NULL,R$ 14.000/mês,14000.0,400.0,NULL,10.0,5.0,35.0
https://www.adrianoimoveis.com.br/imovel/apartamento-florianopolis-2-quartos-70-m/AP0296-ADU9,Apartamento,Capoeiras - Florianópolis - SCEdifício Tripoli,Florianópolis,Capoeiras,NULL,R$ 2.750/mês,2750.0,70.0,2.0,1.0,1.0,39.285714285714285
https://www.adrianoimoveis.com.br/imovel/apartamento-florianopolis-2-quartos-70-m/AP1277-ADU9,Apartamento,Capoeiras - Florianópolis - SCEdifício Tripoli,Florianópolis,Capoeiras,NULL,R$ 2.850/mês,2850.0,70.0,2.0,1.0,1.0,40.714285714285715
https://www.adrianoimoveis.com.br/imovel/apartamento-florianopolis-2-quartos-70-m/AP1276-ADU9,Apartamento,Capoeiras - Florianópolis - SCEdifício Tripoli,Florianópolis,Capoeiras,NULL,R$ 2.850/mês,2850.0,70.0,2.0,1.0,1.0,40.714285714285715
https://www.adrianoimoveis.com.br/imovel/apartamento-florianopolis-2-quartos-70-m/AP1275-ADU9,Apartamento,Capoeiras - Florianópolis - SCEdifício Tripoli,Florianópolis,Capoeiras,NULL,R$ 2.850/mês,2850.0,70.0,2.0,1.0,1.0,40.714285714285715
https://www.adrianoimoveis.com.br/imovel/sala-florianopolis-25-m/SA0008-ADU9,Sala,Estreito - Florianópolis - SCCondomínio Edifício Continental Center,Florianópolis,Estreito,NULL,R$ 1.000/mês,1000.0,25.0,NULL,NULL,1.0,40.0
https://www.adrianoimoveis.com.br/imovel/apartamento-florianopolis-2-quartos-69-m/AP1256-ADU9,Apartamento,Capoeiras - Florianópolis - SCEdifício Residencial e Comercial Copenhague,Florianópolis,Capoeiras,NULL,R$ 2.890/mês,2890.0,69.11,2.0,1.0,1.0,41.81739256258139
https://www.adrianoimoveis.com.br/imovel/apartamento-florianopolis-2-quartos-62-m/AP1249-ADU9,Apartamento,Coqueiros - Florianópolis - SCResidencial Albatroz,Florianópolis,Coqueiros,NULL,R$ 2.550/mês,2550.0,62.0,2.0,NULL,1.0,41.12903225806452
https://www.adrianoimoveis.com.br/imovel/apartamento-florianopolis-3-quartos-85-m/AP0363-ADU9,Apartamento,Estreito - Florianópolis - SCCondomínio Edifício Residencial Dona Maria de Lourdes,Florianópolis,Estreito,NULL,R$ 2.690/mês,2690.0,85.0,3.0,1.0,2.0,31.647058823529413
https://www.adrianoimoveis.com.br/imovel/apartamento-florianopolis-3-quartos-55-m/AP0564-ADU9,Apartamento,Monte Cristo - Florianópolis - SCConjunto Habitacional Panorama,Florianópolis,Monte Cristo,NULL,R$ 1.790/mês,1790.0,55.0,3.0,1.0,1.0,32.54545454545455
https://www.adrianoimoveis.com.br/imovel/loja-florianopolis-27-m/LO0083-ADU9,Loja,Capoeiras - Florianópolis - SC,Florianópolis,Capoeiras,NULL,R$ 1.800/mês,1800.0,27.0,NULL,NULL,1.0,66.66666666666667
https://www.adrianoimoveis.com.br/imovel/loja-florianopolis-34-m/LO0197-ADU9,Loja,Capoeiras - Florianópolis - SC,Florianópolis,Capoeiras,NULL,R$ 3.000/mês,3000.0,34.0,NULL,NULL,2.0,88.23529411764706
https://www.adrianoimoveis.com.br/imovel/apartamento-florianopolis-1-quarto-50-m/AP0464-ADU9,Apartamento,Estreito - Florianópolis - SCResidencial Muller,Florianópolis,Estreito,NULL,R$ 2.050/mês,2050.0,50.0,1.0,1.0,1.0,41.0
https://www.adrianoimoveis.com.br/imovel/loja-florianopolis-30-m/LO0144-ADU9,Loja,Jardim Atlântico - Florianópolis - SC,Florianópolis,Jardim Atlântico,NULL,R$ 1.500/mês,1500.0,30.0,NULL,1.0,1.0,50.0
https://www.adrianoimoveis.com.br/imovel/casa-florianopolis-4-quartos-220-m/CA0671-ADU9,Casa,Capoeiras - Florianópolis - SC,Florianópolis,Capoeiras,NULL,R$ 5.990/mês,5990.0,220.0,4.0,5.0,3.0,27.227272727272727
https://www.adrianoimoveis.com.br/imovel/apartamento-florianopolis-1-quarto-32-m/AP0288-ADU9,Apartamento,Capoeiras - Florianópolis - SCResidencial Plaza Mediterranne,Florianópolis,Capoeiras,NULL,R$ 1.600/mês,1600.0,31.62,1.0,NULL,1.0,50.60088551549652
https://www.adrianoimoveis.com.br/imovel/apartamento-florianopolis-1-quarto-38-m/AP0367-ADU9,Apartamento,Centro - Florianópolis - SCPrédio Residencial,Florianópolis,Centro,NULL,R$ 1.790/mês,1790.0,38.0,1.0,NULL,1.0,47.10526315789474
https://www.adrianoimoveis.com.br/imovel/apartamento-florianopolis-3-quartos-99-m/AP1226-ADU9,Apartamento,Capoeiras - Florianópolis - SCEdifício Residencial Figueiras,Florianópolis,Capoeiras,NULL,R$ 2.990/mês,2990.0,98.78,3.0,2.0,2.0,30.269285280421137
https://www.adrianoimoveis.com.br/imovel/apartamento-florianopolis-3-quartos-116-m/AP0290-ADU9,Apartamento,Capoeiras - Florianópolis - SCEdifício Residencial e Comercial Copenhague,Florianópolis,Capoeiras,NULL,R$ 3.490/mês,3490.0,116.24,3.0,2.0,2.0,30.02408809359945
https://www.adrianoimoveis.com.br/imovel/kitnet-florianopolis-1-quarto-25-m/KN0092-ADU9,Kitnet,Capoeiras - Florianópolis - SC,Florianópolis,Capoeiras,NULL,R$ 1.300/mês,1300.0,25.0,1.0,NULL,1.0,52.0
https://www.adrianoimoveis.com.br/imovel/casa-florianopolis-2-quartos-80-m/CA0568-ADU9,Casa,Jardim Atlântico - Florianópolis - SC,Florianópolis,Jardim Atlântico,NULL,R$ 2.500/mês,2500.0,80.0,2.0,1.0,1.0,31.25
https://www.adrianoimoveis.com.br/imovel/apartamento-florianopolis-2-quartos-47-m/AP1279-ADU9,Apartamento,Capoeiras - Florianópolis - SCCondomínio Residencial Anita Garibaldi,Florianópolis,Capoeiras,NULL,R$ 2.200/mês,2200.0,46.79,2.0,1.0,1.0,47.01859371660611
https://www.adrianoimoveis.com.br/imovel/kitnet-florianopolis-1-quarto-13-m/KN0076-ADU9,Kitnet,Capoeiras - Florianópolis - SC,Florianópolis,Capoeiras,NULL,R$ 1.200/mês,1200.0,13.0,1.0,1.0,1.0,92.3076923076923
https://www.adrianoimoveis.com.br/imovel/apartamento-florianopolis-4-quartos-152-m/AP1222-ADU9,Apartamento,Coqueiros - Florianópolis - SCCondomínio Residencial Rosemiriam,Florianópolis,Coqueiros,NULL,R$ 7.990/mês,7990.0,152.21,4.0,1.0,3.0,52.49326588266211
https://www.adrianoimoveis.com.br/imovel/loja-florianopolis-35-m/LO0186-ADU9,Loja,Capoeiras - Florianópolis - SC,Florianópolis,Capoeiras,NULL,R$ 1.590/mês,1590.0,35.0,NULL,1.0,1.0,45.42857142857143
https://www.adrianoimoveis.com.br/imovel/apartamento-florianopolis-2-quartos-60-m/AP1280-ADU9,Apartamento,Estreito - Florianópolis - SCResidencial Sumaré,Florianópolis,Estreito,NULL,R$ 2.500/mês,2500.0,60.1,2.0,1.0,1.0,41.597337770382694
https://www.adrianoimoveis.com.br/imovel/casa-florianopolis-3-quartos-86-m/CA0611-ADU9,Casa,Capoeiras - Florianópolis - SC,Florianópolis,Capoeiras,NULL,R$ 3.990/mês,3990.0,86.0,3.0,1.0,1.0,46.395348837209305
https://www.adrianoimoveis.com.br/imovel/casa-florianopolis-3-quartos-86-m/CA0610-ADU9,Casa,Capoeiras - Florianópolis - SC,Florianópolis,Capoeiras,NULL,R$ 3.390/mês,3390.0,86.0,3.0,1.0,1.0,39.41860465116279
https://www.adrianoimoveis.com.br/imovel/sala-florianopolis-31-m/SA0085-ADU9,Sala,Capoeiras - Florianópolis - SCEdifício Comercial Deschamps Office,Florianópolis,Capoeiras,NULL,R$ 1.390/mês,1390.0,30.5,NULL,NULL,1.0,45.57377049180328
https://www.adrianoimoveis.com.br/imovel/casa-florianopolis-2-quartos-70-m/CA0657-ADU9,Casa,Jardim Atlântico - Florianópolis - SC,Florianópolis,Jardim Atlântico,NULL,R$ 2.500/mês,2500.0,70.0,2.0,1.0,1.0,35.714285714285715
https://www.adrianoimoveis.com.br/imovel/casa-florianopolis-1-quarto-60-m/CA0171-ADU9,Casa,Jardim Atlântico - Florianópolis - SC,Florianópolis,Jardim Atlântico,NULL,R$ 1.690/mês,1690.0,60.0,1.0,1.0,1.0,28.166666666666668
https://www.adrianoimoveis.com.br/imovel/loja-florianopolis-35-m/LO0159-ADU9,Loja,Capoeiras - Florianópolis - SC,Florianópolis,Capoeiras,NULL,R$ 1.650/mês,1650.0,35.0,NULL,1.0,1.0,47.142857142857146
https://www.adrianoimoveis.com.br/imovel/casa-florianopolis-3-quartos-90-m/CA0362-ADU9,Casa,Jardim Atlântico - Florianópolis - SC,Florianópolis,Jardim Atlântico,NULL,R$ 2.600/mês,2600.0,90.0,3.0,1.0,1.0,28.88888888888889
https://www.adrianoimoveis.com.br/imovel/kitnet-florianopolis-1-quarto-22-m/KN0088-ADU9,Kitnet,Jardim Atlântico - Florianópolis - SC,Florianópolis,Jardim Atlântico,NULL,R$ 1.600/mês,1600.0,22.0,1.0,1.0,1.0,72.72727272727273
https://www.adrianoimoveis.com.br/imovel/kitnet-florianopolis-1-quarto-18-m/KN0086-ADU9,Kitnet,Jardim Atlântico - Florianópolis - SC,Florianópolis,Jardim Atlântico,NULL,R$ 1.500/mês,1500.0,18.0,1.0,1.0,1.0,83.33333333333333
https://www.adrianoimoveis.com.br/imovel/kitnet-florianopolis-1-quarto-18-m/KN0089-ADU9,Kitnet,Jardim Atlântico - Florianópolis - SC,Florianópolis,Jardim Atlântico,NULL,R$ 1.500/mês,1500.0,18.0,1.0,1.0,1.0,83.33333333333333
https://www.adrianoimoveis.com.br/imovel/kitnet-florianopolis-1-quarto-22-m/KN0087-ADU9,Kitnet,Jardim Atlântico - Florianópolis - SC,Florianópolis,Jardim Atlântico,NULL,R$ 1.600/mês,1600.0,22.0,1.0,1.0,1.0,72.72727272727273
https://www.adrianoimoveis.com.br/imovel/kitnet-florianopolis-1-quarto-32-m/KN0085-ADU9?from=sale,Kitnet,Capoeiras - Florianópolis - SCResidencial Plaza Mediterranne,Florianópolis,Capoeiras,NULL,R$ 278.000,278000.0,31.62,1.0,1.0,1.0,8791.90385831752
https://www.adrianoimoveis.com.br/imovel/predio-florianopolis-340-m/PR0005-ADU9?from=sale,Prédio,Coqueiros - Florianópolis - SC,Florianópolis,Coqueiros,NULL,R$ 3.500.000,3500000.0,340.0,NULL,NULL,4.0,10294.117647058823
https://www.adrianoimoveis.com.br/imovel/loja-florianopolis-38-m/LO0068-ADU9?from=sale,Loja,Centro - Florianópolis - SC,Florianópolis,Centro,NULL,R$ 398.500,398500.0,38.0,NULL,NULL,NULL,10486.842105263158
https://www.adrianoimoveis.com.br/imovel/casa-florianopolis-4-quartos-99-m/CA0513-ADU9?from=sale,Casa,Jardim Atlântico - Florianópolis - SC,Florianópolis,Jardim Atlântico,NULL,R$ 570.000,570000.0,99.0,4.0,2.0,2.0,5757.575757575758
https://www.adrianoimoveis.com.br/imovel/casa-florianopolis-3-quartos-177-m/CA0648-ADU9?from=sale,Casa,Capoeiras - Florianópolis - SC,Florianópolis,Capoeiras,NULL,R$ 1.850.000,1850000.0,177.0,3.0,6.0,2.0,10451.977401129943
https://www.adrianoimoveis.com.br/imovel/casa-florianopolis-4-quartos-119-m/CA0179-ADU9?from=sale,Casa,Ingleses - Florianópolis - SC,Florianópolis,Ingleses,NULL,R$ 590.000,590000.0,118.72,4.0,1.0,2.0,4969.676549865229
https://www.adrianoimoveis.com.br/imovel/sala-florianopolis-30-m/SA0125-ADU9?from=sale,Sala,Capoeiras - Florianópolis - SCContinente Office Prime,Florianópolis,Capoeiras,NULL,R$ 230.000,230000.0,30.0,NULL,1.0,NULL,7666.666666666667
https://www.adrianoimoveis.com.br/imovel/casa-florianopolis-5-quartos-307-m/CA0064-ADU9?from=sale,Casa,Bom Abrigo - Florianópolis - SC,Florianópolis,Bom Abrigo,NULL,R$ 1.400.000,1400000.0,307.0,5.0,6.0,4.0,4560.260586319218
https://www.adrianoimoveis.com.br/imovel/casa-florianopolis-5-quartos-290-m/CA0577-ADU9?from=sale,Casa,Capoeiras - Florianópolis - SC,Florianópolis,Capoeiras,NULL,R$ 900.000,900000.0,290.0,5.0,4.0,4.0,3103.448275862069
https://www.adrianoimoveis.com.br/imovel/sala-florianopolis-32-m/SA0082-ADU9?from=sale,Sala,Capoeiras - Florianópolis - SCEdifício Comercial Deschamps Office,Florianópolis,Capoeiras,NULL,R$ 195.000,195000.0,32.11,NULL,NULL,NULL,6072.8744939271255
https://www.adrianoimoveis.com.br/imovel/apartamento-florianopolis-2-quartos-77-m/AP0984-ADU9?from=sale,Apartamento,Capoeiras - Florianópolis - SC,Florianópolis,Capoeiras,NULL,R$ 750.000,750000.0,76.75,2.0,2.0,1.0,9771.98697068404
https://www.adrianoimoveis.com.br/imovel/sala-florianopolis-82-m/SA0146-ADU9,Sala,Capoeiras - Florianópolis - SCEdifício Comercial Deschamps Office,Florianópolis,Capoeiras,NULL,R$ 480.000,480000.0,82.42,NULL,NULL,NULL,5823.829167677748
https://www.adrianoimoveis.com.br/imovel/terreno-florianopolis-1-042-m/TE0065-ADU9,Terreno,Capoeiras - Florianópolis - SC,Florianópolis,Capoeiras,NULL,R$ 2.800.000,2800000.0,1042.4,NULL,NULL,NULL,2686.1089792785874
https://www.adrianoimoveis.com.br/imovel/sala-florianopolis-48-m/SA0026-ADU9,Sala,Centro - Florianópolis - SCEdifício Igor,Florianópolis,Centro,NULL,R$ 299.000,299000.0,48.0,NULL,1.0,1.0,6229.166666666667
https://www.adrianoimoveis.com.br/imovel/apartamento-florianopolis-2-quartos-62-m/AP0592-ADU9,Apartamento,Canto - Florianópolis - SCCondomínio Bairro de Fátima,Florianópolis,Canto,NULL,R$ 350.000,350000.0,61.57,2.0,1.0,1.0,5684.586649342212
https://www.adrianoimoveis.com.br/imovel/sala-florianopolis-163-m/SA0064-ADU9,Sala,Capoeiras - Florianópolis - SCEdifício Comercial Deschamps Office,Florianópolis,Capoeiras,NULL,R$ 1.025.000,1025000.0,163.32,NULL,NULL,NULL,6276.022532451629
https://www.adrianoimoveis.com.br/imovel/apartamento-florianopolis-2-quartos-59-m/AP1085-ADU9,Apartamento,Estreito - Florianópolis - SCResidencial Verde Mar,Florianópolis,Estreito,NULL,R$ 500.000,500000.0,58.57,2.0,1.0,1.0,8536.793580331228
https://www.adrianoimoveis.com.br/imovel/casa-florianopolis-3-quartos-137-m/CA0448-ADU9,Casa,Capoeiras - Florianópolis - SC,Florianópolis,Capoeiras,NULL,R$ 1.250.000,1250000.0,137.25,3.0,4.0,2.0,9107.468123861567
https://www.adrianoimoveis.com.br/imovel/terreno-florianopolis-140-m/TE0088-ADU9,Terreno,Capoeiras - Florianópolis - SC,Florianópolis,Capoeiras,NULL,R$ 360.000,360000.0,139.5,NULL,NULL,NULL,2580.6451612903224
https://www.adrianoimoveis.com.br/imovel/apartamento-florianopolis-2-quartos-47-m/AP1208-ADU9,Apartamento,Capoeiras - Florianópolis - SCCondomínio Residencial Anita Garibaldi,Florianópolis,Capoeiras,NULL,R$ 319.000,319000.0,46.79,2.0,1.0,1.0,6817.696088907886
https://www.adrianoimoveis.com.br/imovel/apartamento-florianopolis-3-quartos-73-m/AP1253-ADU9,Apartamento,Canto - Florianópolis - SC,Florianópolis,Canto,NULL,R$ 495.000,495000.0,72.71,3.0,1.0,1.0,6807.866868381241
https://www.adrianoimoveis.com.br/imovel/terreno-florianopolis-240-m/TE0066-ADU9,Terreno,Capoeiras - Florianópolis - SC,Florianópolis,Capoeiras,NULL,R$ 450.000,450000.0,240.0,NULL,NULL,NULL,1875.0
https://www.adrianoimoveis.com.br/imovel/apartamento-florianopolis-1-quarto-52-m/AP1156-ADU9,Apartamento,Capoeiras - Florianópolis - SCResidencial Plaza Mediterranne,Florianópolis,Capoeiras,NULL,R$ 340.000,340000.0,51.5,1.0,1.0,1.0,6601.941747572816
https://www.adrianoimoveis.com.br/imovel/apartamento-florianopolis-3-quartos-70-m/AP0356-ADU9,Apartamento,Jardim Atlântico - Florianópolis - SCCondomínio Conjunto Habitacional Itaguaçu,Florianópolis,Jardim Atlântico,NULL,R$ 320.000,320000.0,70.0,3.0,1.0,1.0,4571.428571428572
https://www.adrianoimoveis.com.br/imovel/casa-florianopolis-4-quartos-200-m/CA0384-ADU9,Casa,Capoeiras - Florianópolis - SC,Florianópolis,Capoeiras,NULL,R$ 957.000,957000.0,200.0,4.0,2.0,4.0,4785.0
https://www.adrianoimoveis.com.br/imovel/apartamento-florianopolis-3-quartos-65-m/AP1160-ADU9,Apartamento,Estreito - Florianópolis - SCResidencial Sumaré,Florianópolis,Estreito,NULL,R$ 530.000,530000.0,65.14,3.0,1.0,1.0,8136.321768498618
https://www.adrianoimoveis.com.br/imovel/apartamento-florianopolis-2-quartos-79-m/AP1157-ADU9,Apartamento,Capoeiras - Florianópolis - SCResidencial Plaza Mediterranne,Florianópolis,Capoeiras,NULL,R$ 398.000,398000.0,79.0,2.0,NULL,1.0,5037.974683544304
https://www.adrianoimoveis.com.br/imovel/predio-florianopolis-100-m/PR0002-ADU9,Prédio,Capoeiras - Florianópolis - SC,Florianópolis,Capoeiras,NULL,R$ 840.000,840000.0,100.0,NULL,6.0,NULL,8400.0
https://www.adrianoimoveis.com.br/imovel/casa-florianopolis-3-quartos-265-m/CA0601-ADU9,Casa,Capoeiras - Florianópolis - SC,Florianópolis,Capoeiras,NULL,R$ 1.850.000,1850000.0,265.0,3.0,6.0,2.0,6981.132075471698
https://www.adrianoimoveis.com.br/imovel/apartamento-florianopolis-3-quartos-96-m/AP0891-ADU9,Apartamento,Centro - Florianópolis - SC,Florianópolis,Centro,NULL,R$ 1.200.000,1200000.0,95.57,3.0,1.0,2.0,12556.241498378153
https://www.adrianoimoveis.com.br/imovel/apartamento-florianopolis-3-quartos-179-m/AP0945-ADU9,Apartamento,Canto - Florianópolis - SC,Florianópolis,Canto,NULL,R$ 1.100.000,1100000.0,179.2,3.0,2.0,2.0,6138.392857142858
https://www.adrianoimoveis.com.br/imovel/casa-florianopolis-2-quartos-152-m/CA0673-ADU9,Casa,Capoeiras - Florianópolis - SC,Florianópolis,Capoeiras,NULL,R$ 1.070.000,1070000.0,152.0,2.0,1.0,2.0,7039.473684210527
https://www.adrianoimoveis.com.br/imovel/apartamento-florianopolis-2-quartos-69-m/AP0763-ADU9,Apartamento,Ingleses - Florianópolis - SCResidencial Netuno Triton,Florianópolis,Ingleses,NULL,R$ 320.000,320000.0,69.0,2.0,1.0,1.0,4637.68115942029
https://www.adrianoimoveis.com.br/imovel/casa-florianopolis-2-quartos-107-m/CA0655-ADU9,Casa,Capoeiras - Florianópolis - SC,Florianópolis,Capoeiras,NULL,R$ 550.000,550000.0,107.4,2.0,2.0,1.0,5121.042830540037
https://www.adrianoimoveis.com.br/imovel/casa-florianopolis-3-quartos-140-m/CA0514-ADU9,Casa,Capoeiras - Florianópolis - SC,Florianópolis,Capoeiras,NULL,R$ 1.300.000,1300000.0,140.0,3.0,2.0,2.0,9285.714285714286
https://www.adrianoimoveis.com.br/imovel/apartamento-florianopolis-1-quarto-52-m/AP1254-ADU9,Apartamento,Capoeiras - Florianópolis - SCResidencial Plaza Mediterranne,Florianópolis,Capoeiras,NULL,R$ 365.000,365000.0,51.5,1.0,NULL,2.0,7087.378640776699
https://www.adrianoimoveis.com.br/imovel/apartamento-florianopolis-2-quartos-52-m/AP1170-ADU9,Apartamento,Estreito - Florianópolis - SC,Florianópolis,Estreito,NULL,R$ 465.000,465000.0,51.86,2.0,1.0,1.0,8966.448129579638
https://www.adrianoimoveis.com.br/imovel/terreno-florianopolis-522-m/TE0087-ADU9,Terreno,Capoeiras - Florianópolis - SC,Florianópolis,Capoeiras,NULL,R$ 2.800.000,2800000.0,522.0,NULL,NULL,NULL,5363.984674329502
https://www.adrianoimoveis.com.br/imovel/casa-florianopolis-4-quartos-190-m/CA0539-ADU9,Casa,Capoeiras - Florianópolis - SC,Florianópolis,Capoeiras,NULL,R$ 1.300.000,1300000.0,190.0,4.0,2.0,3.0,6842.105263157895
https://www.adrianoimoveis.com.br/imovel/terreno-florianopolis-1-320-m/TE0089-ADU9,Terreno,Capoeiras - Florianópolis - SC,Florianópolis,Capoeiras,NULL,R$ 8.000.000,8000000.0,1320.0,NULL,NULL,NULL,6060.606060606061
https://www.adrianoimoveis.com.br/imovel/apartamento-florianopolis-73-m/AP1250-ADU9,Apartamento,Canto - Florianópolis - SC,Florianópolis,Canto,NULL,R$ 515.000,515000.0,72.71,NULL,NULL,NULL,7082.932196396645
https://www.adrianoimoveis.com.br/imovel/apartamento-florianopolis-3-quartos-81-m/AP0726-ADU9,Apartamento,Capoeiras - Florianópolis - SCEdifício Dona Ivone,Florianópolis,Capoeiras,NULL,R$ 600.000,600000.0,80.87,3.0,2.0,1.0,7419.314949919623
https://www.adrianoimoveis.com.br/imovel/casa-florianopolis-3-quartos-140-m/CA0600-ADU9,Casa,Coloninha - Florianópolis - SC,Florianópolis,Coloninha,NULL,R$ 890.000,890000.0,140.0,3.0,2.0,1.0,6357.142857142857
https://www.adrianoimoveis.com.br/imovel/casa-florianopolis-4-quartos-143-m/CA0651-ADU9,Casa,Capoeiras - Florianópolis - SC,Florianópolis,Capoeiras,NULL,R$ 1.000.000,1000000.0,143.27,4.0,NULL,2.0,6979.828296223913
https://www.adrianoimoveis.com.br/imovel/apartamento-palhoca-2-quartos-48-m/AP1168-ADU9?from=rent,Apartamento,Bela Vista - Palhoça - SCResidencial Orquídeas,Palhoça,Bela Vista,NULL,R$ 1.300/mês,1300.0,48.0,2.0,1.0,1.0,27.083333333333332
https://www.adrianoimoveis.com.br/imovel/terreno-palhoca-3-861-m/TE0073-ADU9?from=rent,Terreno,Guarda do Cubatão - Palhoça - SC,Palhoça,Guarda Do Cubatão,NULL,R$ 11.580/mês,11580.0,3860.64,NULL,NULL,NULL,2.999502673131916
https://www.adrianoimoveis.com.br/imovel/terreno-palhoca-5-100-m/TE0071-ADU9?from=rent,Terreno,Guarda do Cubatão - Palhoça - SC,Palhoça,Guarda Do Cubatão,NULL,R$ 15.300/mês,15300.0,5100.0,NULL,NULL,NULL,3.0
https://www.adrianoimoveis.com.br/imovel/terreno-palhoca-2-989-m/TE0072-ADU9?from=rent,Terreno,Guarda do Cubatão - Palhoça - SC,Palhoça,Guarda Do Cubatão,NULL,R$ 8.970/mês,8970.0,2989.18,NULL,NULL,NULL,3.000822968171873
https://www.adrianoimoveis.com.br/imovel/terreno-palhoca-2-868-m/TE0074-ADU9?from=rent,Terreno,Guarda do Cubatão - Palhoça - SC,Palhoça,Guarda Do Cubatão,NULL,R$ 8.600/mês,8600.0,2867.72,NULL,NULL,NULL,2.998898079310393
https://www.adrianoimoveis.com.br/imovel/terreno-palhoca-2-837-m/TE0075-ADU9?from=rent,Terreno,Guarda do Cubatão - Palhoça - SC,Palhoça,Guarda Do Cubatão,NULL,R$ 8.510/mês,8510.0,2837.04,NULL,NULL,NULL,2.999605222344415
https://www.adrianoimoveis.com.br/imovel/loja-palhoca-120-m/LO0199-ADU9?from=rent,Loja,Centro - Palhoça - SC,Palhoça,Centro,NULL,R$ 4.999/ano,4999.0,120.0,NULL,3.0,1.0,41.65833333333333
https://www.adrianoimoveis.com.br/imovel/apartamento-palhoca-3-quartos-88-m/AP1246-ADU9?from=rent,Apartamento,Praia da Pinheira - Palhoça - SCPrédio Residencial,Palhoça,Praia Da Pinheira,NULL,R$ 2.990/mês,2990.0,88.0,3.0,1.0,2.0,33.97727272727273
https://www.adrianoimoveis.com.br/imovel/apartamento-palhoca-2-quartos-52-m/AP1230-ADU9?from=rent,Apartamento,São Sebastião - Palhoça - SCFlores da Colina,Palhoça,São Sebastião,NULL,R$ 1.550/mês,1550.0,52.0,2.0,1.0,1.0,29.807692307692307
https://www.adrianoimoveis.com.br/imovel/apartamento-palhoca-2-quartos-67-m/AP0576-ADU9?from=rent,Apartamento,Centro - Palhoça - SCCondomínio Residencial Dona Délcia,Palhoça,Centro,NULL,R$ 2.400/mês,2400.0,66.8,2.0,1.0,2.0,35.92814371257485
https://www.adrianoimoveis.com.br/imovel/apartamento-palhoca-2-quartos-44-m/AP0541-ADU9?from=rent,Apartamento,Bela Vista - Palhoça - SCCondomínio Residencial Azaléias,Palhoça,Bela Vista,NULL,R$ 1.290/mês,1290.0,43.8,2.0,1.0,1.0,29.45205479452055
https://www.adrianoimoveis.com.br/imovel/apartamento-palhoca-2-quartos-50-m/AP0613-ADU9,Apartamento,Bela Vista - Palhoça - SCCondomínio Edifício Residencial Via Cambirela,Palhoça,Bela Vista,NULL,R$ 1.700/mês,1700.0,50.02,2.0,1.0,1.0,33.98640543782487
https://www.adrianoimoveis.com.br/imovel/terreno-palhoca-3-999-m/TE0076-ADU9,Terreno,Guarda do Cubatão - Palhoça - SC,Palhoça,Guarda Do Cubatão,NULL,R$ 11.997/mês,11997.0,3999.46,NULL,NULL,NULL,2.9996549534187116
https://www.adrianoimoveis.com.br/imovel/terreno-palhoca-4-004-m/TE0077-ADU9,Terreno,Guarda do Cubatão - Palhoça - SC,Palhoça,Guarda Do Cubatão,NULL,R$ 12.009/mês,12009.0,4003.66,NULL,NULL,NULL,2.999505452510953
https://www.adrianoimoveis.com.br/imovel/terreno-palhoca-10-000-m/TE0078-ADU9,Terreno,Guarda do Cubatão - Palhoça - SC,Palhoça,Guarda Do Cubatão,NULL,R$ 30.000/mês,30000.0,10000.0,NULL,NULL,NULL,3.0
https://www.adrianoimoveis.com.br/imovel/terreno-palhoca-11-603-m/TE0079-ADU9,Terreno,Guarda do Cubatão - Palhoça - SC,Palhoça,Guarda Do Cubatão,NULL,R$ 34.809/mês,34809.0,11603.0,NULL,NULL,NULL,3.0
https://www.adrianoimoveis.com.br/imovel/terreno-palhoca-3-004-m/TE0080-ADU9,Terreno,Guarda do Cubatão - Palhoça - SC,Palhoça,Guarda Do Cubatão,NULL,R$ 9.012/mês,9012.0,3004.0,NULL,NULL,NULL,3.0
https://www.adrianoimoveis.com.br/imovel/terreno-palhoca-3-085-m/TE0081-ADU9,Terreno,Guarda do Cubatão - Palhoça - SC,Palhoça,Guarda Do Cubatão,NULL,R$ 9.255/mês,9255.0,3085.0,NULL,NULL,NULL,3.0
https://www.adrianoimoveis.com.br/imovel/terreno-palhoca-3-101-m/TE0082-ADU9,Terreno,Guarda do Cubatão - Palhoça - SC,Palhoça,Guarda Do Cubatão,NULL,R$ 9.303/mês,9303.0,3101.0,NULL,NULL,NULL,3.0
https://www.adrianoimoveis.com.br/imovel/terreno-palhoca-1-091-m/TE0084-ADU9,Terreno,Guarda do Cubatão - Palhoça - SC,Palhoça,Guarda Do Cubatão,NULL,R$ 3.273/mês,3273.0,1091.0,NULL,NULL,NULL,3.0
https://www.adrianoimoveis.com.br/imovel/terreno-palhoca-7-456-m/TE0085-ADU9,Terreno,Guarda do Cubatão - Palhoça - SC,Palhoça,Guarda Do Cubatão,NULL,R$ 22.368/mês,22368.0,7456.0,NULL,NULL,NULL,3.0
https://www.adrianoimoveis.com.br/imovel/terreno-palhoca-3-101-m/TE0083-ADU9,Terreno,Guarda do Cubatão - Palhoça - SC,Palhoça,Guarda Do Cubatão,NULL,R$ 9.303/mês,9303.0,3101.0,NULL,NULL,NULL,3.0
https://www.adrianoimoveis.com.br/imovel/apartamento-palhoca-2-quartos-60-m/AP0861-ADU9?from=sale,Apartamento,Jardim Eldorado - Palhoça - SC,Palhoça,Jardim Eldorado,NULL,R$ 320.000,320000.0,60.45,2.0,1.0,1.0,5293.631100082713
https://www.adrianoimoveis.com.br/imovel/casa-palhoca-3-quartos-159-m/CA0625-ADU9?from=sale,Casa,Praia de Fora - Palhoça - SC,Palhoça,Praia De Fora,NULL,R$ 470.000,470000.0,159.1,3.0,4.0,3.0,2954.1169076052797
https://www.adrianoimoveis.com.br/imovel/casa-palhoca-2-quartos-86-m/CA0580-ADU9?from=sale,Casa,Maciambú (Ens Brito) - Palhoça - SC,Palhoça,Maciambú (Ens Brito),NULL,R$ 450.000,450000.0,86.0,2.0,6.0,2.0,5232.558139534884
https://www.adrianoimoveis.com.br/imovel/apartamento-sao-jose-1-quarto-40-m/AP1257-ADU9?from=rent,Apartamento,Praia Comprida - São José - SC,São José,Praia Comprida,NULL,R$ 1.390/mês,1390.0,40.0,1.0,NULL,1.0,34.75
https://www.adrianoimoveis.com.br/imovel/sala-sao-jose-75-m/SA0108-ADU9?from=rent,Sala,Forquilhinhas - São José - SCPrédio Comercial,São José,Forquilhinhas,NULL,R$ 1.900/mês,1900.0,75.0,NULL,NULL,1.0,25.333333333333332
https://www.adrianoimoveis.com.br/imovel/sala-sao-jose-20-m/SA0112-ADU9?from=rent,Sala,Barreiros - São José - SCEdifício Comercial Alessandra,São José,Barreiros,NULL,R$ 850/mês,850.0,20.0,NULL,1.0,NULL,42.5
https://www.adrianoimoveis.com.br/imovel/sala-sao-jose-30-m/SA0035-ADU9?from=rent,Sala,Barreiros - São José - SCEdifício Comercial Alessandra,São José,Barreiros,NULL,R$ 900/mês,900.0,30.0,NULL,1.0,1.0,30.0
https://www.adrianoimoveis.com.br/imovel/sala-sao-jose-35-m/SA0107-ADU9?from=rent,Sala,Barreiros - São José - SCEdifício Comercial Alessandra,São José,Barreiros,NULL,R$ 1.060/mês,1060.0,35.0,NULL,1.0,1.0,30.285714285714285
https://www.adrianoimoveis.com.br/imovel/sala-sao-jose-35-m/SA0011-ADU9?from=rent,Sala,Barreiros - São José - SCEdifício Comercial Alessandra,São José,Barreiros,NULL,R$ 1.099/mês,1099.0,35.0,NULL,1.0,NULL,31.4
https://www.adrianoimoveis.com.br/imovel/sala-sao-jose-40-m/SA0055-ADU9?from=rent,Sala,Barreiros - São José - SCEdifício Comercial Alessandra,São José,Barreiros,NULL,R$ 990/mês,990.0,40.0,NULL,1.0,1.0,24.75
https://www.adrianoimoveis.com.br/imovel/sala-sao-jose-35-m/SA0075-ADU9?from=rent,Sala,Barreiros - São José - SCEdifício Comercial Alessandra,São José,Barreiros,NULL,R$ 1.099/mês,1099.0,35.0,NULL,1.0,NULL,31.4
https://www.adrianoimoveis.com.br/imovel/casa-sao-jose-2-quartos-160-m/CA0071-ADU9?from=rent,Casa,Barreiros - São José - SC,São José,Barreiros,NULL,R$ 3.200/mês,3200.0,160.0,2.0,NULL,2.0,20.0
https://www.adrianoimoveis.com.br/imovel/apartamento-sao-jose-2-quartos-52-m/AP0805-ADU9?from=rent,Apartamento,Jardim Cidade de Florianópolis - São José - SC,São José,Jardim Cidade De Florianópolis,NULL,R$ 1.800/mês,1800.0,51.66,2.0,1.0,1.0,34.84320557491289
https://www.adrianoimoveis.com.br/imovel/apartamento-sao-jose-2-quartos-50-m/AP1289-ADU9?from=rent,Apartamento,Sertão do Maruim - São José - SCCondomínio Villagio Bella Vista,São José,Sertão Do Maruim,NULL,R$ 1.100/mês,1100.0,50.0,2.0,1.0,1.0,22.0
https://www.adrianoimoveis.com.br/imovel/sala-sao-jose-33-m/SA0089-ADU9?from=rent,Sala,Barreiros - São José - SC,São José,Barreiros,NULL,R$ 1.650/mês,1650.0,33.11,NULL,1.0,1.0,49.83388704318937
https://www.adrianoimoveis.com.br/imovel/loja-sao-jose-50-m/LO0205-ADU9,Loja,Praia Comprida - São José - SC,São José,Praia Comprida,NULL,R$ 2.890/mês,2890.0,50.0,NULL,2.0,1.0,57.8
https://www.adrianoimoveis.com.br/imovel/apartamento-sao-jose-2-quartos-68-m/AP1241-ADU9,Apartamento,Serraria - São José - SC,São José,Serraria,NULL,R$ 2.100/mês,2100.0,68.0,2.0,1.0,1.0,30.88235294117647
https://www.adrianoimoveis.com.br/imovel/apartamento-sao-jose-2-quartos-55-m/AP0882-ADU9,Apartamento,Campinas - São José - SCCondomínio Residencial Bourbon,São José,Campinas,NULL,R$ 1.900/mês,1900.0,55.08,2.0,1.0,1.0,34.49527959331881
https://www.adrianoimoveis.com.br/imovel/apartamento-sao-jose-1-quarto-47-m/AP0342-ADU9,Apartamento,Forquilhinhas - São José - SCEdifício Maria Caetano de Melo,São José,Forquilhinhas,NULL,R$ 1.650/mês,1650.0,47.0,1.0,1.0,1.0,35.1063829787234
https://www.adrianoimoveis.com.br/imovel/casa-sao-jose-2-quartos-130-m/CA0674-ADU9,Casa,Potecas - São José - SC,São José,Potecas,NULL,R$ 3.000/mês,3000.0,130.0,2.0,4.0,3.0,23.076923076923077
https://www.adrianoimoveis.com.br/imovel/casa-sao-jose-3-quartos-130-m/CA0182-ADU9,Casa,Bela Vista - São José - SC,São José,Bela Vista,NULL,R$ 4.600/mês,4600.0,130.0,3.0,1.0,3.0,35.38461538461539
https://www.adrianoimoveis.com.br/imovel/apartamento-sao-jose-2-quartos-50-m/AP0622-ADU9,Apartamento,Bela Vista - São José - SCAlto Bela Vista,São José,Bela Vista,NULL,R$ 1.500/mês,1500.0,50.0,2.0,1.0,1.0,30.0
https://www.adrianoimoveis.com.br/imovel/apartamento-sao-jose-2-quartos-59-m/AP1286-ADU9,Apartamento,Nossa Senhora do Rosário - São José - SC,São José,Nossa Senhora Do Rosário,NULL,R$ 2.490/mês,2490.0,59.0,2.0,1.0,1.0,42.20338983050848
https://www.adrianoimoveis.com.br/imovel/apartamento-sao-jose-2-quartos-62-m/AP1273-ADU9,Apartamento,Ipiranga - São José - SCResidencial Palazio,São José,Ipiranga,NULL,R$ 2.300/mês,2300.0,62.0,2.0,1.0,1.0,37.096774193548384
https://www.adrianoimoveis.com.br/imovel/loja-sao-jose-80-m/LO0139-ADU9,Loja,Picadas do Sul - São José - SC,São José,Picadas Do Sul,NULL,R$ 2.950/mês,2950.0,79.83,NULL,NULL,1.0,36.95352624326694
https://www.adrianoimoveis.com.br/imovel/loja-sao-jose-13-m/LO0178-ADU9,Loja,Forquilhinhas - São José - SC,São José,Forquilhinhas,NULL,R$ 1.400/mês,1400.0,13.0,NULL,NULL,1.0,107.6923076923077
https://www.adrianoimoveis.com.br/imovel/apartamento-sao-jose-2-quartos-58-m/AP0619-ADU9,Apartamento,Fazenda Santo Antônio - São José - SCResidencial Max Village,São José,Fazenda Santo Antônio,NULL,R$ 2.700/mês,2700.0,57.73,2.0,1.0,1.0,46.769443963277325
https://www.adrianoimoveis.com.br/imovel/casa-sao-jose-3-quartos-85-m/CA0614-ADU9,Casa,Praia Comprida - São José - SC,São José,Praia Comprida,NULL,R$ 2.200/mês,2200.0,85.0,3.0,1.0,1.0,25.88235294117647
https://www.adrianoimoveis.com.br/imovel/casa-sao-jose-2-quartos-72-m/CA0054-ADU9,Casa,Kobrasol - São José - SC,São José,Kobrasol,NULL,R$ 3.000/mês,3000.0,72.0,2.0,2.0,1.0,41.666666666666664
https://www.adrianoimoveis.com.br/imovel/apartamento-sao-jose-2-quartos-86-m/AP1245-ADU9,Apartamento,Forquilhinhas - São José - SCResidencial Jair Marques,São José,Forquilhinhas,NULL,R$ 2.690/mês,2690.0,86.0,2.0,1.0,2.0,31.27906976744186
https://www.adrianoimoveis.com.br/imovel/apartamento-sao-jose-1-quarto-50-m/AP1270-ADU9,Apartamento,Barreiros - São José - SC,São José,Barreiros,NULL,R$ 1.590/mês,1590.0,50.0,1.0,NULL,1.0,31.8
https://www.adrianoimoveis.com.br/imovel/loja-sao-jose-90-m/LO0065-ADU9,Loja,Ipiranga - São José - SC,São José,Ipiranga,NULL,R$ 2.890/mês,2890.0,90.0,NULL,NULL,1.0,32.111111111111114
https://www.adrianoimoveis.com.br/imovel/loja-sao-jose-40-m/LO0207-ADU9,Loja,Picadas do Sul - São José - SCPrédio Residencial e Comercial,São José,Picadas Do Sul,NULL,R$ 1.390/mês,1390.0,40.0,NULL,1.0,1.0,34.75
https://www.adrianoimoveis.com.br/imovel/apartamento-sao-jose-1-quarto-46-m/AP1051-ADU9,Apartamento,Roçado - São José - SCResidencial Liliane,São José,Roçado,NULL,R$ 1.890/mês,1890.0,45.74,1.0,NULL,1.0,41.32050721469174
https://www.adrianoimoveis.com.br/imovel/apartamento-sao-jose-2-quartos-58-m/AP0985-ADU9,Apartamento,Forquilhas - São José - SCResidencial Aníbal Guarezi,São José,Forquilhas,NULL,R$ 1.790/mês,1790.0,57.8,2.0,1.0,1.0,30.96885813148789
https://www.adrianoimoveis.com.br/imovel/casa-sao-jose-2-quartos-54-m/CA0454-ADU9,Casa,Potecas - São José - SA,São José,Potecas,NULL,R$ 2.490/mês,2490.0,54.0,2.0,1.0,1.0,46.111111111111114
https://www.adrianoimoveis.com.br/imovel/sala-sao-jose-25-m/SA0127-ADU9,Sala,Barreiros - São José - SC,São José,Barreiros,NULL,R$ 1.690/mês,1690.0,24.9,NULL,1.0,1.0,67.8714859437751
https://www.adrianoimoveis.com.br/imovel/casa-sao-jose-5-quartos-350-m/CA0661-ADU9,Casa,Kobrasol - São José - SC,São José,Kobrasol,NULL,R$ 6.900/mês,6900.0,350.0,5.0,5.0,1.0,19.714285714285715
https://www.adrianoimoveis.com.br/imovel/loja-sao-jose-13-m/LO0179-ADU9,Loja,Forquilhinhas - São José - SC,São José,Forquilhinhas,NULL,R$ 1.400/mês,1400.0,13.0,NULL,NULL,1.0,107.6923076923077
https://www.adrianoimoveis.com.br/imovel/apartamento-sao-jose-2-quartos-47-m/AP0980-ADU9,Apartamento,Serraria - São José - SCCondomínio Village Das Ilhas,São José,Serraria,NULL,R$ 1.700/mês,1700.0,47.39,2.0,1.0,1.0,35.87254695083351
https://www.adrianoimoveis.com.br/imovel/apartamento-sao-jose-2-quartos-43-m/AP1252-ADU9,Apartamento,Forquilhas - São José - SCResidencial Flores do Vale,São José,Forquilhas,NULL,R$ 1.500/mês,1500.0,43.14,2.0,2.0,1.0,34.770514603616135
https://www.adrianoimoveis.com.br/imovel/apartamento-sao-jose-3-quartos-72-m/AP1205-ADU9,Apartamento,Areias - São José - SCResidencial Ilhas do Norte,São José,Areias,NULL,R$ 2.490/mês,2490.0,71.98,3.0,1.0,1.0,34.59294248402334
https://www.adrianoimoveis.com.br/imovel/apartamento-sao-jose-2-quartos-65-m/AP0183-ADU9,Apartamento,Barreiros - São José - SCResidencial Michelle,São José,Barreiros,NULL,R$ 2.100/mês,2100.0,65.0,2.0,1.0,1.0,32.30769230769231
https://www.adrianoimoveis.com.br/imovel/galpao-sao-jose-410-m/GA0045-ADU9,Galpão,Campinas - São José - SC,São José,Campinas,NULL,R$ 10.900/mês,10900.0,410.0,NULL,NULL,4.0,26.585365853658537
https://www.adrianoimoveis.com.br/imovel/apartamento-sao-jose-2-quartos-86-m/AP1227-ADU9,Apartamento,Forquilhinhas - São José - SCResidencial Jair Marques,São José,Forquilhinhas,NULL,R$ 2.590/mês,2590.0,86.0,2.0,1.0,2.0,30.11627906976744
https://www.adrianoimoveis.com.br/imovel/apartamento-sao-jose-2-quartos-86-m/AP1243-ADU9,Apartamento,Forquilhinhas - São José - SCResidencial Jair Marques,São José,Forquilhinhas,NULL,R$ 2.590/mês,2590.0,86.0,2.0,1.0,2.0,30.11627906976744
https://www.adrianoimoveis.com.br/imovel/apartamento-sao-jose-1-quarto-45-m/AP0899-ADU9,Apartamento,Kobrasol - São José - SCCondomínio Edifício Sandri,São José,Kobrasol,NULL,R$ 1.590/mês,1590.0,45.0,1.0,NULL,1.0,35.333333333333336
https://www.adrianoimoveis.com.br/imovel/apartamento-sao-jose-2-quartos-60-m/AP1264-ADU9,Apartamento,Areias - São José - SCResidencial Ilhas do Norte,São José,Areias,NULL,R$ 1.700/mês,1700.0,60.0,2.0,1.0,1.0,28.333333333333332
https://www.adrianoimoveis.com.br/imovel/casa-sao-jose-6-quartos-112-m/CA0538-ADU9,Casa,Bela Vista - São José - SCAlto Bela Vista,São José,Bela Vista,NULL,R$ 3.990/mês,3990.0,112.0,6.0,8.0,1.0,35.625
https://www.adrianoimoveis.com.br/imovel/apartamento-sao-jose-2-quartos-60-m/AP1260-ADU9,Apartamento,Barreiros - São José - SCCondomínio Residencial Santa Paulina,São José,Barreiros,NULL,R$ 2.690/mês,2690.0,60.0,2.0,1.0,1.0,44.833333333333336
https://www.adrianoimoveis.com.br/imovel/apartamento-sao-jose-2-quartos-60-m/AP1225-ADU9,Apartamento,Areias - São José - SCResidencial Ilhas do Norte,São José,Areias,NULL,R$ 1.600/mês,1600.0,60.0,2.0,1.0,1.0,26.666666666666668
https://www.adrianoimoveis.com.br/imovel/apartamento-sao-jose-2-quartos-65-m/AP0204-ADU9,Apartamento,Barreiros - São José - SCResidencial Madre Paulina,São José,Barreiros,NULL,R$ 2.490/mês,2490.0,65.0,2.0,1.0,1.0,38.30769230769231
https://www.adrianoimoveis.com.br/imovel/apartamento-sao-jose-2-quartos-61-m/AP1255-ADU9,Apartamento,Nossa Senhora do Rosário - São José - SCEdifício Maria Carolina,São José,Nossa Senhora Do Rosário,NULL,R$ 2.390/mês,2390.0,60.8,2.0,1.0,1.0,39.309210526315795
https://www.adrianoimoveis.com.br/imovel/terreno-sao-jose-302-m/TE0090-ADU9,Terreno,Forquilhinhas - São José - SC,São José,Forquilhinhas,NULL,R$ 2.000/mês,2000.0,302.0,NULL,NULL,NULL,6.622516556291391
https://www.adrianoimoveis.com.br/imovel/apartamento-sao-jose-1-quarto-42-m/AP1268-ADU9,Apartamento,Kobrasol - São José - SCCondomínio Edifício Torre de Marfim,São José,Kobrasol,NULL,R$ 2.390/mês,2390.0,42.0,1.0,NULL,1.0,56.904761904761905
https://www.adrianoimoveis.com.br/imovel/apartamento-sao-jose-2-quartos-59-m/AP0068-ADU9,Apartamento,Fazenda Santo Antônio - São José - SCResidencial Max Village,São José,Fazenda Santo Antônio,NULL,R$ 2.490/mês,2490.0,59.0,2.0,1.0,1.0,42.20338983050848
https://www.adrianoimoveis.com.br/imovel/casa-sao-jose-2-quartos-52-m/CA0662-ADU9,Casa,Barreiros - São José - SC,São José,Barreiros,NULL,R$ 2.300/mês,2300.0,52.0,2.0,1.0,1.0,44.23076923076923
https://www.adrianoimoveis.com.br/imovel/loja-sao-jose-60-m/LO0196-ADU9,Loja,Barreiros - São José - SC,São José,Barreiros,NULL,R$ 3.800/mês,3800.0,60.0,NULL,3.0,1.0,63.333333333333336
https://www.adrianoimoveis.com.br/imovel/apartamento-sao-jose-3-quartos-81-m/AP0798-ADU9,Apartamento,Barreiros - São José - SCCondomínio Residencial Santa Paulina,São José,Barreiros,NULL,R$ 2.500/mês,2500.0,80.69,3.0,1.0,1.0,30.982773577890693
https://www.adrianoimoveis.com.br/imovel/casa-sao-jose-5-quartos-150-m/CA0659-ADU9,Casa,Kobrasol - São José - SC,São José,Kobrasol,NULL,R$ 12.500/mês,12500.0,150.0,5.0,7.0,2.0,83.33333333333333
https://www.adrianoimoveis.com.br/imovel/apartamento-sao-jose-2-quartos-60-m/AP0177-ADU9,Apartamento,Barreiros - São José - SCResidencial Maria Helena,São José,Barreiros,NULL,R$ 1.900/mês,1900.0,60.0,2.0,1.0,1.0,31.666666666666668
https://www.adrianoimoveis.com.br/imovel/apartamento-sao-jose-2-quartos-60-m/AP0276-ADU9,Apartamento,Barreiros - São José - SCResidencial Maria Helena,São José,Barreiros,NULL,R$ 1.900/mês,1900.0,60.0,2.0,1.0,1.0,31.666666666666668
https://www.adrianoimoveis.com.br/imovel/apartamento-sao-jose-2-quartos-68-m/AP0933-ADU9?from=sale,Apartamento,Praia Comprida - São José - SCResidencial Villa das Flores,São José,Praia Comprida,NULL,R$ 360.000,360000.0,68.0,2.0,NULL,1.0,5294.117647058823
https://www.adrianoimoveis.com.br/imovel/apartamento-sao-jose-2-quartos-61-m/AP1219-ADU9?from=sale,Apartamento,Campinas - São José - SC,São José,Campinas,NULL,R$ 600.000,600000.0,60.9,2.0,1.0,1.0,9852.216748768473
https://www.adrianoimoveis.com.br/imovel/casa-sao-jose-4-quartos-369-m/CA0495-ADU9?from=sale,Casa,Praia Comprida - São José - SC,São José,Praia Comprida,NULL,R$ 1.500.000,1500000.0,369.22,4.0,6.0,4.0,4062.61849303938
https://www.adrianoimoveis.com.br/imovel/terreno-sao-jose-330-m/TE0067-ADU9?from=sale,Terreno,Areias - São José - SC,São José,Areias,NULL,R$ 380.000,380000.0,330.0,NULL,NULL,NULL,1151.5151515151515
https://www.adrianoimoveis.com.br/imovel/terreno-sao-jose-396-m/TE0070-ADU9?from=sale,Terreno,Potecas - São José - SC,São José,Potecas,NULL,R$ 190.000,190000.0,396.0,NULL,NULL,NULL,479.7979797979798
https://www.adrianoimoveis.com.br/imovel/casa-sao-jose-2-quartos-64-m/CA0078-ADU9?from=sale,Casa,Flor de Napolis - São José - SCResidencial Solar de Coqueiro,São José,Flor De Napolis,NULL,R$ 265.000,265000.0,63.98,2.0,1.0,1.0,4141.919349796812
https://www.adrianoimoveis.com.br/imovel/casa-sao-jose-2-quartos-80-m/CA0111-ADU9?from=sale,Casa,Areias - São José - SC,São José,Areias,NULL,R$ 1.000.000,1000000.0,80.0,2.0,1.0,2.0,12500.0
https://www.adrianoimoveis.com.br/imovel/casa-sao-jose-4-quartos-139-m/CA0293-ADU9?from=sale,Casa,Roçado - São José - SC,São José,Roçado,NULL,R$ 990.000,990000.0,139.0,4.0,3.0,1.0,7122.302158273381
https://www.adrianoimoveis.com.br/imovel/sala-sao-jose-20-m/SA0145-ADU9?from=sale,Sala,Campinas - São José - SC,São José,Campinas,NULL,R$ 190.000,190000.0,20.34,NULL,NULL,NULL,9341.199606686332
https://www.adrianoimoveis.com.br/imovel/apartamento-sao-jose-3-quartos-82-m/AP0539-ADU9?from=sale,Apartamento,Forquilhinhas - São José - SCResidencial Dona Ana,São José,Forquilhinhas,NULL,R$ 600.000,600000.0,81.5,3.0,1.0,2.0,7361.963190184049
https://www.adrianoimoveis.com.br/imovel/predio-sao-jose-350-m/PR0008-ADU9?from=sale,Prédio,Real Parque - São José - SC,São José,Real Parque,NULL,R$ 950.000,950000.0,350.0,NULL,NULL,NULL,2714.285714285714
https://www.adrianoimoveis.com.br/imovel/apartamento-sao-jose-2-quartos-60-m/AP0282-ADU9?from=sale,Apartamento,Areias - São José - SCCondomínio Parque Flores da Estação,São José,Areias,NULL,R$ 310.000,310000.0,60.0,2.0,1.0,1.0,5166.666666666667
https://www.adrianoimoveis.com.br/imovel/apartamento-sao-jose-2-quartos-48-m/AP1190-ADU9,Apartamento,Serraria - São José - SCResidencial Moradas do Luar,São José,Serraria,NULL,R$ 260.000,260000.0,47.93,2.0,1.0,1.0,5424.577508867098
https://www.adrianoimoveis.com.br/imovel/casa-sao-jose-2-quartos-54-m/CA0193-ADU9,Casa,Forquilhas - São José - SC,São José,Forquilhas,NULL,R$ 360.000,360000.0,54.0,2.0,2.0,1.0,6666.666666666667
https://www.adrianoimoveis.com.br/imovel/casa-sao-jose-3-quartos-160-m/CA0494-ADU9,Casa,Barreiros - São José - SC,São José,Barreiros,NULL,R$ 1.600.000,1600000.0,160.0,3.0,4.0,2.0,10000.0
https://www.adrianoimoveis.com.br/imovel/apartamento-sao-jose-2-quartos-62-m/AP1114-ADU9,Apartamento,Serraria - São José - SC,São José,Serraria,NULL,R$ 300.000,300000.0,61.9,2.0,1.0,1.0,4846.526655896608
https://www.adrianoimoveis.com.br/imovel/casa-sao-jose-3-quartos-200-m/CA0593-ADU9,Casa,Areias - São José - SC,São José,Areias,NULL,R$ 820.000,820000.0,200.0,3.0,NULL,2.0,4100.0
https://www.adrianoimoveis.com.br/imovel/casa-sao-jose-3-quartos-70-m/CA0243-ADU9,Casa,Forquilhinha - São José - SC,São José,Forquilhinha,NULL,R$ 350.000,350000.0,70.0,3.0,5.0,1.0,5000.0
https://www.adrianoimoveis.com.br/imovel/terreno-sao-jose-634-m/TE0024-ADU9,Terreno,Roçado - São José - SCLoteamento Santa Paula Royal Tênis,São José,Roçado,NULL,R$ 550.000,550000.0,633.61,NULL,NULL,NULL,868.0418554000095
https://www.adrianoimoveis.com.br/imovel/apartamento-sao-jose-2-quartos-53-m/AP1172-ADU9,Apartamento,Serraria - São José - SC,São José,Serraria,NULL,R$ 390.000,390000.0,52.96,2.0,1.0,1.0,7364.04833836858
https://www.adrianoimoveis.com.br/imovel/apartamento-sao-jose-2-quartos-56-m/AP1284-ADU9,Apartamento,Barreiros - São José - SCCondomínio Residencial Talismã,São José,Barreiros,NULL,R$ 400.000,400000.0,56.14,2.0,1.0,1.0,7125.044531528322
https://www.adrianoimoveis.com.br/imovel/casa-sao-jose-5-quartos-165-m/CA0165-ADU9,Casa,Forquilhinhas - São José - SC,São José,Forquilhinhas,NULL,R$ 520.000,520000.0,165.0,5.0,1.0,3.0,3151.5151515151515
https://www.adrianoimoveis.com.br/imovel/apartamento-sao-jose-2-quartos-58-m/AP0565-ADU9,Apartamento,Ipiranga - São José - SCCondomínio Residencial Villa Trentino ll,São José,Ipiranga,NULL,R$ 280.000,280000.0,57.88,2.0,1.0,1.0,4837.595024187975
https://www.adrianoimoveis.com.br/imovel/apartamento-sao-jose-2-quartos-69-m/AP0939-ADU9,Apartamento,Ipiranga - São José - SCCondomínio Residencial Avenida Das Torres,São José,Ipiranga,NULL,R$ 299.900,299900.0,69.0,2.0,1.0,1.0,4346.376811594203
https://www.adrianoimoveis.com.br/imovel/apartamento-sao-jose-3-quartos-77-m/AP1247-ADU9,Apartamento,Jardim Cidade de Florianópolis - São José - SC,São José,Jardim Cidade De Florianópolis,NULL,R$ 750.000,750000.0,76.78,3.0,1.0,1.0,9768.16879395676
https://www.brognoli.com.br/imovel/alugar-terreno-com-23000m-no-bairro-universitario-em-biguacu_9660/,"Terreno com 23000m², no bairro Universitário em Biguaçu",Biguaçu/SC,Biguaçu,NULL,Rua Sebastião Lara - Universitário,Valor:R$ 115.000,115000.0,23000.0,NULL,NULL,NULL,5.0
https://www.brognoli.com.br/imovel/alugar-apartamento-com-45m-2-quartos-no-bairro-fundos-em-biguacu_9381/,"Apartamento com 45m², 2 quartos, 1 garagem, no bairro Fundos em Biguaçu",Biguaçu/SC,Biguaçu,NULL,Rua Homero de Miranda Gomes - Fundos,Valor:R$ 1.600,1600.0,45.0,2.0,1.0,NULL,35.55555555555556
https://www.brognoli.com.br/imovel/comprar-terreno-comercial-residencial-com-1947m-no-bairro-jardim-janaina-em-biguacu_T155-57616/,"Terreno Comercial/Residencial com 1947m², no bairro Jardim Janaina em Biguaçu",Biguaçu/SC,Biguaçu,NULL,Rua Paulo Zimmermann - Jardim Janaina,Valor:R$ 2.000.000,2000000.0,1947.0,NULL,NULL,NULL,1027.221366204417
https://www.brognoli.com.br/imovel/comprar-apartamentos-com-48m-2-quartos-no-bairro-centro-em-biguacu_A8-57612/,"Apartamentos com 48m², 2 quartos, 1 garagem, no bairro Centro em Biguaçu",Biguaçu/SC,Biguaçu,NULL,Rua 7 de Setembro - Centro,Valor:R$ 315.000,315000.0,48.0,2.0,1.0,NULL,6562.5
https://www.brognoli.com.br/imovel/comprar-apartamentos-com-41m-2-quartos-no-bairro-jardim-janaina-em-biguacu_A21-57589/,"Apartamentos com 41m², 2 quartos, 1 garagem, no bairro Jardim Janaina em Biguaçu",Biguaçu/SC,Biguaçu,NULL,Rua Domingos Antônio Zimmermann - Jardim Janaina,Valor:R$ 230.000,230000.0,41.0,2.0,1.0,NULL,5609.756097560976
https://www.brognoli.com.br/imovel/comprar-casa-residencial-com-1000m-4-quartos-no-bairro-sao-miguel-guaporanga-em-biguacu_C153-57253/,"Casa Residencial com 1000m², 4 quartos, 4 suítes, 4 garagens, no bairro São Miguel (Guaporanga) em Biguaçu",Biguaçu/SC,Biguaçu,NULL,Servidão Nelson Juvêncio Rosa - São Miguel (Guaporanga),Valor:R$ 1.500.000,1500000.0,1000.0,4.0,4.0,NULL,1500.0
https://www.brognoli.com.br/imovel/comprar-terrenos-residenciais-com-507m-no-bairro-areias-de-cima-guaporanga-em-biguacu_T153-57214/,"Terrenos Residenciais com 507m², no bairro Areias de Cima (Guaporanga) em Biguaçu",Biguaçu/SC,Biguaçu,NULL,Rua Geral Jardim Carolina - Areias de Cima (Guaporanga),Valor:R$ 180.000,180000.0,507.0,NULL,NULL,NULL,355.0295857988166
https://www.brognoli.com.br/imovel/comprar-terreno-comercial-residencial-com-150m-no-bairro-jardim-santa-catarina-em-biguacu_T149-57138/,"Terreno Comercial/Residencial com 150m², no bairro Jardim Santa Catarina em Biguaçu",Biguaçu/SC,Biguaçu,NULL,Rua Sc-407 - Jardim Santa Catarina,Valor:R$ 260.000,260000.0,150.0,NULL,NULL,NULL,1733.3333333333333
https://www.brognoli.com.br/imovel/comprar-apartamentos-com-67m-2-quartos-no-bairro-praia-joao-rosa-em-biguacu_A87-56599/,"Apartamentos com 67m², 2 quartos, 1 garagem, no bairro Praia João Rosa em Biguaçu",Biguaçu/SC,Biguaçu,NULL,Rua Domingos Coelho - Praia João Rosa,Valor:R$ 445.000,445000.0,67.0,2.0,1.0,NULL,6641.79104477612
https://www.brognoli.com.br/imovel/comprar-casa-residencial-com-177m-3-quartos-no-bairro-bom-viver-em-biguacu_C140-56488/,"Casa Residencial com 177m², 3 quartos, 3 garagens, no bairro Bom Viver em Biguaçu",Biguaçu/SC,Biguaçu,NULL,Servidão Hermann Vieira - Bom Viver,Valor:R$ 920.000,920000.0,177.0,3.0,3.0,NULL,5197.74011299435
https://www.brognoli.com.br/imovel/comprar-chacara-com-43560m-3-quartos-no-bairro-russia-em-biguacu_CH153-56430/,"Chacara com 43560m², 3 quartos, 1 suíte, 1 garagem, no bairro Rússia em Biguaçu",Biguaçu/SC,Biguaçu,NULL,Rua Ana Maria Da Silva - Rússia,Valor:R$ 975.000,975000.0,43560.0,3.0,1.0,NULL,22.38292011019284
https://www.brognoli.com.br/imovel/comprar-casa-em-condominio-com-165m-3-quartos-no-bairro-beira-rio-em-biguacu_C152-54968/,"Casa em Condomínio com 165m², 3 quartos, 1 suíte, 2 garagens, no bairro Beira Rio em Biguaçu",Biguaçu/SC,Biguaçu,NULL,Avenida Wilson Castelo Branco - Beira Rio,Valor:R$ 1.400.000,1400000.0,165.0,3.0,2.0,NULL,8484.848484848484
https://www.brognoli.com.br/imovel/comprar-apartamentos-com-90m-3-quartos-no-bairro-rio-caveiras-em-biguacu_A84-54334/,"Apartamentos com 90m², 3 quartos, 1 suíte, 1 garagem, no bairro Rio Caveiras em Biguaçu",Biguaçu/SC,Biguaçu,NULL,Rua Cônego Rodolfo Machado - Rio Caveiras,Valor:R$ 550.000,550000.0,90.0,3.0,1.0,NULL,6111.111111111111
https://www.brognoli.com.br/imovel/comprar-apartamentos-com-46m-2-quartos-no-bairro-bom-viver-em-biguacu_A4-54291/,"Apartamentos com 46m², 2 quartos, 1 garagem, no bairro Bom Viver em Biguaçu",Biguaçu/SC,Biguaçu,NULL,Rua Benta Soares Luiz - Bom Viver,Valor:R$ 235.000,235000.0,46.0,2.0,1.0,NULL,5108.695652173913
https://www.brognoli.com.br/imovel/comprar-apartamentos-com-84m-3-quartos-no-bairro-rio-caveiras-em-biguacu_A149-54117/,"Apartamentos com 84m², 3 quartos, 1 suíte, 1 garagem, no bairro Rio Caveiras em Biguaçu",Biguaçu/SC,Biguaçu,NULL,Rua Leonardo Francisco Ferreira - Rio Caveiras,Valor:R$ 820.000,820000.0,84.0,3.0,1.0,NULL,9761.904761904761
https://www.brognoli.com.br/imovel/comprar-casa-em-condominio-com-179m-3-quartos-no-bairro-beira-rio-em-biguacu_C153-52132/,"Casa em Condomínio com 179m², 3 quartos, 1 suíte, 2 garagens, no bairro Beira Rio em Biguaçu",Biguaçu/SC,Biguaçu,NULL,Avenida Wilson Castelo Branco - Beira Rio,Valor:R$ 1.150.000,1150000.0,179.0,3.0,2.0,NULL,6424.581005586592
https://www.brognoli.com.br/imovel/comprar-casa-em-condominio-com-216m-3-quartos-no-bairro-beira-rio-em-biguacu_C48-52068/,"Casa em Condomínio com 216m², 3 quartos, 1 suíte, 2 garagens, no bairro Beira Rio em Biguaçu",Biguaçu/SC,Biguaçu,NULL,Avenida Deltaville - Beira Rio,Valor:R$ 1.390.000,1390000.0,216.0,3.0,2.0,NULL,6435.185185185185
https://www.brognoli.com.br/imovel/comprar-terreno-comercial-residencial-com-10100m-no-bairro-boa-vista-em-biguacu_T78-51735/,"Terreno Comercial/Residencial com 10100m², no bairro Boa Vista em Biguaçu",Biguaçu/SC,Biguaçu,NULL,Rua Vidal Mendes - Boa Vista,Valor:R$ 1.500.000,1500000.0,10100.0,NULL,NULL,NULL,148.5148514851485
https://www.brognoli.com.br/imovel/comprar-terrenos-residenciais-com-150m-no-bairro-beira-rio-em-biguacu_T32-51203/,"Terrenos Residenciais com 150m², no bairro Beira Rio em Biguaçu",Biguaçu/SC,Biguaçu,NULL,Avenida Deltaville - Beira Rio,Valor:R$ 324.500,324500.0,150.0,NULL,NULL,NULL,2163.3333333333335
https://www.brognoli.com.br/imovel/comprar-terrenos-residenciais-com-150m-no-bairro-deltaville-em-biguacu_T65-50794/,"Terrenos Residenciais com 150m², no bairro Deltaville em Biguaçu",Biguaçu/SC,Biguaçu,NULL,Avenida Deltaville - Deltaville,Valor:R$ 225.000,225000.0,150.0,NULL,NULL,NULL,1500.0
https://www.brognoli.com.br/imovel/comprar-terreno-comercial-residencial-com-2021m-no-bairro-sorocaba-de-dentro-em-biguacu_T8-50076/,"Terreno Comercial/Residencial com 2021m², no bairro Sorocaba De Dentro em Biguaçu",Biguaçu/SC,Biguaçu,NULL,Rodovia Estrada Geral De Sorocaba De Fora - Sorocaba De Dentro,Valor:R$ 741.000,741000.0,2021.0,NULL,NULL,NULL,366.6501731815933
https://www.brognoli.com.br/imovel/comprar-cobertura-com-240m-3-quartos-no-bairro-centro-em-biguacu_CB6-47588/,"Cobertura com 240m², 3 quartos, 3 suítes, 3 garagens, no bairro Centro em Biguaçu",Biguaçu/SC,Biguaçu,NULL,Rua 7 de Setembro - Centro,Valor:R$ 5.300.000,5300000.0,240.0,3.0,3.0,NULL,22083.333333333332
https://www.brognoli.com.br/imovel/comprar-casa-residencial-com-120m-3-quartos-no-bairro-jardim-janaina-em-biguacu_C37-46174/,"Casa Residencial com 120m², 3 quartos, 1 suíte, 2 garagens, no bairro Jardim Janaina em Biguaçu",Biguaçu/SC,Biguaçu,NULL,Rua das Missões - Jardim Janaina,Valor:R$ 700.000,700000.0,120.0,3.0,2.0,NULL,5833.333333333333
https://www.brognoli.com.br/imovel/comprar-terrenos-residenciais-com-150m-no-bairro-beira-rio-em-biguacu_T8-46137/,"Terrenos Residenciais com 150m², no bairro Beira Rio em Biguaçu",Biguaçu/SC,Biguaçu,NULL,Avenida Deltaville - Beira Rio,Valor:R$ 290.000,290000.0,150.0,NULL,NULL,NULL,1933.3333333333333
https://www.brognoli.com.br/imovel/comprar-sitio-com-200m-3-quartos-no-bairro-sorocaba-de-dentro-em-biguacu_ST8-43759/,"Sitio com 200m², 3 quartos, 1 suíte, 2 garagens, no bairro Sorocaba De Dentro em Biguaçu",Biguaçu/SC,Biguaçu,NULL,Rua Geral de Sorocaba de Fora - Sorocaba De Dentro,Valor:R$ 1.250.000,1250000.0,200.0,3.0,2.0,NULL,6250.0
https://www.brognoli.com.br/imovel/comprar-apartamentos-com-52m-2-quartos-no-bairro-vendaval-em-biguacu_A8-40986/,"Apartamentos com 52m², 2 quartos, 1 garagem, no bairro Vendaval em Biguaçu",Biguaçu/SC,Biguaçu,NULL,Rua Jordelino João da Rosa - Vendaval,Valor:R$ 300.000,300000.0,52.0,2.0,1.0,NULL,5769.2307692307695
https://www.brognoli.com.br/imovel/comprar-terreno-comercial-residencial-com-6184m-no-bairro-bom-viver-em-biguacu_T32-38646/,"Terreno Comercial/Residencial com 6184m², no bairro Bom Viver em Biguaçu",Biguaçu/SC,Biguaçu,NULL,Rua Adelino Machado - Bom Viver,Valor:R$ 2.150.000,2150000.0,6184.0,NULL,NULL,NULL,347.67141009055626
https://www.brognoli.com.br/imovel/alugar-apartamento-com-71m-2-quartos-no-bairro-trindade-em-florianopolis_9777/,"Apartamento com 71m², 2 quartos, 1 suíte, 1 garagem, no bairro Trindade em Florianópolis",Florianópolis/SC,Florianópolis,NULL,Rua Lauro Linhares - Trindade,Valor:R$ 3.300,3300.0,71.0,2.0,1.0,NULL,46.478873239436616
https://www.brognoli.com.br/imovel/alugar-salas-conjuntos-com-32m-no-bairro-centro-em-florianopolis_9776/,"Salas/Conjuntos com 32m², no bairro Centro em Florianópolis",Florianópolis/SC,Florianópolis,NULL,Avenida Rio Branco - Centro,Valor:R$ 2.500,2500.0,32.0,NULL,NULL,NULL,78.125
https://www.brognoli.com.br/imovel/alugar-apartamento-com-122m-3-quartos-no-bairro-itacorubi-em-florianopolis_9775/,"Apartamento com 122m², 3 quartos, 1 suíte, 2 garagens, no bairro Itacorubi em Florianópolis",Florianópolis/SC,Florianópolis,NULL,Rodovia Admar Gonzaga - Itacorubi,Valor:R$ 12.500,12500.0,122.0,3.0,2.0,NULL,102.45901639344262
https://www.brognoli.com.br/imovel/alugar-salas-conjuntos-com-27m-no-bairro-estreito-em-florianopolis_9774/,"Salas/Conjuntos com 27m², 1 garagem, no bairro Estreito em Florianópolis",Florianópolis/SC,Florianópolis,NULL,Rua General Liberato Bittencourt - Estreito,Valor:R$ 2.355,2355.0,27.0,NULL,1.0,NULL,87.22222222222223
https://www.brognoli.com.br/imovel/alugar-apartamento-com-32m-1-quarto-no-bairro-trindade-em-florianopolis_9772/,"Apartamento com 32m², 1 quarto, no bairro Trindade em Florianópolis",Florianópolis/SC,Florianópolis,NULL,Rua Professora Maria Flora Pausewang - Trindade,Valor:R$ 4.500,4500.0,32.0,NULL,0.0,NULL,140.625
https://www.brognoli.com.br/imovel/alugar-apartamento-com-32m-1-quarto-no-bairro-trindade-em-florianopolis_9771/,"Apartamento com 32m², 1 quarto, no bairro Trindade em Florianópolis",Florianópolis/SC,Florianópolis,NULL,Rua Professora Maria Flora Pausewang - Trindade,Valor:R$ 4.500,4500.0,32.0,NULL,0.0,NULL,140.625
https://www.brognoli.com.br/imovel/alugar-apartamento-com-34m-1-quarto-no-bairro-trindade-em-florianopolis_9770/,"Apartamento com 34m², 1 quarto, no bairro Trindade em Florianópolis",Florianópolis/SC,Florianópolis,NULL,Rua Professora Maria Flora Pausewang - Trindade,Valor:R$ 4.700,4700.0,34.0,NULL,0.0,NULL,138.23529411764707
https://www.brognoli.com.br/imovel/alugar-apartamento-com-36m-1-quarto-no-bairro-trindade-em-florianopolis_9769/,"Apartamento com 36m², 1 quarto, no bairro Trindade em Florianópolis",Florianópolis/SC,Florianópolis,NULL,Rua Professora Maria Flora Pausewang - Trindade,Valor:R$ 4.500,4500.0,36.0,NULL,0.0,NULL,125.0
https://www.brognoli.com.br/imovel/alugar-apartamento-com-36m-1-quarto-no-bairro-trindade-em-florianopolis_9768/,"Apartamento com 36m², 1 quarto, no bairro Trindade em Florianópolis",Florianópolis/SC,Florianópolis,NULL,Rua Professora Maria Flora Pausewang - Trindade,Valor:R$ 4.500,4500.0,36.0,NULL,0.0,NULL,125.0
https://www.brognoli.com.br/imovel/alugar-apartamento-com-123m-3-quartos-no-bairro-centro-em-florianopolis_9767/,"Apartamento com 123m², 3 quartos, 1 suíte, 2 garagens, no bairro Centro em Florianópolis",Florianópolis/SC,Florianópolis,NULL,Rua Almirante Lamego - Centro,Valor:R$ 6.900,6900.0,123.0,3.0,2.0,NULL,56.09756097560975
https://www.brognoli.com.br/imovel/alugar-salas-conjuntos-com-27m-no-bairro-estreito-em-florianopolis_9766/,"Salas/Conjuntos com 27m², 1 garagem, no bairro Estreito em Florianópolis",Florianópolis/SC,Florianópolis,NULL,Rua General Liberato Bittencourt - Estreito,Valor:R$ 2.355,2355.0,27.0,NULL,1.0,NULL,87.22222222222223
https://www.brognoli.com.br/imovel/alugar-apartamento-com-45m-1-quarto-no-bairro-centro-em-florianopolis_9765/,"Apartamento com 45m², 1 quarto, no bairro Centro em Florianópolis",Florianópolis/SC,Florianópolis,NULL,Rua Trajano - Centro,Valor:R$ 2.800,2800.0,45.0,NULL,0.0,NULL,62.22222222222222
https://www.brognoli.com.br/imovel/alugar-salas-conjuntos-com-23m-no-bairro-centro-em-florianopolis_9762/,"Salas/Conjuntos com 23m², no bairro Centro em Florianópolis",Florianópolis/SC,Florianópolis,NULL,Rua Presidente Nereu Ramos - Centro,Valor:R$ 1.900,1900.0,23.0,NULL,NULL,NULL,82.6086956521739
https://www.brognoli.com.br/imovel/alugar-casa-com-400m-no-bairro-trindade-em-florianopolis_9761/,"Casa com 400m², 6 garagens, no bairro Trindade em Florianópolis",Florianópolis/SC,Florianópolis,NULL,Rua Cônego Bernardo - Trindade,Valor:R$ 17.000,17000.0,400.0,NULL,6.0,NULL,42.5
https://www.brognoli.com.br/imovel/alugar-casa-com-250m-4-quartos-no-bairro-corrego-grande-em-florianopolis_9759/,"Casa com 250m², 4 quartos, 2 suítes, 2 garagens, no bairro Córrego Grande em Florianópolis",Florianópolis/SC,Florianópolis,NULL,Rua Ravena - Córrego Grande,Valor:R$ 8.900,8900.0,250.0,4.0,2.0,NULL,35.6
https://www.brognoli.com.br/imovel/alugar-apartamento-com-65m-2-quartos-no-bairro-itacorubi-em-florianopolis_9758/,"Apartamento com 65m², 2 quartos, 1 suíte, 1 garagem, no bairro Itacorubi em Florianópolis",Florianópolis/SC,Florianópolis,NULL,Avenida Buriti - Itacorubi,Valor:R$ 4.800,4800.0,65.0,2.0,1.0,NULL,73.84615384615384
https://www.brognoli.com.br/imovel/alugar-apartamento-com-65m-2-quartos-no-bairro-itacorubi-em-florianopolis_9757/,"Apartamento com 65m², 2 quartos, 1 suíte, 1 garagem, no bairro Itacorubi em Florianópolis",Florianópolis/SC,Florianópolis,NULL,Rua Acelon Pacheco da Costa - Itacorubi,Valor:R$ 4.200,4200.0,65.0,2.0,1.0,NULL,64.61538461538461
https://www.brognoli.com.br/imovel/alugar-apartamento-com-113m-3-quartos-no-bairro-centro-em-florianopolis_9756/,"Apartamento com 113m², 3 quartos, 1 suíte, 1 garagem, no bairro Centro em Florianópolis",Florianópolis/SC,Florianópolis,NULL,Avenida Hercílio Luz - Centro,Valor:R$ 6.400,6400.0,113.0,3.0,1.0,NULL,56.63716814159292
https://www.brognoli.com.br/imovel/alugar-sala-com-125m-no-bairro-saco-grande-em-florianopolis_9755/,"Sala com 125m², 1 garagem, no bairro Saco Grande em Florianópolis",Florianópolis/SC,Florianópolis,NULL,Rodovia Virgílio Várzea - Saco Grande,Valor:R$ 5.000,5000.0,125.0,NULL,1.0,NULL,40.0
https://www.brognoli.com.br/imovel/alugar-sala-com-250m-no-bairro-saco-grande-em-florianopolis_9754/,"Sala com 250m², 2 garagens, no bairro Saco Grande em Florianópolis",Florianópolis/SC,Florianópolis,NULL,Rodovia Virgílio Várzea - Saco Grande,Valor:R$ 8.500,8500.0,250.0,NULL,2.0,NULL,34.0
https://www.brognoli.com.br/imovel/alugar-loja-com-200m-no-bairro-saco-grande-em-florianopolis_9753/,"Loja com 200m², 2 garagens, no bairro Saco Grande em Florianópolis",Florianópolis/SC,Florianópolis,NULL,Rodovia Virgílio Várzea - Saco Grande,Valor:R$ 7.200,7200.0,200.0,NULL,2.0,NULL,36.0
https://www.brognoli.com.br/imovel/alugar-apartamento-com-100m-3-quartos-no-bairro-centro-em-florianopolis_9752/,"Apartamento com 100m², 3 quartos, 1 suíte, 2 garagens, no bairro Centro em Florianópolis",Florianópolis/SC,Florianópolis,NULL,Praca Esteves Junior - Centro,Valor:R$ 8.600,8600.0,100.0,3.0,2.0,NULL,86.0
https://www.brognoli.com.br/imovel/alugar-apartamento-com-120m-3-quartos-no-bairro-centro-em-florianopolis_9751/,"Apartamento com 120m², 3 quartos, 2 suítes, 2 garagens, no bairro Centro em Florianópolis",Florianópolis/SC,Florianópolis,NULL,Rua Prof.herminio Jacques - Centro,Valor:R$ 11.000,11000.0,120.0,3.0,2.0,NULL,91.66666666666667
https://www.brognoli.com.br/imovel/alugar-casa-com-220m-4-quartos-no-bairro-sambaqui-em-florianopolis_9749/,"Casa com 220m², 4 quartos, 3 suítes, 2 garagens, no bairro Sambaqui em Florianópolis",Florianópolis/SC,Florianópolis,NULL,Rua Gécio de Souza e Silva - Sambaqui,Valor:R$ 12.500,12500.0,220.0,4.0,2.0,NULL,56.81818181818182
https://www.brognoli.com.br/imovel/alugar-loja-com-79m-no-bairro-trindade-em-florianopolis_9742/,"Loja com 79m², 1 garagem, no bairro Trindade em Florianópolis",Florianópolis/SC,Florianópolis,NULL,Rua Lauro Linhares - Trindade,Valor:R$ 8.500,8500.0,79.0,NULL,1.0,NULL,107.59493670886076
https://www.brognoli.com.br/imovel/alugar-loja-com-77m-no-bairro-trindade-em-florianopolis_9741/,"Loja com 77m², 1 garagem, no bairro Trindade em Florianópolis",Florianópolis/SC,Florianópolis,NULL,Rua Lauro Linhares - Trindade,Valor:R$ 8.500,8500.0,77.0,NULL,1.0,NULL,110.3896103896104
https://www.brognoli.com.br/imovel/alugar-loja-com-79m-no-bairro-trindade-em-florianopolis_9740/,"Loja com 79m², 2 garagens, no bairro Trindade em Florianópolis",Florianópolis/SC,Florianópolis,NULL,Rua Lauro Linhares - Trindade,Valor:R$ 9.000,9000.0,79.0,NULL,2.0,NULL,113.92405063291139
https://www.brognoli.com.br/imovel/alugar-apartamento-com-87m-3-quartos-no-bairro-trindade-em-florianopolis_9739/,"Apartamento com 87m², 3 quartos, 1 suíte, 2 garagens, no bairro Trindade em Florianópolis",Florianópolis/SC,Florianópolis,NULL,Rua Lauro Linhares - Trindade,Valor:R$ 4.900,4900.0,87.0,3.0,2.0,NULL,56.32183908045977
https://www.brognoli.com.br/imovel/alugar-casa-com-42m-1-quarto-no-bairro-agronomica-em-florianopolis_9738/,"Casa com 42m², 1 quarto, 1 garagem, no bairro Agronômica em Florianópolis",Florianópolis/SC,Florianópolis,NULL,Rua São Luiz Gonzaga - Agronômica,Valor:R$ 2.800,2800.0,42.0,NULL,1.0,NULL,66.66666666666667
https://www.brognoli.com.br/imovel/alugar-apartamento-com-133m-3-quartos-no-bairro-joao-paulo-em-florianopolis_9737/,"Apartamento com 133m², 3 quartos, 3 suítes, 2 garagens, no bairro João Paulo em Florianópolis",Florianópolis/SC,Florianópolis,NULL,Rodovia João Paulo - João Paulo,Valor:R$ 8.000,8000.0,133.0,3.0,2.0,NULL,60.150375939849624
https://www.brognoli.com.br/imovel/alugar-apartamento-com-34m-1-quarto-no-bairro-centro-em-florianopolis_9733/,"Apartamento com 34m², 1 quarto, 1 garagem, no bairro Centro em Florianópolis",Florianópolis/SC,Florianópolis,NULL,Avenida Rio Branco - Centro,Valor:R$ 4.900,4900.0,34.0,NULL,1.0,NULL,144.11764705882354
https://www.brognoli.com.br/imovel/alugar-apartamento-com-95m-3-quartos-no-bairro-centro-em-florianopolis_9730/,"Apartamento com 95m², 3 quartos, 1 suíte, 1 garagem, no bairro Centro em Florianópolis",Florianópolis/SC,Florianópolis,NULL,Rua Hermann Blumenau - Centro,Valor:R$ 4.000,4000.0,95.0,3.0,1.0,NULL,42.10526315789474
https://www.brognoli.com.br/imovel/alugar-apartamento-com-91m-3-quartos-no-bairro-joao-paulo-em-florianopolis_9729/,"Apartamento com 91m², 3 quartos, 1 suíte, 2 garagens, no bairro João Paulo em Florianópolis",Florianópolis/SC,Florianópolis,NULL,Rua Júlio Vieira - João Paulo,Valor:R$ 6.800,6800.0,91.0,3.0,2.0,NULL,74.72527472527473
https://www.brognoli.com.br/imovel/alugar-sala-com-222m-no-bairro-trindade-em-florianopolis_9724/,"Sala com 222m², 8 garagens, no bairro Trindade em Florianópolis",Florianópolis/SC,Florianópolis,NULL,Rua Lauro Linhares - Trindade,Valor:R$ 12.500,12500.0,222.0,NULL,8.0,NULL,56.306306306306304
https://www.brognoli.com.br/imovel/alugar-sala-com-111m-no-bairro-centro-em-florianopolis_9721/,"Sala com 111m², no bairro Centro em Florianópolis",Florianópolis/SC,Florianópolis,NULL,Rua Felipe Schmidt - Centro,Valor:R$ 3.500,3500.0,111.0,NULL,NULL,NULL,31.53153153153153
https://www.brognoli.com.br/imovel/alugar-loja-com-85m-no-bairro-centro-em-florianopolis_9719/,"Loja com 85m², 1 garagem, no bairro Centro em Florianópolis",Florianópolis/SC,Florianópolis,NULL,Rua Crispim Mira - Centro,Valor:R$ 7.000,7000.0,85.0,NULL,1.0,NULL,82.3529411764706
https://www.brognoli.com.br/imovel/alugar-apartamento-com-31m-1-quarto-no-bairro-trindade-em-florianopolis_9718/,"Apartamento com 31m², 1 quarto, no bairro Trindade em Florianópolis",Florianópolis/SC,Florianópolis,NULL,Rua Professora Maria Flora Pausewang - Trindade,Valor:R$ 3.500,3500.0,31.0,NULL,0.0,NULL,112.90322580645162
https://www.brognoli.com.br/imovel/alugar-apartamento-com-60m-2-quartos-no-bairro-itacorubi-em-florianopolis_9717/,"Apartamento com 60m², 2 quartos, 1 garagem, no bairro Itacorubi em Florianópolis",Florianópolis/SC,Florianópolis,NULL,Rua Acelon Pacheco da Costa - Itacorubi,Valor:R$ 2.500,2500.0,60.0,2.0,1.0,NULL,41.666666666666664
https://www.brognoli.com.br/imovel/alugar-apartamento-com-60m-2-quartos-no-bairro-centro-em-florianopolis_9715/,"Apartamento com 60m², 2 quartos, 2 suítes, 1 garagem, no bairro Centro em Florianópolis",Florianópolis/SC,Florianópolis,NULL,Avenida Hercílio Luz - Centro,Valor:R$ 5.600,5600.0,60.0,2.0,1.0,NULL,93.33333333333333
https://www.brognoli.com.br/imovel/alugar-apartamento-com-44m-2-quartos-no-bairro-centro-em-florianopolis_9708/,"Apartamento com 44m², 2 quartos, 1 garagem, no bairro Centro em Florianópolis",Florianópolis/SC,Florianópolis,NULL,Rua Felipe Schmidt - Centro,Valor:R$ 3.000,3000.0,44.0,2.0,1.0,NULL,68.18181818181819
https://www.brognoli.com.br/imovel/alugar-apartamento-com-41m-1-quarto-no-bairro-centro-em-florianopolis_9707/,"Apartamento com 41m², 1 quarto, 1 garagem, no bairro Centro em Florianópolis",Florianópolis/SC,Florianópolis,NULL,Rua Felipe Schmidt - Centro,Valor:R$ 3.300,3300.0,41.0,NULL,1.0,NULL,80.48780487804878
https://www.brognoli.com.br/imovel/alugar-loja-com-228m-no-bairro-trindade-em-florianopolis_9706/,"Loja com 228m², 4 garagens, no bairro Trindade em Florianópolis",Florianópolis/SC,Florianópolis,NULL,Rua Lauro Linhares - Trindade,Valor:R$ 25.000,25000.0,228.0,NULL,4.0,NULL,109.64912280701755
https://www.brognoli.com.br/imovel/alugar-apartamento-com-91m-2-quartos-no-bairro-agronomica-em-florianopolis_9705/,"Apartamento com 91m², 2 quartos, 1 suíte, 2 garagens, no bairro Agronômica em Florianópolis",Florianópolis/SC,Florianópolis,NULL,Rua Frei Caneca - Agronômica,Valor:R$ 6.700,6700.0,91.0,2.0,2.0,NULL,73.62637362637362
https://www.brognoli.com.br/imovel/alugar-casa-com-500m-3-quartos-no-bairro-cacupe-em-florianopolis_9699/,"Casa com 500m², 3 quartos, 3 suítes, 5 garagens, no bairro Cacupé em Florianópolis",Florianópolis/SC,Florianópolis,NULL,Estrada Haroldo Soares Glavan - Cacupé,Valor:R$ 20.000,20000.0,500.0,3.0,5.0,NULL,40.0
https://www.brognoli.com.br/imovel/alugar-sala-com-64m-no-bairro-centro-em-florianopolis_9693/,"Sala com 64m², no bairro Centro em Florianópolis",Florianópolis/SC,Florianópolis,NULL,Rua Felipe Schmidt - Centro,Valor:R$ 1.400,1400.0,64.0,NULL,NULL,NULL,21.875
https://www.brognoli.com.br/imovel/alugar-sala-com-64m-no-bairro-centro-em-florianopolis_9692/,"Sala com 64m², no bairro Centro em Florianópolis",Florianópolis/SC,Florianópolis,NULL,Rua Felipe Schmidt - Centro,Valor:R$ 1.400,1400.0,64.0,NULL,NULL,NULL,21.875
https://www.brognoli.com.br/imovel/alugar-loja-com-34m-no-bairro-jurere-em-florianopolis_9689/,"Loja com 34m², no bairro Jurerê em Florianópolis",Florianópolis/SC,Florianópolis,NULL,Rua Professor Heinz Braunsperger - Jurerê,Valor:R$ 3.800,3800.0,34.0,NULL,NULL,NULL,111.76470588235294
https://www.brognoli.com.br/imovel/alugar-apartamento-com-168m-2-quartos-no-bairro-jurere-internacional-em-florianopolis_9685/,"Apartamento com 168m², 2 quartos, 2 suítes, 2 garagens, no bairro Jurerê Internacional em Florianópolis",Florianópolis/SC,Florianópolis,NULL,Avenida dos Búzios - Jurerê Internacional,Valor:R$ 18.000,18000.0,168.0,2.0,2.0,NULL,107.14285714285714
https://www.brognoli.com.br/imovel/alugar-apartamento-com-109m-3-quartos-no-bairro-jurere-em-florianopolis_9684/,"Apartamento com 109m², 3 quartos, 3 suítes, 2 garagens, no bairro Jurerê em Florianópolis",Florianópolis/SC,Florianópolis,NULL,Rodovia Tertuliano Brito Xavier - Jurerê,Valor:R$ 8.990,8990.0,109.0,3.0,2.0,NULL,82.4770642201835
https://www.brognoli.com.br/imovel/alugar-predio-com-180m-no-bairro-centro-em-florianopolis_9674/,"Prédio com 180m², no bairro Centro em Florianópolis",Florianópolis/SC,Florianópolis,NULL,Rua Tenente Silveira - Centro,Valor:R$ 12.900,12900.0,180.0,NULL,NULL,NULL,71.66666666666667
https://www.brognoli.com.br/imovel/alugar-sala-com-80m-no-bairro-centro-em-florianopolis_9672/,"Sala com 80m², no bairro Centro em Florianópolis",Florianópolis/SC,Florianópolis,NULL,Avenida Hercílio Luz - Centro,Valor:R$ 2.000,2000.0,80.0,NULL,NULL,NULL,25.0
https://www.brognoli.com.br/imovel/alugar-sala-com-50m-no-bairro-centro-em-florianopolis_9668/,"Sala com 50m², no bairro Centro em Florianópolis",Florianópolis/SC,Florianópolis,NULL,Rua Emilio Blum - Centro,Valor:R$ 2.500,2500.0,50.0,NULL,NULL,NULL,50.0
https://www.brognoli.com.br/imovel/alugar-apartamento-com-80m-2-quartos-no-bairro-trindade-em-florianopolis_9666/,"Apartamento com 80m², 2 quartos, 1 suíte, 1 garagem, no bairro Trindade em Florianópolis",Florianópolis/SC,Florianópolis,NULL,Rua Professor Milton Roque Ramos Krieger - Trindade,Valor:R$ 3.100,3100.0,80.0,2.0,1.0,NULL,38.75
https://www.brognoli.com.br/imovel/alugar-apartamento-com-253m-3-quartos-no-bairro-centro-em-florianopolis_9665/,"Apartamento com 253m², 3 quartos, 1 suíte, 2 garagens, no bairro Centro em Florianópolis",Florianópolis/SC,Florianópolis,NULL,Rua Desembargador Urbano Salles - Centro,Valor:R$ 6.900,6900.0,253.0,3.0,2.0,NULL,27.272727272727273
https://www.brognoli.com.br/imovel/alugar-apartamento-com-219m-3-quartos-no-bairro-agronomica-em-florianopolis_9655/,"Apartamento com 219m², 3 quartos, 1 suíte, 2 garagens, no bairro Agronômica em Florianópolis",Florianópolis/SC,Florianópolis,NULL,Avenida Governador Irineu Bornhausen - Agronômica,Valor:R$ 15.000,15000.0,219.0,3.0,2.0,NULL,68.4931506849315
https://www.brognoli.com.br/imovel/alugar-apartamento-com-31m-1-quarto-no-bairro-centro-em-florianopolis_9652/,"Apartamento com 31m², 1 quarto, 1 garagem, no bairro Centro em Florianópolis",Florianópolis/SC,Florianópolis,NULL,Rua Ângelo La Porta - Centro,Valor:R$ 3.990,3990.0,31.0,NULL,1.0,NULL,128.70967741935485
https://www.brognoli.com.br/imovel/alugar-sala-com-44m-no-bairro-balneario-em-florianopolis_9642/,"Sala com 44m², no bairro Balneário em Florianópolis",Florianópolis/SC,Florianópolis,NULL,Avenida Santa Catarina - Balneário,Valor:R$ 2.500,2500.0,44.0,NULL,NULL,NULL,56.81818181818182
https://www.brognoli.com.br/imovel/alugar-apartamento-com-75m-1-quarto-no-bairro-coqueiros-em-florianopolis_9640/,"Apartamento com 75m², 1 quarto, 1 garagem, no bairro Coqueiros em Florianópolis",Florianópolis/SC,Florianópolis,NULL,Rua Marques de Carvalho - Coqueiros,Valor:R$ 4.500,4500.0,75.0,NULL,1.0,NULL,60.0
https://www.brognoli.com.br/imovel/alugar-apartamento-com-39m-1-quarto-no-bairro-trindade-em-florianopolis_9622/,"Apartamento com 39m², 1 quarto, no bairro Trindade em Florianópolis",Florianópolis/SC,Florianópolis,NULL,Rua Professora Maria Flora Pausewang - Trindade,Valor:R$ 4.700,4700.0,39.0,NULL,0.0,NULL,120.51282051282051
https://www.brognoli.com.br/imovel/alugar-apartamento-com-30m-1-quarto-no-bairro-trindade-em-florianopolis_9616/,"Apartamento com 30m², 1 quarto, no bairro Trindade em Florianópolis",Florianópolis/SC,Florianópolis,NULL,Rua Professora Maria Flora Pausewang - Trindade,Valor:R$ 3.900,3900.0,30.0,NULL,0.0,NULL,130.0
https://www.brognoli.com.br/imovel/alugar-sala-com-91m-no-bairro-centro-em-florianopolis_9603/,"Sala com 91m², no bairro Centro em Florianópolis",Florianópolis/SC,Florianópolis,NULL,Rua Felipe Schmidt - Centro,Valor:R$ 3.100,3100.0,91.0,NULL,NULL,NULL,34.065934065934066
https://www.brognoli.com.br/imovel/alugar-apartamento-com-35m-1-quarto-no-bairro-trindade-em-florianopolis_9597/,"Apartamento com 35m², 1 quarto, 1 garagem, no bairro Trindade em Florianópolis",Florianópolis/SC,Florianópolis,NULL,Rua Professora Maria Flora Pausewang - Trindade,Valor:R$ 4.900,4900.0,35.0,NULL,1.0,NULL,140.0
https://www.brognoli.com.br/imovel/alugar-apartamento-com-33m-1-quarto-no-bairro-trindade-em-florianopolis_9596/,"Apartamento com 33m², 1 quarto, 1 garagem, no bairro Trindade em Florianópolis",Florianópolis/SC,Florianópolis,NULL,Rua Professora Maria Flora Pausewang - Trindade,Valor:R$ 4.700,4700.0,33.0,NULL,1.0,NULL,142.42424242424244
https://www.brognoli.com.br/imovel/alugar-apartamento-com-38m-1-quarto-no-bairro-saco-dos-limoes-em-florianopolis_9584/,"Apartamento com 38m², 1 quarto, 1 garagem, no bairro Saco dos Limões em Florianópolis",Florianópolis/SC,Florianópolis,NULL,Rua João Motta Espezim - Saco dos Limões,Valor:R$ 3.300,3300.0,38.0,NULL,1.0,NULL,86.84210526315789
https://www.brognoli.com.br/imovel/alugar-apartamento-com-60m-2-quartos-no-bairro-centro-em-florianopolis_9579/,"Apartamento com 60m², 2 quartos, 2 suítes, 2 garagens, no bairro Centro em Florianópolis",Florianópolis/SC,Florianópolis,NULL,Avenida Hercílio Luz - Centro,Valor:R$ 5.400,5400.0,60.0,2.0,2.0,NULL,90.0
https://www.brognoli.com.br/imovel/alugar-salas-conjuntos-com-66m-no-bairro-centro-em-florianopolis_9578/,"Salas/Conjuntos com 66m², no bairro Centro em Florianópolis",Florianópolis/SC,Florianópolis,NULL,Avenida Pref. Osmar Cunha - Centro,Valor:R$ 2.300,2300.0,66.0,NULL,NULL,NULL,34.84848484848485
https://www.brognoli.com.br/imovel/alugar-apartamento-com-73m-2-quartos-no-bairro-agronomica-em-florianopolis_9567/,"Apartamento com 73m², 2 quartos, 2 suítes, 2 garagens, no bairro Agronômica em Florianópolis",Florianópolis/SC,Florianópolis,NULL,Rua Padre Schrader - Agronômica,Valor:R$ 5.800,5800.0,73.0,2.0,2.0,NULL,79.45205479452055
https://www.brognoli.com.br/imovel/alugar-sala-com-38m-no-bairro-centro-em-florianopolis_9534/,"Sala com 38m², no bairro Centro em Florianópolis",Florianópolis/SC,Florianópolis,NULL,Rua Tenente Silveira - Centro,Valor:R$ 1.400,1400.0,38.0,NULL,NULL,NULL,36.8421052631579
https://www.brognoli.com.br/imovel/alugar-apartamento-com-86m-3-quartos-no-bairro-centro-em-florianopolis_9533/,"Apartamento com 86m², 3 quartos, 1 suíte, 1 garagem, no bairro Centro em Florianópolis",Florianópolis/SC,Florianópolis,NULL,Rua Cristóvão Nunes Pires - Centro,Valor:R$ 4.700,4700.0,86.0,3.0,1.0,NULL,54.651162790697676
https://www.brognoli.com.br/imovel/alugar-sala-com-52m-no-bairro-centro-em-florianopolis_9532/,"Sala com 52m², no bairro Centro em Florianópolis",Florianópolis/SC,Florianópolis,NULL,Rua Praca Quinze de Novembro - Centro,Valor:R$ 1.150,1150.0,52.0,NULL,NULL,NULL,22.115384615384617
https://www.brognoli.com.br/imovel/alugar-apartamento-com-116m-3-quartos-no-bairro-trindade-em-florianopolis_9531/,"Apartamento com 116m², 3 quartos, 3 suítes, 2 garagens, no bairro Trindade em Florianópolis",Florianópolis/SC,Florianópolis,NULL,Rua Professor Milton Roque Ramos Krieger - Trindade,Valor:R$ 5.750,5750.0,116.0,3.0,2.0,NULL,49.56896551724138
https://www.brognoli.com.br/imovel/alugar-salas-conjuntos-com-32m-no-bairro-canto-em-florianopolis_9526/,"Salas/Conjuntos com 32m², 1 garagem, no bairro Canto em Florianópolis",Florianópolis/SC,Florianópolis,NULL,Rua General Liberato Bittencourt - Canto,Valor:R$ 2.775,2775.0,32.0,NULL,1.0,NULL,86.71875
https://www.brognoli.com.br/imovel/alugar-sala-com-46m-no-bairro-centro-em-florianopolis_9524/,"Sala com 46m², 1 garagem, no bairro Centro em Florianópolis",Florianópolis/SC,Florianópolis,NULL,Rua Emilio Blum - Centro,Valor:R$ 3.000,3000.0,46.0,NULL,1.0,NULL,65.21739130434783
https://www.brognoli.com.br/imovel/alugar-apartamento-com-350m-3-quartos-no-bairro-centro-em-florianopolis_9520/,"Apartamento com 350m², 3 quartos, 3 suítes, 2 garagens, no bairro Centro em Florianópolis",Florianópolis/SC,Florianópolis,NULL,Avenida Jornalista Rubens de Arruda Ramos - Centro,Valor:R$ 14.000,14000.0,350.0,3.0,2.0,NULL,40.0
https://www.brognoli.com.br/imovel/alugar-apartamento-com-90m-3-quartos-no-bairro-jurere-em-florianopolis_9511/,"Apartamento com 90m², 3 quartos, 2 suítes, 2 garagens, no bairro Jurerê em Florianópolis",Florianópolis/SC,Florianópolis,NULL,Avenida dos Dourados - Jurerê,Valor:R$ 10.300,10300.0,90.0,3.0,2.0,NULL,114.44444444444444
https://www.brognoli.com.br/imovel/comprar-casa-residencial-com-316m-4-quartos-no-bairro-saco-dos-limoes-em-florianopolis_C6-57617/,"Casa Residencial com 316m², 4 quartos, 1 suíte, 2 garagens, no bairro Saco Dos Limões em Florianópolis",Florianópolis/SC,Florianópolis,NULL,Rua Luiz Pedro Ferreira - Saco Dos Limões,Valor:R$ 2.850.000,2850000.0,316.0,4.0,2.0,NULL,9018.987341772152
https://www.brognoli.com.br/imovel/comprar-apartamentos-com-51m-1-quarto-no-bairro-cachoeira-do-bom-jesus-em-florianopolis_A43-57619/,"Apartamentos com 51m², 1 quarto, 1 suíte, 1 garagem, no bairro Cachoeira Do Bom Jesus em Florianópolis",Florianópolis/SC,Florianópolis,NULL,Rua da Caliandra Rosa - Cachoeira Do Bom Jesus,Valor:R$ 530.000,530000.0,51.0,NULL,1.0,NULL,10392.156862745098
https://www.brognoli.com.br/imovel/comprar-studio-residencial-com-40m-1-quarto-no-bairro-santo-antonio-de-lisboa-em-florianopolis_A60-57625/,"Studio Residencial com 40m², 1 quarto, 1 garagem, no bairro Santo Antônio De Lisboa em Florianópolis",Florianópolis/SC,Florianópolis,NULL,Estrada Caminho dos Açores - Santo Antônio De Lisboa,Valor:R$ 840.000,840000.0,40.0,NULL,1.0,NULL,21000.0
https://www.brognoli.com.br/imovel/comprar-apartamentos-com-63m-3-quartos-no-bairro-capoeiras-em-florianopolis_A90-57626/,"Apartamentos com 63m², 3 quartos, 1 garagem, no bairro Capoeiras em Florianópolis",Florianópolis/SC,Florianópolis,NULL,Rua Professora Áurea Cruz - Capoeiras,Valor:R$ 415.000,415000.0,63.0,3.0,1.0,NULL,6587.3015873015875
https://www.brognoli.com.br/imovel/comprar-apartamentos-com-48m-1-quarto-no-bairro-ingleses-do-rio-vermelho-em-florianopolis_A72-57610/,"Apartamentos com 48m², 1 quarto, 1 garagem, no bairro Ingleses do Rio Vermelho em Florianópolis",Florianópolis/SC,Florianópolis,NULL,Rua Brisamar - Ingleses do Rio Vermelho,Valor:R$ 560.000,560000.0,48.0,NULL,1.0,NULL,11666.666666666666
https://www.brognoli.com.br/imovel/comprar-apartamentos-com-74m-2-quartos-no-bairro-centro-em-florianopolis_A1-57614/,"Apartamentos com 74m², 2 quartos, 1 suíte, 1 garagem, no bairro Centro em Florianópolis",Florianópolis/SC,Florianópolis,NULL,Rua Professor Herminio Jacques - Centro,Valor:R$ 1.550.000,1550000.0,74.0,2.0,1.0,NULL,20945.945945945947
https://www.brognoli.com.br/imovel/comprar-apartamentos-com-91m-3-quartos-no-bairro-capoeiras-em-florianopolis_A37-57596/,"Apartamentos com 91m², 3 quartos, 1 garagem, no bairro Capoeiras em Florianópolis",Florianópolis/SC,Florianópolis,NULL,Rua Dom Pedro I - Capoeiras,Valor:R$ 400.000,400000.0,91.0,3.0,1.0,NULL,4395.604395604396
https://www.brognoli.com.br/imovel/comprar-apartamentos-com-78m-3-quartos-no-bairro-estreito-em-florianopolis_A149-57607/,"Apartamentos com 78m², 3 quartos, 1 suíte, 1 garagem, no bairro Estreito em Florianópolis",Florianópolis/SC,Florianópolis,NULL,Rua Professora Antonieta de Barros - Estreito,Valor:R$ 460.000,460000.0,78.0,3.0,1.0,NULL,5897.4358974358975
https://www.brognoli.com.br/imovel/comprar-apartamentos-com-92m-3-quartos-no-bairro-centro-em-florianopolis_A6-57608/,"Apartamentos com 92m², 3 quartos, 1 garagem, no bairro Centro em Florianópolis",Florianópolis/SC,Florianópolis,NULL,Avenida Hercílio Luz - Centro,Valor:R$ 720.000,720000.0,92.0,3.0,1.0,NULL,7826.086956521739
https://www.brognoli.com.br/imovel/comprar-apartamentos-com-53m-2-quartos-no-bairro-centro-em-florianopolis_A122-57601/,"Apartamentos com 53m², 2 quartos, no bairro Centro em Florianópolis",Florianópolis/SC,Florianópolis,NULL,Avenida Prefeito Osmar Cunha - Centro,Valor:R$ 560.000,560000.0,53.0,2.0,NULL,NULL,10566.037735849057
https://www.brognoli.com.br/imovel/comprar-casa-residencial-com-123m-3-quartos-no-bairro-ingleses-do-rio-vermelho-em-florianopolis_C43-57591/,"Casa Residencial com 123m², 3 quartos, 3 garagens, no bairro Ingleses do Rio Vermelho em Florianópolis",Florianópolis/SC,Florianópolis,NULL,Servidão José Manoel Pacifico - Ingleses do Rio Vermelho,Valor:R$ 990.000,990000.0,123.0,3.0,3.0,NULL,8048.780487804878
https://www.brognoli.com.br/imovel/comprar-apartamentos-com-69m-2-quartos-no-bairro-centro-em-florianopolis_A6-57594/,"Apartamentos com 69m², 2 quartos, 1 suíte, 1 garagem, no bairro Centro em Florianópolis",Florianópolis/SC,Florianópolis,NULL,Rua Irmão Joaquim - Centro,Valor:R$ 1.100.000,1100000.0,69.0,2.0,1.0,NULL,15942.028985507246
https://www.brognoli.com.br/imovel/comprar-casa-residencial-com-182m-3-quartos-no-bairro-campeche-em-florianopolis_C65-57593/,"Casa Residencial com 182m², 3 quartos, 1 suíte, 1 garagem, no bairro Campeche em Florianópolis",Florianópolis/SC,Florianópolis,NULL,Rua Coruja Dourada - Campeche,Valor:R$ 1.500.000,1500000.0,182.0,3.0,1.0,NULL,8241.758241758242
https://www.brognoli.com.br/imovel/comprar-apartamentos-com-58m-2-quartos-no-bairro-vargem-do-bom-jesus-em-florianopolis_A83-57585/,"Apartamentos com 58m², 2 quartos, 2 garagens, no bairro Vargem Do Bom Jesus em Florianópolis",Florianópolis/SC,Florianópolis,NULL,Estrada Anarolina Silveira Santos - Vargem Do Bom Jesus,Valor:R$ 530.000,530000.0,58.0,2.0,2.0,NULL,9137.931034482759
https://www.brognoli.com.br/imovel/comprar-casa-residencial-com-184m-3-quartos-no-bairro-campeche-em-florianopolis_C28-57575/,"Casa Residencial com 184m², 3 quartos, 1 suíte, 1 garagem, no bairro Campeche em Florianópolis",Florianópolis/SC,Florianópolis,NULL,Rodovia Francisco Magno Vieira - Campeche,Valor:R$ 1.895.000,1895000.0,184.0,3.0,1.0,NULL,10298.91304347826
https://www.brognoli.com.br/imovel/comprar-studio-residencial-com-49m-1-quarto-no-bairro-campeche-em-florianopolis_ST60-57574/,"Studio Residencial com 49m², 1 quarto, 1 garagem, no bairro Campeche em Florianópolis",Florianópolis/SC,Florianópolis,NULL,Rua Jerônimo Venâncio das Chagas - Campeche,Valor:R$ 1.395.000,1395000.0,49.0,NULL,1.0,NULL,28469.38775510204
https://www.brognoli.com.br/imovel/comprar-apartamentos-com-141m-3-quartos-no-bairro-centro-em-florianopolis_A40-57576/,"Apartamentos com 141m², 3 quartos, 1 suíte, 1 garagem, no bairro Centro em Florianópolis",Florianópolis/SC,Florianópolis,NULL,Rua Ferreira Lima - Centro,Valor:R$ 1.696.000,1696000.0,141.0,3.0,1.0,NULL,12028.368794326241
https://www.brognoli.com.br/imovel/comprar-apartamentos-com-152m-2-quartos-no-bairro-centro-em-florianopolis_A31-57579/,"Apartamentos com 152m², 2 quartos, 2 suítes, 1 garagem, no bairro Centro em Florianópolis",Florianópolis/SC,Florianópolis,NULL,Rua Barão de Batovi - Centro,Valor:R$ 2.900.000,2900000.0,152.0,2.0,1.0,NULL,19078.947368421053
https://www.brognoli.com.br/imovel/comprar-casa-residencial-com-10m-2-quartos-no-bairro-carianos-em-florianopolis_C31-57582/,"Casa Residencial com 10m², 2 quartos, 1 suíte, 2 garagens, no bairro Carianos em Florianópolis",Florianópolis/SC,Florianópolis,NULL,Rua Arco-Íris - Carianos,Valor:R$ 1.300.000,1300000.0,10.0,2.0,2.0,NULL,130000.0
https://www.brognoli.com.br/imovel/comprar-apartamentos-com-67m-2-quartos-no-bairro-centro-em-florianopolis_A10-57578/,"Apartamentos com 67m², 2 quartos, 1 suíte, 1 garagem, no bairro Centro em Florianópolis",Florianópolis/SC,Florianópolis,NULL,Rua Crispim Mira - Centro,Valor:R$ 870.000,870000.0,67.0,2.0,1.0,NULL,12985.074626865671
https://www.brognoli.com.br/imovel/comprar-apartamentos-com-64m-2-quartos-no-bairro-centro-em-florianopolis_A32-57580/,"Apartamentos com 64m², 2 quartos, 1 garagem, no bairro Centro em Florianópolis",Florianópolis/SC,Florianópolis,NULL,Avenida Mauro Ramos - Centro,Valor:R$ 585.000,585000.0,64.0,2.0,1.0,NULL,9140.625
https://www.brognoli.com.br/imovel/comprar-apartamentos-com-32m-1-quarto-no-bairro-canasvieiras-em-florianopolis_ST43-46933/,"Apartamentos com 32m², 1 quarto, 1 garagem, no bairro Canasvieiras em Florianópolis",Florianópolis/SC,Florianópolis,NULL,Avenida Professor Milton Leite da Costa - Canasvieiras,Valor:R$ 400.000,400000.0,32.0,NULL,1.0,NULL,12500.0
https://www.brognoli.com.br/imovel/comprar-sala-com-22m-no-bairro-centro-em-florianopolis_S12-57573/,"Sala com 22m², no bairro Centro em Florianópolis",Florianópolis/SC,Florianópolis,NULL,Rua Trajano - Centro,Valor:R$ 170.000,170000.0,22.0,NULL,NULL,NULL,7727.272727272727
https://www.brognoli.com.br/imovel/comprar-apartamentos-com-104m-3-quartos-no-bairro-coqueiros-em-florianopolis_A76-57555/,"Apartamentos com 104m², 3 quartos, 1 suíte, 1 garagem, no bairro Coqueiros em Florianópolis",Florianópolis/SC,Florianópolis,NULL,Avenida Engenheiro Max de Souza - Coqueiros,Valor:R$ 820.000,820000.0,104.0,3.0,1.0,NULL,7884.615384615385
https://www.brognoli.com.br/imovel/comprar-garagem-comercial-com-12m-no-bairro-centro-em-florianopolis_G109-57560/,"Garagem Comercial com 12m², no bairro Centro em Florianópolis",Florianópolis/SC,Florianópolis,NULL,Rua Felipe Schmidt - Centro,Valor:R$ 140.000,140000.0,12.0,NULL,NULL,NULL,11666.666666666666
https://www.brognoli.com.br/imovel/comprar-apartamentos-com-54m-1-quarto-no-bairro-campeche-em-florianopolis_A60-57568/,"Apartamentos com 54m², 1 quarto, 1 garagem, no bairro Campeche em Florianópolis",Florianópolis/SC,Florianópolis,NULL,Avenida Campeche - Campeche,Valor:R$ 1.220.000,1220000.0,54.0,NULL,1.0,NULL,22592.59259259259
https://www.brognoli.com.br/imovel/comprar-apartamentos-com-93m-2-quartos-no-bairro-morro-das-pedras-em-florianopolis_A60-57559/,"Apartamentos com 93m², 2 quartos, 1 suíte, 2 garagens, no bairro Morro Das Pedras em Florianópolis",Florianópolis/SC,Florianópolis,NULL,Rua Manoel Pedro Vieira - Morro Das Pedras,Valor:R$ 1.888.000,1888000.0,93.0,2.0,2.0,NULL,20301.075268817203
https://www.brognoli.com.br/imovel/comprar-studio-residencial-com-42m-1-quarto-no-bairro-campeche-em-florianopolis_ST60-57563/,"Studio Residencial com 42m², 1 quarto, 1 garagem, no bairro Campeche em Florianópolis",Florianópolis/SC,Florianópolis,NULL,Avenida Campeche - Campeche,Valor:R$ 895.000,895000.0,42.0,NULL,1.0,NULL,21309.52380952381
https://www.brognoli.com.br/imovel/comprar-casa-residencial-com-186m-3-quartos-no-bairro-campeche-em-florianopolis_C28-57567/,"Casa Residencial com 186m², 3 quartos, 1 suíte, 1 garagem, no bairro Campeche em Florianópolis",Florianópolis/SC,Florianópolis,NULL,Rodovia Francisco Magno Vieira - Campeche,Valor:R$ 1.845.000,1845000.0,186.0,3.0,1.0,NULL,9919.354838709678
https://www.brognoli.com.br/imovel/comprar-casa-residencial-com-104m-2-quartos-no-bairro-cachoeira-do-bom-jesus-em-florianopolis_C76-57557/,"Casa Residencial com 104m², 2 quartos, 1 garagem, no bairro Cachoeira Do Bom Jesus em Florianópolis",Florianópolis/SC,Florianópolis,NULL,Servidão Hilário Manoel da Silva - Cachoeira Do Bom Jesus,Valor:R$ 650.000,650000.0,104.0,2.0,1.0,NULL,6250.0
https://www.brognoli.com.br/imovel/comprar-casa-residencial-com-180m-3-quartos-no-bairro-saco-grande-em-florianopolis_C94-57556/,"Casa Residencial com 180m², 3 quartos, 3 suítes, 2 garagens, no bairro Saco Grande em Florianópolis",Florianópolis/SC,Florianópolis,NULL,Rodovia Virgílio Várzea - Saco Grande,Valor:R$ 1.590.000,1590000.0,180.0,3.0,2.0,NULL,8833.333333333334
https://www.brognoli.com.br/imovel/comprar-garagem-comercial-com-12m-no-bairro-centro-em-florianopolis_G109-57561/,"Garagem Comercial com 12m², 2 garagens, no bairro Centro em Florianópolis",Florianópolis/SC,Florianópolis,NULL,Rua Felipe Schmidt - Centro,Valor:R$ 140.000,140000.0,12.0,NULL,2.0,NULL,11666.666666666666
https://www.brognoli.com.br/imovel/comprar-apartamentos-com-90m-3-quartos-no-bairro-centro-em-florianopolis_A31-57569/,"Apartamentos com 90m², 3 quartos, 1 suíte, 1 garagem, no bairro Centro em Florianópolis",Florianópolis/SC,Florianópolis,NULL,Rua Desembargador Urbano Salles - Centro,Valor:R$ 1.010.000,1010000.0,90.0,3.0,1.0,NULL,11222.222222222223
https://www.brognoli.com.br/imovel/comprar-apartamentos-com-131m-2-quartos-no-bairro-trindade-em-florianopolis_A83-57572/,"Apartamentos com 131m², 2 quartos, 2 suítes, 2 garagens, no bairro Trindade em Florianópolis",Florianópolis/SC,Florianópolis,NULL,Rua Lauro Linhares - Trindade,Valor:R$ 1.290.000,1290000.0,131.0,2.0,2.0,NULL,9847.32824427481
https://www.brognoli.com.br/imovel/comprar-studio-residencial-com-30m-1-quarto-no-bairro-centro-em-florianopolis_ST155-57554/,"Studio Residencial com 30m², 1 quarto, 1 garagem, no bairro Centro em Florianópolis",Florianópolis/SC,Florianópolis,NULL,Rua Corália Ferreira da Luz - Centro,Valor:R$ 530.000,530000.0,30.0,NULL,1.0,NULL,17666.666666666668
https://www.brognoli.com.br/imovel/comprar-apartamentos-com-95m-3-quartos-no-bairro-centro-em-florianopolis_A31-57542/,"Apartamentos com 95m², 3 quartos, 1 suíte, 1 garagem, no bairro Centro em Florianópolis",Florianópolis/SC,Florianópolis,NULL,Rua Hermann Blumenau - Centro,Valor:R$ 900.000,900000.0,95.0,3.0,1.0,NULL,9473.684210526315
https://www.brognoli.com.br/imovel/comprar-casa-residencial-com-121m-3-quartos-no-bairro-campeche-em-florianopolis_C60-57543/,"Casa Residencial com 121m², 3 quartos, 1 suíte, 2 garagens, no bairro Campeche em Florianópolis",Florianópolis/SC,Florianópolis,NULL,Rua Camarinhas - Campeche,Valor:R$ 1.250.000,1250000.0,121.0,3.0,2.0,NULL,10330.578512396694
https://www.brognoli.com.br/imovel/comprar-studio-residencial-com-37m-1-quarto-no-bairro-coqueiros-em-florianopolis_ST12-57551/,"Studio Residencial com 37m², 1 quarto, 1 garagem, no bairro Coqueiros em Florianópolis",Florianópolis/SC,Florianópolis,NULL,Rua Marques de Carvalho - Coqueiros,Valor:R$ 675.000,675000.0,37.0,NULL,1.0,NULL,18243.243243243243
https://www.brognoli.com.br/imovel/comprar-apartamentos-com-45m-no-bairro-capoeiras-em-florianopolis_A47-57548/,"Apartamentos com 45m², 2 suítes, 1 garagem, no bairro Capoeiras em Florianópolis",Florianópolis/SC,Florianópolis,NULL,Rua Professora Áurea Cruz - Capoeiras,Valor:R$ 330.000,330000.0,45.0,NULL,1.0,NULL,7333.333333333333
https://www.brognoli.com.br/imovel/comprar-casa-residencial-com-96m-2-quartos-no-bairro-rio-tavares-em-florianopolis_C21-57550/,"Casa Residencial com 96m², 2 quartos, 2 garagens, no bairro Rio Tavares em Florianópolis",Florianópolis/SC,Florianópolis,NULL,Servidão do Boso - Rio Tavares,Valor:R$ 1.400.000,1400000.0,96.0,2.0,2.0,NULL,14583.333333333334
https://www.brognoli.com.br/imovel/comprar-apartamentos-com-58m-2-quartos-no-bairro-centro-em-florianopolis_A36-57545/,"Apartamentos com 58m², 2 quartos, no bairro Centro em Florianópolis",Florianópolis/SC,Florianópolis,NULL,Rua Pedro Ivo - Centro,Valor:R$ 400.000,400000.0,58.0,2.0,NULL,NULL,6896.551724137931
https://www.brognoli.com.br/imovel/comprar-casa-residencial-com-204m-4-quartos-no-bairro-agronomica-em-florianopolis_C40-57538/,"Casa Residencial com 204m², 4 quartos, 1 suíte, 2 garagens, no bairro Agronômica em Florianópolis",Florianópolis/SC,Florianópolis,NULL,Servidão Nossa Senhora do Caravaggio - Agronômica,Valor:R$ 1.490.000,1490000.0,204.0,4.0,2.0,NULL,7303.921568627451
https://www.brognoli.com.br/imovel/comprar-casa-residencial-com-302m-4-quartos-no-bairro-cacupe-em-florianopolis_C73-57552/,"Casa Residencial com 302m², 4 quartos, 4 suítes, 3 garagens, no bairro Cacupé em Florianópolis",Florianópolis/SC,Florianópolis,NULL,Estrada Haroldo Soares Glavan - Cacupé,Valor:R$ 3.990.000,3990000.0,302.0,4.0,3.0,NULL,13211.920529801324
https://www.brognoli.com.br/imovel/comprar-terrenos-residenciais-com-761m-no-bairro-cacupe-em-florianopolis_T73-57553/,"Terrenos Residenciais com 761m², no bairro Cacupé em Florianópolis",Florianópolis/SC,Florianópolis,NULL,Estrada Haroldo Soares Glavan - Cacupé,Valor:R$ 3.500.000,3500000.0,761.0,NULL,NULL,NULL,4599.211563731932
https://www.brognoli.com.br/imovel/comprar-apartamentos-com-67m-3-quartos-no-bairro-trindade-em-florianopolis_A94-57537/,"Apartamentos com 67m², 3 quartos, 1 garagem, no bairro Trindade em Florianópolis",Florianópolis/SC,Florianópolis,NULL,Rua Luiz Oscar de Carvalho - Trindade,Valor:R$ 530.000,530000.0,67.0,3.0,1.0,NULL,7910.44776119403
https://www.brognoli.com.br/imovel/comprar-casa-residencial-com-100m-2-quartos-no-bairro-ingleses-do-rio-vermelho-em-florianopolis_C39-57540/,"Casa Residencial com 100m², 2 quartos, 1 garagem, no bairro Ingleses do Rio Vermelho em Florianópolis",Florianópolis/SC,Florianópolis,NULL,Servidão Antônio dos Santos Lisboa - Ingleses do Rio Vermelho,Valor:R$ 500.000,500000.0,100.0,2.0,1.0,NULL,5000.0
https://www.brognoli.com.br/imovel/comprar-sobrado-residencial-com-80m-2-quartos-no-bairro-ingleses-do-rio-vermelho-em-florianopolis_C43-57544/,"Sobrado Residencial com 80m², 2 quartos, 2 suítes, 1 garagem, no bairro Ingleses do Rio Vermelho em Florianópolis",Florianópolis/SC,Florianópolis,NULL,Rua Olinda Rosa da Conceição - Ingleses do Rio Vermelho,Valor:R$ 405.000,405000.0,80.0,2.0,1.0,NULL,5062.5
https://www.brognoli.com.br/imovel/comprar-casa-residencial-com-122m-3-quartos-no-bairro-ingleses-do-rio-vermelho-em-florianopolis_C84-57525/,"Casa Residencial com 122m², 3 quartos, 2 suítes, 2 garagens, no bairro Ingleses do Rio Vermelho em Florianópolis",Florianópolis/SC,Florianópolis,NULL,Rua Nivaldo Alfredo Silva - Ingleses do Rio Vermelho,Valor:R$ 750.000,750000.0,122.0,3.0,2.0,NULL,6147.540983606557
https://www.brognoli.com.br/imovel/comprar-studio-residencial-com-50m-1-quarto-no-bairro-corrego-grande-em-florianopolis_A67-57531/,"Studio Residencial com 50m², 1 quarto, 1 garagem, no bairro Córrego Grande em Florianópolis",Florianópolis/SC,Florianópolis,NULL,Rua João Pio Duarte Silva - Córrego Grande,Valor:R$ 888.000,888000.0,50.0,NULL,1.0,NULL,17760.0
https://www.brognoli.com.br/imovel/comprar-casa-residencial-com-183m-3-quartos-no-bairro-campeche-em-florianopolis_C28-57532/,"Casa Residencial com 183m², 3 quartos, 1 suíte, 1 garagem, no bairro Campeche em Florianópolis",Florianópolis/SC,Florianópolis,NULL,Rodovia Francisco Magno Vieira - Campeche,Valor:R$ 1.845.000,1845000.0,183.0,3.0,1.0,NULL,10081.967213114754
https://www.brognoli.com.br/imovel/comprar-casa-em-condominio-com-119m-4-quartos-no-bairro-centro-em-florianopolis_C1-57523/,"Casa em Condomínio com 119m², 4 quartos, 1 suíte, 2 garagens, no bairro Centro em Florianópolis",Florianópolis/SC,Florianópolis,NULL,Rua Desembargador Arno Hoeschl - Centro,Valor:R$ 1.500.000,1500000.0,119.0,4.0,2.0,NULL,12605.042016806723
https://www.brognoli.com.br/imovel/comprar-casa-residencial-com-80m-2-quartos-no-bairro-sao-joao-do-rio-vermelho-em-florianopolis_C22-57533/,"Casa Residencial com 80m², 2 quartos, 1 suíte, 1 garagem, no bairro São João Do Rio Vermelho em Florianópolis",Florianópolis/SC,Florianópolis,NULL,Servidão Alayde Francisca de Oliveira - São João Do Rio Vermelho,Valor:R$ 490.000,490000.0,80.0,2.0,1.0,NULL,6125.0
https://www.brognoli.com.br/imovel/comprar-terrenos-residenciais-com-401m-no-bairro-pantano-do-sul-em-florianopolis_T28-57510/,"Terrenos Residenciais com 401m², no bairro Pântano do Sul em Florianópolis",Florianópolis/SC,Florianópolis,NULL,Rodovia Francisco Thomaz dos Santos - Pântano do Sul,Valor:R$ 900.000,900000.0,401.0,NULL,NULL,NULL,2244.3890274314213
https://www.brognoli.com.br/imovel/comprar-terrenos-residenciais-com-474m-no-bairro-campeche-em-florianopolis_T28-57514/,"Terrenos Residenciais com 474m², no bairro Campeche em Florianópolis",Florianópolis/SC,Florianópolis,NULL,Rua Joaquim José Antunes - Campeche,Valor:R$ 1.100.000,1100000.0,474.0,NULL,NULL,NULL,2320.675105485232
https://www.brognoli.com.br/imovel/comprar-apartamentos-com-79m-1-quarto-no-bairro-trindade-em-florianopolis_A65-57518/,"Apartamentos com 79m², 1 quarto, 1 suíte, no bairro Trindade em Florianópolis",Florianópolis/SC,Florianópolis,NULL,Rua Lauro Linhares - Trindade,Valor:R$ 520.000,520000.0,79.0,NULL,0.0,NULL,6582.278481012659
https://www.brognoli.com.br/imovel/comprar-apartamentos-com-74m-3-quartos-no-bairro-capoeiras-em-florianopolis_A153-57513/,"Apartamentos com 74m², 3 quartos, 1 garagem, no bairro Capoeiras em Florianópolis",Florianópolis/SC,Florianópolis,NULL,Rua DIB CHEREM - Capoeiras,Valor:R$ 550.000,550000.0,74.0,3.0,1.0,NULL,7432.4324324324325
https://www.brognoli.com.br/imovel/comprar-apartamentos-com-75m-2-quartos-no-bairro-centro-em-florianopolis_A83-57512/,"Apartamentos com 75m², 2 quartos, 1 suíte, 2 garagens, no bairro Centro em Florianópolis",Florianópolis/SC,Florianópolis,NULL,Rua Presidente Coutinho - Centro,Valor:R$ 1.400.000,1400000.0,75.0,2.0,2.0,NULL,18666.666666666668
https://www.brognoli.com.br/imovel/comprar-garagem-comercial-com-12m-no-bairro-centro-em-florianopolis_G109-57517/,"Garagem Comercial com 12m², 33 garagens, no bairro Centro em Florianópolis",Florianópolis/SC,Florianópolis,NULL,Rua Felipe Schmidt - Centro,Valor:R$ 90.000,90000.0,12.0,NULL,33.0,NULL,7500.0
https://www.brognoli.com.br/imovel/comprar-apartamentos-com-79m-2-quartos-no-bairro-estreito-em-florianopolis_A159-57515/,"Apartamentos com 79m², 2 quartos, 2 suítes, 1 garagem, no bairro Estreito em Florianópolis",Florianópolis/SC,Florianópolis,NULL,Rua Afonso Pena - Estreito,Valor:R$ 1.350.000,1350000.0,79.0,2.0,1.0,NULL,17088.607594936708
https://www.brognoli.com.br/imovel/comprar-apartamentos-com-63m-2-quartos-no-bairro-capoeiras-em-florianopolis_A32-57506/,"Apartamentos com 63m², 2 quartos, 1 garagem, no bairro Capoeiras em Florianópolis",Florianópolis/SC,Florianópolis,NULL,Rua JOAQUIM NABUCO - Capoeiras,Valor:R$ 497.000,497000.0,63.0,2.0,1.0,NULL,7888.888888888889
https://www.brognoli.com.br/imovel/comprar-terrenos-residenciais-com-403m-no-bairro-pantano-do-sul-em-florianopolis_T28-57505/,"Terrenos Residenciais com 403m², no bairro Pântano do Sul em Florianópolis",Florianópolis/SC,Florianópolis,NULL,Rodovia Francisco Thomaz dos Santos - Pântano do Sul,Valor:R$ 800.000,800000.0,403.0,NULL,NULL,NULL,1985.1116625310174
https://www.brognoli.com.br/imovel/comprar-cobertura-com-418m-3-quartos-no-bairro-centro-em-florianopolis_CB32-57508/,"Cobertura com 418m², 3 quartos, 3 suítes, 4 garagens, no bairro Centro em Florianópolis",Florianópolis/SC,Florianópolis,NULL,Rua Doutor Armínio Tavares - Centro,Valor:R$ 10.900.000,10900000.0,418.0,3.0,4.0,NULL,26076.555023923444
https://www.brognoli.com.br/imovel/comprar-casa-residencial-com-124m-4-quartos-no-bairro-campeche-em-florianopolis_C8-57498/,"Casa Residencial com 124m², 4 quartos, 4 garagens, no bairro Campeche em Florianópolis",Florianópolis/SC,Florianópolis,NULL,Servidão Canto das Pérolas - Campeche,Valor:R$ 1.300.000,1300000.0,124.0,4.0,4.0,NULL,10483.870967741936
https://www.brognoli.com.br/imovel/comprar-apartamentos-com-95m-3-quartos-no-bairro-centro-em-florianopolis_A155-57497/,"Apartamentos com 95m², 3 quartos, 1 suíte, 1 garagem, no bairro Centro em Florianópolis",Florianópolis/SC,Florianópolis,NULL,Rua Hermann Blumenau - Centro,Valor:R$ 850.000,850000.0,95.0,3.0,1.0,NULL,8947.368421052632
https://www.brognoli.com.br/imovel/comprar-apartamentos-com-74m-2-quartos-no-bairro-ingleses-do-rio-vermelho-em-florianopolis_A28-57499/,"Apartamentos com 74m², 2 quartos, 1 suíte, 1 garagem, no bairro Ingleses do Rio Vermelho em Florianópolis",Florianópolis/SC,Florianópolis,NULL,Rua Ilha das Galés - Ingleses do Rio Vermelho,Valor:R$ 850.000,850000.0,74.0,2.0,1.0,NULL,11486.486486486487
https://www.brognoli.com.br/imovel/comprar-casa-residencial-com-85m-2-quartos-no-bairro-canto-em-florianopolis_C47-57504/,"Casa Residencial com 85m², 2 quartos, 2 garagens, no bairro Canto em Florianópolis",Florianópolis/SC,Florianópolis,NULL,Rua José Abreu - Canto,Valor:R$ 680.000,680000.0,85.0,2.0,2.0,NULL,8000.0
https://www.brognoli.com.br/imovel/comprar-casa-residencial-com-153m-3-quartos-no-bairro-ingleses-do-rio-vermelho-em-florianopolis_C36-57502/,"Casa Residencial com 153m², 3 quartos, 1 suíte, 1 garagem, no bairro Ingleses do Rio Vermelho em Florianópolis",Florianópolis/SC,Florianópolis,NULL,Rua dos Golfinhos - Ingleses do Rio Vermelho,Valor:R$ 1.850.000,1850000.0,153.0,3.0,1.0,NULL,12091.503267973856
https://www.brognoli.com.br/imovel/comprar-casa-em-condominio-com-842m-4-quartos-no-bairro-cacupe-em-florianopolis_C73-57501/,"Casa em Condomínio com 842m², 4 quartos, 4 suítes, 5 garagens, no bairro Cacupé em Florianópolis",Florianópolis/SC,Florianópolis,NULL,Estrada Haroldo Soares Glavan - Cacupé,Valor:R$ 15.000.000,15000000.0,842.0,4.0,5.0,NULL,17814.726840855106
https://www.brognoli.com.br/imovel/comprar-apartamentos-com-93m-3-quartos-no-bairro-centro-em-florianopolis_A155-57482/,"Apartamentos com 93m², 3 quartos, 1 suíte, 1 garagem, no bairro Centro em Florianópolis",Florianópolis/SC,Florianópolis,NULL,Avenida Hercílio Luz - Centro,Valor:R$ 895.000,895000.0,93.0,3.0,1.0,NULL,9623.655913978495
https://www.brognoli.com.br/imovel/comprar-apartamentos-com-110m-3-quartos-no-bairro-centro-em-florianopolis_A12-57481/,"Apartamentos com 110m², 3 quartos, 1 suíte, 2 garagens, no bairro Centro em Florianópolis",Florianópolis/SC,Florianópolis,NULL,Rua Frei Evaristo - Centro,Valor:R$ 1.500.000,1500000.0,110.0,3.0,2.0,NULL,13636.363636363636
https://www.brognoli.com.br/imovel/comprar-casa-residencial-com-259m-3-quartos-no-bairro-campeche-em-florianopolis_C42-57487/,"Casa Residencial com 259m², 3 quartos, 3 suítes, 2 garagens, no bairro Campeche em Florianópolis",Florianópolis/SC,Florianópolis,NULL,Rodovia Aparício Ramos Cordeiro - Campeche,Valor:R$ 3.500.000,3500000.0,259.0,3.0,2.0,NULL,13513.513513513513
https://www.brognoli.com.br/imovel/comprar-apartamentos-com-68m-2-quartos-no-bairro-itacorubi-em-florianopolis_A21-57491/,"Apartamentos com 68m², 2 quartos, 1 suíte, 2 garagens, no bairro Itacorubi em Florianópolis",Florianópolis/SC,Florianópolis,NULL,Rodovia Admar Gonzaga - Itacorubi,Valor:R$ 1.200.000,1200000.0,68.0,2.0,2.0,NULL,17647.058823529413
https://www.brognoli.com.br/imovel/comprar-sobrado-residencial-com-85m-2-quartos-no-bairro-ingleses-do-rio-vermelho-em-florianopolis_C132-57484/,"Sobrado Residencial com 85m², 2 quartos, 1 suíte, 1 garagem, no bairro Ingleses do Rio Vermelho em Florianópolis",Florianópolis/SC,Florianópolis,NULL,Servidão Domingos Luiz dos Santos - Ingleses do Rio Vermelho,Valor:R$ 400.000,400000.0,85.0,2.0,1.0,NULL,4705.882352941177
https://www.brognoli.com.br/imovel/comprar-apartamentos-com-108m-4-quartos-no-bairro-centro-em-florianopolis_A17-57479/,"Apartamentos com 108m², 4 quartos, 1 suíte, 2 garagens, no bairro Centro em Florianópolis",Florianópolis/SC,Florianópolis,NULL,Rua Duarte Schutel - Centro,Valor:R$ 1.590.000,1590000.0,108.0,4.0,2.0,NULL,14722.222222222223
https://www.brognoli.com.br/imovel/comprar-sala-com-156m-no-bairro-joao-paulo-em-florianopolis_S91-57474/,"Sala com 156m², 3 garagens, no bairro João Paulo em Florianópolis",Florianópolis/SC,Florianópolis,NULL,Rodovia José Carlos Daux - João Paulo,Valor:R$ 1.600.000,1600000.0,156.0,NULL,3.0,NULL,10256.410256410256
https://www.brognoli.com.br/imovel/alugar-apartamento-com-55m-2-quartos-no-bairro-aririu-em-palhoca_9748/,"Apartamento com 55m², 2 quartos, 1 garagem, no bairro Aririu em Palhoça",Palhoça/SC,Palhoça,NULL,Rua Giovanni Pisano - Aririu,Valor:R$ 2.200,2200.0,55.0,2.0,1.0,NULL,40.0
https://www.brognoli.com.br/imovel/alugar-galpao-com-1920m-no-bairro-passa-vinte-em-palhoca_9704/,"Galpão com 1920m², no bairro Passa Vinte em Palhoça",Palhoça/SC,Palhoça,NULL,Rodovia Br101 - Passa Vinte,Valor:R$ 48.000,48000.0,1920.0,NULL,NULL,NULL,25.0
https://www.brognoli.com.br/imovel/alugar-sala-com-732m-no-bairro-centro-em-palhoca_9673/,"Sala com 732m², 25 garagens, no bairro Centro em Palhoça",Palhoça/SC,Palhoça,NULL,Rua Tenente Francisco Lehmkhul - Centro,Valor:R$ 19.900,19900.0,732.0,NULL,25.0,NULL,27.185792349726775
https://www.brognoli.com.br/imovel/alugar-galpao-com-1600m-no-bairro-alto-aririu-em-palhoca_9662/,"Galpão com 1600m², no bairro Alto Aririu em Palhoça",Palhoça/SC,Palhoça,NULL,Rua Elson Avila - Alto Aririu,Valor:R$ 46.400,46400.0,1600.0,NULL,NULL,NULL,29.0
https://www.brognoli.com.br/imovel/alugar-predio-com-900m-no-bairro-ponte-do-imaruim-em-palhoca_9654/,"Prédio com 900m², 12 garagens, no bairro Ponte do Imaruim em Palhoça",Palhoça/SC,Palhoça,NULL,Avenida Aniceto Zacchi - Ponte do Imaruim,Valor:R$ 25.000,25000.0,900.0,NULL,12.0,NULL,27.77777777777778
https://www.brognoli.com.br/imovel/alugar-loja-com-1914m-no-bairro-jardim-eldorado-em-palhoca_9558/,"Loja com 1914m², no bairro Jardim Eldorado em Palhoça",Palhoça/SC,Palhoça,NULL,Avenida Caetano Silveira - Jardim Eldorado,Valor:R$ 47.864,47864.0,1914.0,NULL,NULL,NULL,25.007314524555905
https://www.brognoli.com.br/imovel/alugar-apartamento-com-35m-1-quarto-no-bairro-pedra-branca-em-palhoca_9268/,"Apartamento com 35m², 1 quarto, 1 garagem, no bairro Pedra Branca em Palhoça",Palhoça/SC,Palhoça,NULL,Avenida Pedra Branca - Pedra Branca,Valor:R$ 1.600,1600.0,35.0,NULL,1.0,NULL,45.714285714285715
https://www.brognoli.com.br/imovel/alugar-terreno-com-360m-no-bairro-brejaru-em-palhoca_8730/,"Terreno com 360m², no bairro Brejarú em Palhoça",Palhoça/SC,Palhoça,NULL,Rua Olavo Bilac - Brejarú,Valor:R$ 5.000,5000.0,360.0,NULL,NULL,NULL,13.88888888888889
https://www.brognoli.com.br/imovel/alugar-terreno-com-3000m-no-bairro-brejaru-em-palhoca_8717/,"Terreno com 3000m², no bairro Brejarú em Palhoça",Palhoça/SC,Palhoça,NULL,Avenida Guilherme Scharf - Brejarú,Valor:R$ 10.000,10000.0,3000.0,NULL,NULL,NULL,3.3333333333333335
https://www.brognoli.com.br/imovel/comprar-casa-residencial-com-150m-3-quartos-no-bairro-rio-grande-em-palhoca_C4-57541/,"Casa Residencial com 150m², 3 quartos, 1 garagem, no bairro Rio Grande em Palhoça",Palhoça/SC,Palhoça,NULL,Rua Adelino Vicente Melo - Rio Grande,Valor:R$ 490.000,490000.0,150.0,3.0,1.0,NULL,3266.6666666666665
https://www.brognoli.com.br/imovel/comprar-casa-residencial-com-189m-3-quartos-no-bairro-centro-em-palhoca_C21-57539/,"Casa Residencial com 189m², 3 quartos, 1 suíte, 2 garagens, no bairro Centro em Palhoça",Palhoça/SC,Palhoça,NULL,Rua Mário Neves de Oliveira - Centro,Valor:R$ 1.480.000,1480000.0,189.0,3.0,2.0,NULL,7830.687830687831
https://www.brognoli.com.br/imovel/comprar-terreno-comercial-residencial-com-988m-no-bairro-jardim-eldorado-em-palhoca_T73-57549/,"Terreno Comercial/Residencial com 988m², no bairro Jardim Eldorado em Palhoça",Palhoça/SC,Palhoça,NULL,Avenida Caetano Silveira - Jardim Eldorado,Valor:R$ 2.300.000,2300000.0,988.0,NULL,NULL,NULL,2327.935222672065
https://www.brognoli.com.br/imovel/comprar-casa-residencial-com-136m-2-quartos-no-bairro-centro-em-palhoca_C155-57486/,"Casa Residencial com 136m², 2 quartos, 1 garagem, no bairro Centro em Palhoça",Palhoça/SC,Palhoça,NULL,Rua Daniel Carlos Weingartner - Centro,Valor:R$ 816.000,816000.0,136.0,2.0,1.0,NULL,6000.0
https://www.brognoli.com.br/imovel/comprar-sobrado-residencial-com-101m-3-quartos-no-bairro-ponte-do-imaruim-em-palhoca_C43-57485/,"Sobrado Residencial com 101m², 3 quartos, 1 suíte, 2 garagens, no bairro Ponte Do Imaruim em Palhoça",Palhoça/SC,Palhoça,NULL,Rua Armando Siegel - Ponte Do Imaruim,Valor:R$ 799.000,799000.0,101.0,3.0,2.0,NULL,7910.891089108911
https://www.brognoli.com.br/imovel/comprar-apartamentos-com-85m-3-quartos-no-bairro-pagani-em-palhoca_A43-57492/,"Apartamentos com 85m², 3 quartos, 1 suíte, 1 garagem, no bairro Pagani em Palhoça",Palhoça/SC,Palhoça,NULL,Rua Capri - Pagani,Valor:R$ 665.000,665000.0,85.0,3.0,1.0,NULL,7823.529411764706
https://www.brognoli.com.br/imovel/comprar-apartamentos-com-45m-2-quartos-no-bairro-bela-vista-em-palhoca_A90-57467/,"Apartamentos com 45m², 2 quartos, 1 garagem, no bairro Bela Vista em Palhoça",Palhoça/SC,Palhoça,NULL,Avenida Valfride Vieira Martins - Bela Vista,Valor:R$ 260.000,260000.0,45.0,2.0,1.0,NULL,5777.777777777777
https://www.brognoli.com.br/imovel/comprar-apartamentos-com-124m-3-quartos-no-bairro-centro-em-palhoca_A32-57461/,"Apartamentos com 124m², 3 quartos, 1 suíte, 1 garagem, no bairro Centro em Palhoça",Palhoça/SC,Palhoça,NULL,Avenida Barão do Rio Branco - Centro,Valor:R$ 797.000,797000.0,124.0,3.0,1.0,NULL,6427.419354838709
https://www.brognoli.com.br/imovel/comprar-terreno-inativo-com-871m-no-bairro-pagani-em-palhoca_T42-57428/,"Terreno Inativo com 871m², no bairro Pagani em Palhoça",Palhoça/SC,Palhoça,NULL,Rua Padova - Pagani,Valor:R$ 1.700.000,1700000.0,871.0,NULL,NULL,NULL,1951.7795637198622
https://www.brognoli.com.br/imovel/comprar-casa-em-condominio-com-41m-2-quartos-no-bairro-bela-vista-em-palhoca_C149-57324/,"Casa em Condomínio com 41m², 2 quartos, 1 garagem, no bairro Bela Vista em Palhoça",Palhoça/SC,Palhoça,NULL,Avenida Paulo Roberto Vidal - Bela Vista,Valor:R$ 280.000,280000.0,41.0,2.0,1.0,NULL,6829.268292682927
https://www.brognoli.com.br/imovel/comprar-apartamentos-com-72m-2-quartos-no-bairro-pedra-branca-em-palhoca_A37-57250/,"Apartamentos com 72m², 2 quartos, 1 suíte, 1 garagem, no bairro Pedra Branca em Palhoça",Palhoça/SC,Palhoça,NULL,Rua das Cegonhas - Pedra Branca,Valor:R$ 750.000,750000.0,72.0,2.0,1.0,NULL,10416.666666666666
https://www.brognoli.com.br/imovel/comprar-apartamentos-com-85m-3-quartos-no-bairro-pagani-em-palhoca_A78-57204/,"Apartamentos com 85m², 3 quartos, 1 suíte, 2 garagens, no bairro Pagani em Palhoça",Palhoça/SC,Palhoça,NULL,Rua Capri - Pagani,Valor:R$ 885.000,885000.0,85.0,3.0,2.0,NULL,10411.764705882353
https://www.brognoli.com.br/imovel/comprar-casa-residencial-com-80m-3-quartos-no-bairro-bela-vista-em-palhoca_C159-57182/,"Casa Residencial com 80m², 3 quartos, 1 suíte, 2 garagens, no bairro Bela Vista em Palhoça",Palhoça/SC,Palhoça,NULL,Rua Miguel Batista da Silva - Bela Vista,Valor:R$ 600.000,600000.0,80.0,3.0,2.0,NULL,7500.0
https://www.brognoli.com.br/imovel/comprar-terreno-comercial-residencial-com-300m-no-bairro-jardim-eldorado-em-palhoca_T32-57158/,"Terreno Comercial/Residencial com 300m², no bairro Jardim Eldorado em Palhoça",Palhoça/SC,Palhoça,NULL,Rua Governador Pedro Ivo Campos - Jardim Eldorado,Valor:R$ 480.000,480000.0,300.0,NULL,NULL,NULL,1600.0
https://www.brognoli.com.br/imovel/comprar-apartamentos-com-71m-2-quartos-no-bairro-pedra-branca-em-palhoca_A51--57122/,"Apartamentos com 71m², 2 quartos, 1 suíte, 1 garagem, no bairro Pedra Branca em Palhoça",Palhoça/SC,Palhoça,NULL,Rua da Pedra - Pedra Branca,Valor:R$ 1.074.300,1074300.0,71.0,2.0,1.0,NULL,15130.985915492958
https://www.brognoli.com.br/imovel/comprar-casa-residencial-com-180m-4-quartos-no-bairro-passa-vinte-em-palhoca_C6-57099/,"Casa Residencial com 180m², 4 quartos, 2 suítes, 2 garagens, no bairro Passa Vinte em Palhoça",Palhoça/SC,Palhoça,NULL,Rua Prefeito Reinoldo Alves - Passa Vinte,Valor:R$ 1.400.000,1400000.0,180.0,4.0,2.0,NULL,7777.777777777777
https://www.brognoli.com.br/imovel/comprar-apartamentos-com-65m-2-quartos-no-bairro-pedra-branca-em-palhoca_A159-57060/,"Apartamentos com 65m², 2 quartos, 1 suíte, 2 garagens, no bairro Pedra Branca em Palhoça",Palhoça/SC,Palhoça,NULL,Rua das Cerejeiras - Pedra Branca,Valor:R$ 650.000,650000.0,65.0,2.0,2.0,NULL,10000.0
https://www.brognoli.com.br/imovel/comprar-apartamentos-com-95m-3-quartos-no-bairro-pedra-branca-em-palhoca_A78-57031/,"Apartamentos com 95m², 3 quartos, 1 suíte, 1 garagem, no bairro Pedra Branca em Palhoça",Palhoça/SC,Palhoça,NULL,Rua do Bunganvília - Pedra Branca,Valor:R$ 980.000,980000.0,95.0,3.0,1.0,NULL,10315.78947368421
https://www.brognoli.com.br/imovel/comprar-apartamentos-com-98m-3-quartos-no-bairro-pedra-branca-em-palhoca_A78-57033/,"Apartamentos com 98m², 3 quartos, 1 suíte, 1 garagem, no bairro Pedra Branca em Palhoça",Palhoça/SC,Palhoça,NULL,Rua do Bunganvília - Pedra Branca,Valor:R$ 980.000,980000.0,98.0,3.0,1.0,NULL,10000.0
https://www.brognoli.com.br/imovel/comprar-apartamentos-com-135m-3-quartos-no-bairro-pedra-branca-em-palhoca_A149-56994/,"Apartamentos com 135m², 3 quartos, 2 suítes, 2 garagens, no bairro Pedra Branca em Palhoça",Palhoça/SC,Palhoça,NULL,Rua dos Cardeais - Pedra Branca,Valor:R$ 1.850.000,1850000.0,135.0,3.0,2.0,NULL,13703.703703703704
https://www.brognoli.com.br/imovel/comprar-cobertura-com-125m-3-quartos-no-bairro-pedra-branca-em-palhoca_CB149-56995/,"Cobertura com 125m², 3 quartos, 2 suítes, 2 garagens, no bairro Pedra Branca em Palhoça",Palhoça/SC,Palhoça,NULL,Rua dos Cardeais - Pedra Branca,Valor:R$ 1.760.000,1760000.0,125.0,3.0,2.0,NULL,14080.0
https://www.brognoli.com.br/imovel/comprar-galpao-loja-com-360m-no-bairro-jardim-eldorado-em-palhoca_L78-56981/,"Galpão/Loja com 360m², no bairro Jardim Eldorado em Palhoça",Palhoça/SC,Palhoça,NULL,Rua Nossa Senhora Aparecida - Jardim Eldorado,Valor:R$ 2.120.000,2120000.0,360.0,NULL,NULL,NULL,5888.888888888889
https://www.brognoli.com.br/imovel/comprar-apartamentos-com-61m-2-quartos-no-bairro-sao-sebastiao-em-palhoca_A90-56970/,"Apartamentos com 61m², 2 quartos, 1 garagem, no bairro São Sebastião em Palhoça",Palhoça/SC,Palhoça,NULL,Rua Luiz Aléssio Lenhani - São Sebastião,Valor:R$ 259.000,259000.0,61.0,2.0,1.0,NULL,4245.901639344263
https://www.brognoli.com.br/imovel/comprar-casa-residencial-com-300m-4-quartos-no-bairro-praia-do-sonho-ens-brito-em-palhoca_C78-56959/,"Casa Residencial com 300m², 4 quartos, 2 suítes, 2 garagens, no bairro Praia do Sonho (Ens Brito) em Palhoça",Palhoça/SC,Palhoça,NULL,Rua Itaipú - Praia do Sonho (Ens Brito),Valor:R$ 1.750.000,1750000.0,300.0,4.0,2.0,NULL,5833.333333333333
https://www.brognoli.com.br/imovel/comprar-casa-residencial-com-233m-3-quartos-no-bairro-pedra-branca-em-palhoca_C21-56943/,"Casa Residencial com 233m², 3 quartos, 1 suíte, 4 garagens, no bairro Pedra Branca em Palhoça",Palhoça/SC,Palhoça,NULL,Rua das Macieiras - Pedra Branca,Valor:R$ 1.670.000,1670000.0,233.0,3.0,4.0,NULL,7167.381974248927
https://www.brognoli.com.br/imovel/comprar-casa-residencial-com-136m-3-quartos-no-bairro-jardim-eldorado-em-palhoca_C78-56816/,"Casa Residencial com 136m², 3 quartos, 2 garagens, no bairro Jardim Eldorado em Palhoça",Palhoça/SC,Palhoça,NULL,Rua Nossa Senhora Aparecida - Jardim Eldorado,Valor:R$ 750.000,750000.0,136.0,3.0,2.0,NULL,5514.705882352941
https://www.brognoli.com.br/imovel/comprar-casa-residencial-com-86m-3-quartos-no-bairro-bela-vista-em-palhoca_C149-56750/,"Casa Residencial com 86m², 3 quartos, 2 garagens, no bairro Bela Vista em Palhoça",Palhoça/SC,Palhoça,NULL,Avenida Paulo Roberto Vidal - Bela Vista,Valor:R$ 362.000,362000.0,86.0,3.0,2.0,NULL,4209.302325581395
https://www.brognoli.com.br/imovel/comprar-casa-em-condominio-com-200m-3-quartos-no-bairro-praia-de-fora-em-palhoca_C78-56683/,"Casa em Condomínio com 200m², 3 quartos, 2 garagens, no bairro Praia De Fora em Palhoça",Palhoça/SC,Palhoça,NULL,Rua Arcanjo Cândido da Silva - Praia De Fora,Valor:R$ 750.000,750000.0,200.0,3.0,2.0,NULL,3750.0
https://www.brognoli.com.br/imovel/comprar-casa-em-condominio-com-339m-4-quartos-no-bairro-pedra-branca-em-palhoca_C21-56608/,"Casa em Condomínio com 339m², 4 quartos, 4 suítes, 4 garagens, no bairro Pedra Branca em Palhoça",Palhoça/SC,Palhoça,NULL,Rua Lagoinha - Pedra Branca,Valor:R$ 3.150.000,3150000.0,339.0,4.0,4.0,NULL,9292.035398230088
https://www.brognoli.com.br/imovel/comprar-casa-em-condominio-com-174m-3-quartos-no-bairro-pedra-branca-em-palhoca_C21-56609/,"Casa em Condomínio com 174m², 3 quartos, 1 suíte, 4 garagens, no bairro Pedra Branca em Palhoça",Palhoça/SC,Palhoça,NULL,Rua Lagoinha - Pedra Branca,Valor:R$ 2.650.000,2650000.0,174.0,3.0,4.0,NULL,15229.885057471265
https://www.brognoli.com.br/imovel/comprar-apartamentos-com-115m-3-quartos-no-bairro-pagani-em-palhoca_A64-56571/,"Apartamentos com 115m², 3 quartos, 1 suíte, 1 garagem, no bairro Pagani em Palhoça",Palhoça/SC,Palhoça,NULL,Rua Veneza - Pagani,Valor:R$ 950.000,950000.0,115.0,3.0,1.0,NULL,8260.869565217392
https://www.brognoli.com.br/imovel/comprar-casa-residencial-com-85m-2-quartos-no-bairro-bela-vista-em-palhoca_C64-56562/,"Casa Residencial com 85m², 2 quartos, 2 suítes, 1 garagem, no bairro Bela Vista em Palhoça",Palhoça/SC,Palhoça,NULL,Rua Lídia Verônica Martins - Bela Vista,Valor:R$ 490.000,490000.0,85.0,2.0,1.0,NULL,5764.705882352941
https://www.brognoli.com.br/imovel/comprar-apartamentos-com-72m-2-quartos-no-bairro-pedra-branca-em-palhoca_A148-56534/,"Apartamentos com 72m², 2 quartos, 1 suíte, 1 garagem, no bairro Pedra Branca em Palhoça",Palhoça/SC,Palhoça,NULL,Rua Recanto dos Santos - Pedra Branca,Valor:R$ 365.000,365000.0,72.0,2.0,1.0,NULL,5069.444444444444
https://www.brognoli.com.br/imovel/comprar-apartamentos-com-49m-2-quartos-no-bairro-praia-de-fora-em-palhoca_A159-56480/,"Apartamentos com 49m², 2 quartos, 1 garagem, no bairro Praia De Fora em Palhoça",Palhoça/SC,Palhoça,NULL,Rua Arcanjo Cândido da Silva - Praia De Fora,Valor:R$ 380.000,380000.0,49.0,2.0,1.0,NULL,7755.102040816327
https://www.brognoli.com.br/imovel/comprar-apartamentos-com-53m-2-quartos-no-bairro-barra-do-aririu-em-palhoca_A64-56444/,"Apartamentos com 53m², 2 quartos, 1 garagem, no bairro Barra Do Aririú em Palhoça",Palhoça/SC,Palhoça,NULL,Rua José João Silvino - Barra Do Aririú,Valor:R$ 235.000,235000.0,53.0,2.0,1.0,NULL,4433.962264150943
https://www.brognoli.com.br/imovel/comprar-apartamentos-com-67m-2-quartos-no-bairro-passa-vinte-em-palhoca_A77-56405/,"Apartamentos com 67m², 2 quartos, 1 suíte, 1 garagem, no bairro Passa Vinte em Palhoça",Palhoça/SC,Palhoça,NULL,Rua Firenze - Passa Vinte,Valor:R$ 460.000,460000.0,67.0,2.0,1.0,NULL,6865.671641791045
https://www.brognoli.com.br/imovel/comprar-terreno-comercial-residencial-com-1451m-no-bairro-bela-vista-em-palhoca_T153-56381/,"Terreno Comercial/Residencial com 1451m², no bairro Bela Vista em Palhoça",Palhoça/SC,Palhoça,NULL,Rua José Cosme Pamplona - Bela Vista,Valor:R$ 1.490.000,1490000.0,1451.0,NULL,NULL,NULL,1026.8780151619574
https://www.brognoli.com.br/imovel/comprar-casa-residencial-com-84m-2-quartos-no-bairro-bela-vista-em-palhoca_C50-56280/,"Casa Residencial com 84m², 2 quartos, 2 suítes, 2 garagens, no bairro Bela Vista em Palhoça",Palhoça/SC,Palhoça,NULL,Rua Royale - Bela Vista,Valor:R$ 479.900,479900.0,84.0,2.0,2.0,NULL,5713.0952380952385
https://www.brognoli.com.br/imovel/comprar-apartamentos-com-55m-2-quartos-no-bairro-pedra-branca-em-palhoca_A51-56277/,"Apartamentos com 55m², 2 quartos, 1 garagem, no bairro Pedra Branca em Palhoça",Palhoça/SC,Palhoça,NULL,Rua João Bernadino da Rosa - Pedra Branca,Valor:R$ 488.000,488000.0,55.0,2.0,1.0,NULL,8872.727272727272
https://www.brognoli.com.br/imovel/comprar-apartamentos-com-49m-2-quartos-no-bairro-bela-vista-em-palhoca_A40-56267/,"Apartamentos com 49m², 2 quartos, 1 garagem, no bairro Bela Vista em Palhoça",Palhoça/SC,Palhoça,NULL,Avenida Paulo Roberto Vidal - Bela Vista,Valor:R$ 260.000,260000.0,49.0,2.0,1.0,NULL,5306.122448979592
https://www.brognoli.com.br/imovel/comprar-sobrado-residencial-com-84m-2-quartos-no-bairro-bela-vista-em-palhoca_C50-56254/,"Sobrado Residencial com 84m², 2 quartos, 2 suítes, 1 garagem, no bairro Bela Vista em Palhoça",Palhoça/SC,Palhoça,NULL,Rua Royale - Bela Vista,Valor:R$ 500.000,500000.0,84.0,2.0,1.0,NULL,5952.380952380952
https://www.brognoli.com.br/imovel/comprar-apartamentos-com-48m-2-quartos-no-bairro-bela-vista-em-palhoca_A40-56235/,"Apartamentos com 48m², 2 quartos, 1 garagem, no bairro Bela Vista em Palhoça",Palhoça/SC,Palhoça,NULL,Avenida Paulo Roberto Vidal - Bela Vista,Valor:R$ 269.000,269000.0,48.0,2.0,1.0,NULL,5604.166666666667
https://www.brognoli.com.br/imovel/comprar-apartamentos-com-58m-2-quartos-no-bairro-aririu-em-palhoca_A37-56223/,"Apartamentos com 58m², 2 quartos, 1 garagem, no bairro Aririu em Palhoça",Palhoça/SC,Palhoça,NULL,Rua Rodolfo Weiss - Aririu,Valor:R$ 320.000,320000.0,58.0,2.0,1.0,NULL,5517.241379310345
https://www.brognoli.com.br/imovel/comprar-casa-residencial-com-280m-4-quartos-no-bairro-pedra-branca-em-palhoca_C21-56188/,"Casa Residencial com 280m², 4 quartos, 1 suíte, 4 garagens, no bairro Pedra Branca em Palhoça",Palhoça/SC,Palhoça,NULL,Rua da Saracura - Pedra Branca,Valor:R$ 1.950.000,1950000.0,280.0,4.0,4.0,NULL,6964.285714285715
https://www.brognoli.com.br/imovel/comprar-casa-residencial-com-59m-2-quartos-no-bairro-praia-de-fora-em-palhoca_C149-56134/,"Casa Residencial com 59m², 2 quartos, 5 garagens, no bairro Praia de Fora em Palhoça",Palhoça/SC,Palhoça,NULL,Rua Velho Leão do Mar - Praia de Fora,Valor:R$ 650.000,650000.0,59.0,2.0,5.0,NULL,11016.949152542373
https://www.brognoli.com.br/imovel/comprar-apartamentos-com-79m-3-quartos-no-bairro-praia-de-fora-em-palhoca_A149-56092/,"Apartamentos com 79m², 3 quartos, 1 suíte, 1 garagem, no bairro Praia de Fora em Palhoça",Palhoça/SC,Palhoça,NULL,Rua Raul Leonardo Weiss - Praia de Fora,Valor:R$ 522.000,522000.0,79.0,3.0,1.0,NULL,6607.594936708861
https://www.brognoli.com.br/imovel/comprar-apartamentos-com-45m-2-quartos-no-bairro-bela-vista-em-palhoca_A107-56088/,"Apartamentos com 45m², 2 quartos, 1 garagem, no bairro Bela Vista em Palhoça",Palhoça/SC,Palhoça,NULL,Avenida Sebastião Alzemiro dos Santos - Bela Vista,Valor:R$ 235.000,235000.0,45.0,2.0,1.0,NULL,5222.222222222223
https://www.brognoli.com.br/imovel/comprar-casa-residencial-com-64m-2-quartos-no-bairro-bela-vista-em-palhoca_C58-56075/,"Casa Residencial com 64m², 2 quartos, 2 garagens, no bairro Bela Vista em Palhoça",Palhoça/SC,Palhoça,NULL,Rua Francisco Matias Kremer - Bela Vista,Valor:R$ 360.000,360000.0,64.0,2.0,2.0,NULL,5625.0
https://www.brognoli.com.br/imovel/comprar-terrenos-residenciais-com-389m-no-bairro-pedra-branca-em-palhoca_T159-56071/,"Terrenos Residenciais com 389m², no bairro Pedra Branca em Palhoça",Palhoça/SC,Palhoça,NULL,Rua dos Sabiás - Pedra Branca,Valor:R$ 560.000,560000.0,389.0,NULL,NULL,NULL,1439.5886889460155
https://www.brognoli.com.br/imovel/comprar-casa-em-condominio-com-275m-4-quartos-no-bairro-pedra-branca-em-palhoca_C21-56017/,"Casa em Condomínio com 275m², 4 quartos, 4 suítes, 4 garagens, no bairro Pedra Branca em Palhoça",Palhoça/SC,Palhoça,NULL,Rua Lagoinha - Pedra Branca,Valor:R$ 3.500.000,3500000.0,275.0,4.0,4.0,NULL,12727.272727272728
https://www.brognoli.com.br/imovel/comprar-apartamentos-com-52m-no-bairro-sao-sebastiao-em-palhoca_A160-56012/,"Apartamentos com 52m², no bairro São Sebastião em Palhoça",Palhoça/SC,Palhoça,NULL,Rua Maria Vieira dos Santos - São Sebastião,Valor:R$ 280.000,280000.0,52.0,NULL,NULL,NULL,5384.615384615385
https://www.brognoli.com.br/imovel/comprar-apartamentos-com-81m-2-quartos-no-bairro-pedra-branca-em-palhoca_A21-55999/,"Apartamentos com 81m², 2 quartos, 2 suítes, 1 garagem, no bairro Pedra Branca em Palhoça",Palhoça/SC,Palhoça,NULL,Rua dos Juazeiros - Pedra Branca,Valor:R$ 780.000,780000.0,81.0,2.0,1.0,NULL,9629.62962962963
https://www.brognoli.com.br/imovel/comprar-apartamentos-com-90m-3-quartos-no-bairro-pagani-em-palhoca_A149-55962/,"Apartamentos com 90m², 3 quartos, 1 suíte, 2 garagens, no bairro Pagani em Palhoça",Palhoça/SC,Palhoça,NULL,Rua Joci José Martins - Pagani,Valor:R$ 1.090.000,1090000.0,90.0,3.0,2.0,NULL,12111.111111111111
https://www.brognoli.com.br/imovel/comprar-casa-residencial-com-147m-4-quartos-no-bairro-sao-sebastiao-em-palhoca_C48-55946/,"Casa Residencial com 147m², 4 quartos, 1 suíte, 4 garagens, no bairro São Sebastião em Palhoça",Palhoça/SC,Palhoça,NULL,Rua Manoel Duarte - São Sebastião,Valor:R$ 850.000,850000.0,147.0,4.0,4.0,NULL,5782.312925170068
https://www.brognoli.com.br/imovel/comprar-terrenos-residenciais-com-1203m-no-bairro-rio-grande-em-palhoca_T153-55849/,"Terrenos Residenciais com 1203m², no bairro Rio Grande em Palhoça",Palhoça/SC,Palhoça,NULL,Rua Orlando de Souza - Rio Grande,Valor:R$ 845.000,845000.0,1203.0,NULL,NULL,NULL,702.4106400665004
https://www.brognoli.com.br/imovel/comprar-apartamentos-com-103m-3-quartos-no-bairro-pagani-em-palhoca_A51-55828/,"Apartamentos com 103m², 3 quartos, 1 suíte, 2 garagens, no bairro Pagani em Palhoça",Palhoça/SC,Palhoça,NULL,Rua Unide - Pagani,Valor:R$ 680.000,680000.0,103.0,3.0,2.0,NULL,6601.941747572816
https://www.brognoli.com.br/imovel/comprar-casa-em-condominio-com-74m-3-quartos-no-bairro-bela-vista-em-palhoca_C4-55811/,"Casa em Condomínio com 74m², 3 quartos, 2 garagens, no bairro Bela Vista em Palhoça",Palhoça/SC,Palhoça,NULL,Avenida Paulo Roberto Vidal - Bela Vista,Valor:R$ 360.000,360000.0,74.0,3.0,2.0,NULL,4864.864864864865
https://www.brognoli.com.br/imovel/comprar-casa-residencial-com-208m-3-quartos-no-bairro-pedra-branca-em-palhoca_C21-55743/,"Casa Residencial com 208m², 3 quartos, 3 suítes, 2 garagens, no bairro Pedra Branca em Palhoça",Palhoça/SC,Palhoça,NULL,Rua das Perdizes - Pedra Branca,Valor:R$ 1.790.000,1790000.0,208.0,3.0,2.0,NULL,8605.76923076923
https://www.brognoli.com.br/imovel/comprar-casa-residencial-com-364m-4-quartos-no-bairro-ponte-do-imaruim-em-palhoca_C42-54608/,"Casa Residencial com 364m², 4 quartos, 1 suíte, 2 garagens, no bairro Ponte Do Imaruim em Palhoça",Palhoça/SC,Palhoça,NULL,Rua João Dias dos Santos - Ponte Do Imaruim,Valor:R$ 1.400.000,1400000.0,364.0,4.0,2.0,NULL,3846.153846153846
https://www.brognoli.com.br/imovel/comprar-apartamentos-com-61m-2-quartos-no-bairro-jardim-eldorado-em-palhoca_A107-54394/,"Apartamentos com 61m², 2 quartos, 1 garagem, no bairro Jardim Eldorado em Palhoça",Palhoça/SC,Palhoça,NULL,Rua Açucena - Jardim Eldorado,Valor:R$ 340.000,340000.0,61.0,2.0,1.0,NULL,5573.770491803279
https://www.brognoli.com.br/imovel/comprar-apartamentos-com-85m-3-quartos-no-bairro-pedra-branca-em-palhoca_A140-54382/,"Apartamentos com 85m², 3 quartos, 1 suíte, 1 garagem, no bairro Pedra Branca em Palhoça",Palhoça/SC,Palhoça,NULL,Rua Rua das Orquídeas - Pedra Branca,Valor:R$ 650.000,650000.0,85.0,3.0,1.0,NULL,7647.058823529412
https://www.brognoli.com.br/imovel/comprar-apartamentos-com-67m-2-quartos-no-bairro-pagani-em-palhoca_A78-54178/,"Apartamentos com 67m², 2 quartos, 1 suíte, 1 garagem, no bairro Pagani em Palhoça",Palhoça/SC,Palhoça,NULL,Rua Najla Carone Guedert - Pagani,Valor:R$ 700.000,700000.0,67.0,2.0,1.0,NULL,10447.76119402985
https://www.brognoli.com.br/imovel/comprar-casa-residencial-com-231m-4-quartos-no-bairro-ponte-do-imaruim-em-palhoca_C145-54032/,"Casa Residencial com 231m², 4 quartos, 2 suítes, 1 garagem, no bairro Ponte do Imaruim em Palhoça",Palhoça/SC,Palhoça,NULL,Rua Antônio Vieira - Ponte do Imaruim,Valor:R$ 2.100.000,2100000.0,231.0,4.0,1.0,NULL,9090.90909090909
https://www.brognoli.com.br/imovel/comprar-apartamentos-com-124m-3-quartos-no-bairro-centro-em-palhoca_A140-53856/,"Apartamentos com 124m², 3 quartos, 1 suíte, 1 garagem, no bairro Centro em Palhoça",Palhoça/SC,Palhoça,NULL,Avenida Barão do Rio Branco - Centro,Valor:R$ 899.000,899000.0,124.0,3.0,1.0,NULL,7250.0
https://www.brognoli.com.br/imovel/comprar-terreno-comercial-residencial-com-360m-no-bairro-balneario-ponta-do-papagaio-ens-brito-em-palhoca_T148-53735/,"Terreno Comercial/Residencial com 360m², no bairro Balneário Ponta do Papagaio (Ens Brito) em Palhoça",Palhoça/SC,Palhoça,NULL,Avenida do Papagaio - Balneário Ponta do Papagaio (Ens Brito),Valor:R$ 450.000,450000.0,360.0,NULL,NULL,NULL,1250.0
https://www.brognoli.com.br/imovel/comprar-sobrado-residencial-com-68m-2-quartos-no-bairro-praia-do-sonho-ens-brito-em-palhoca_C149-53551/,"Sobrado Residencial com 68m², 2 quartos, 1 garagem, no bairro Praia do Sonho (Ens Brito) em Palhoça",Palhoça/SC,Palhoça,NULL,Rua Santarem - Praia do Sonho (Ens Brito),Valor:R$ 650.000,650000.0,68.0,2.0,1.0,NULL,9558.823529411764
https://www.brognoli.com.br/imovel/comprar-sobrado-residencial-com-112m-3-quartos-no-bairro-praia-do-sonho-ens-brito-em-palhoca_C149-53529/,"Sobrado Residencial com 112m², 3 quartos, 1 suíte, no bairro Praia do Sonho (Ens Brito) em Palhoça",Palhoça/SC,Palhoça,NULL,Rua Morumbi - Praia do Sonho (Ens Brito),Valor:R$ 750.000,750000.0,112.0,3.0,NULL,NULL,6696.428571428572
https://www.brognoli.com.br/imovel/comprar-apartamentos-com-98m-3-quartos-no-bairro-pedra-branca-em-palhoca_A140-53416/,"Apartamentos com 98m², 3 quartos, 1 suíte, 2 garagens, no bairro Pedra Branca em Palhoça",Palhoça/SC,Palhoça,NULL,Rua da Universidade - Pedra Branca,Valor:R$ 1.049.000,1049000.0,98.0,3.0,2.0,NULL,10704.081632653062
https://www.brognoli.com.br/imovel/comprar-casa-residencial-com-165m-3-quartos-no-bairro-jardim-eldorado-em-palhoca_C4-53196/,"Casa Residencial com 165m², 3 quartos, 2 garagens, no bairro Jardim Eldorado em Palhoça",Palhoça/SC,Palhoça,NULL,Rua Nereu Ramos - Jardim Eldorado,Valor:R$ 1.250.000,1250000.0,165.0,3.0,2.0,NULL,7575.757575757576
https://www.brognoli.com.br/imovel/comprar-predio-com-750m-no-bairro-ponte-do-imaruim-em-palhoca_PR4-52682/,"Predio com 750m², 1 garagem, no bairro Ponte do Imaruim em Palhoça",Palhoça/SC,Palhoça,NULL,Avenida Aniceto Zacchi - Ponte do Imaruim,Valor:R$ 3.900.000,3900000.0,750.0,NULL,1.0,NULL,5200.0
https://www.brognoli.com.br/imovel/comprar-apartamentos-com-75m-2-quartos-no-bairro-centro-em-palhoca_A78-52547/,"Apartamentos com 75m², 2 quartos, 1 suíte, 1 garagem, no bairro Centro em Palhoça",Palhoça/SC,Palhoça,NULL,Rua Roberto Sell - Centro,Valor:R$ 490.000,490000.0,75.0,2.0,1.0,NULL,6533.333333333333
https://www.brognoli.com.br/imovel/comprar-casa-residencial-com-235m-3-quartos-no-bairro-pedra-branca-em-palhoca_C107-52417/,"Casa Residencial com 235m², 3 quartos, 1 suíte, 2 garagens, no bairro Pedra Branca em Palhoça",Palhoça/SC,Palhoça,NULL,Rua Rua da Saracura - Pedra Branca,Valor:R$ 2.200.000,2200000.0,235.0,3.0,2.0,NULL,9361.702127659575
https://www.brognoli.com.br/imovel/comprar-casa-residencial-com-120m-3-quartos-no-bairro-sao-sebastiao-em-palhoca_C37-52133/,"Casa Residencial com 120m², 3 quartos, 1 suíte, 4 garagens, no bairro São Sebastião em Palhoça",Palhoça/SC,Palhoça,NULL,Rua São Miguel - São Sebastião,Valor:R$ 400.000,400000.0,120.0,3.0,4.0,NULL,3333.3333333333335
https://www.brognoli.com.br/imovel/comprar-apartamentos-com-61m-2-quartos-no-bairro-pagani-em-palhoca_A31-52045/,"Apartamentos com 61m², 2 quartos, 1 suíte, 1 garagem, no bairro Pagani em Palhoça",Palhoça/SC,Palhoça,NULL,Rua Vereador Jacob Knabben da Silva - Pagani,Valor:R$ 439.990,439990.0,61.0,2.0,1.0,NULL,7212.950819672131
https://www.brognoli.com.br/imovel/comprar-apartamentos-com-98m-3-quartos-no-bairro-pedra-branca-em-palhoca_A10-51790/,"Apartamentos com 98m², 3 quartos, 2 suítes, 2 garagens, no bairro Pedra Branca em Palhoça",Palhoça/SC,Palhoça,NULL,Rua dos Cardeais - Pedra Branca,Valor:R$ 1.250.000,1250000.0,98.0,3.0,2.0,NULL,12755.102040816326
https://www.brognoli.com.br/imovel/alugar-galpao-com-515m-no-bairro-serraria-em-sao-jose_9745/,"Galpão com 515m², no bairro Serraria em São José",São José/SC,São José,NULL,Travessa Nelson Miguel da Silva - Serraria,Valor:R$ 11.900,11900.0,515.0,NULL,NULL,NULL,23.106796116504853
https://www.brognoli.com.br/imovel/alugar-galpao-com-2260m-no-bairro-rocado-em-sao-jose_9716/,"Galpão com 2260m², 15 garagens, no bairro Roçado em São José",São José/SC,São José,NULL,Rodovia Br101 - Roçado,Valor:R$ 85.000,85000.0,2260.0,NULL,15.0,NULL,37.610619469026545
https://www.brognoli.com.br/imovel/alugar-galpao-com-810m-no-bairro-areias-em-sao-jose_9663/,"Galpão com 810m², 8 garagens, no bairro Areias em São José",São José/SC,São José,NULL,Rua Fernandes Cardoso da Silva - Areias,Valor:R$ 19.900,19900.0,810.0,NULL,8.0,NULL,24.567901234567902
https://www.brognoli.com.br/imovel/alugar-apartamento-com-64m-2-quartos-no-bairro-barreiros-em-sao-jose_9180/,"Apartamento com 64m², 2 quartos, 1 suíte, 1 garagem, no bairro Barreiros em São José",São José/SC,São José,NULL,Rua Antônio Luiz Medeiros - Barreiros,Valor:R$ 2.600,2600.0,64.0,2.0,1.0,NULL,40.625
https://www.brognoli.com.br/imovel/alugar-galpao-com-350m-no-bairro-serraria-em-sao-jose_8750/,"Galpão com 350m², no bairro Serraria em São José",São José/SC,São José,NULL,Rod. BR-101 - Serraria,Valor:R$ 6.900,6900.0,350.0,NULL,NULL,NULL,19.714285714285715
https://www.brognoli.com.br/imovel/alugar-terreno-com-10000m-no-bairro-praia-comprida-em-sao-jose_8714/,"Terreno com 10000m², no bairro Praia Comprida em São José",São José/SC,São José,NULL,Rua João Grumiche - Praia Comprida,Valor:R$ 25.000,25000.0,10000.0,NULL,NULL,NULL,2.5
https://www.brognoli.com.br/imovel/alugar-casa-com-600m-5-quartos-no-bairro-jardim-cidade-de-florianopolis-em-sao-jose_6788/,"Casa com 600m², 5 quartos, 5 suítes, 10 garagens, no bairro Jardim Cidade de Florianópolis em São José",São José/SC,São José,NULL,Rua Guilherme Jacob Buch - Jardim Cidade de Florianópolis,Valor:R$ 19.000,19000.0,600.0,5.0,10.0,NULL,31.666666666666668
https://www.brognoli.com.br/imovel/comprar-apartamentos-com-61m-2-quartos-no-bairro-ponta-de-baixo-em-sao-jose_A96-57613/,"Apartamentos com 61m², 2 quartos, no bairro Ponta De Baixo em São José",São José/SC,São José,NULL,Rua Assis Brasil - Ponta De Baixo,Valor:R$ 265.000,265000.0,61.0,2.0,NULL,NULL,4344.262295081967
https://www.brognoli.com.br/imovel/comprar-apartamentos-com-80m-3-quartos-no-bairro-ponta-de-baixo-em-sao-jose_A96-57609/,"Apartamentos com 80m², 3 quartos, 1 garagem, no bairro Ponta De Baixo em São José",São José/SC,São José,NULL,Rua Assis Brasil - Ponta De Baixo,Valor:R$ 440.000,440000.0,80.0,3.0,1.0,NULL,5500.0
https://www.brognoli.com.br/imovel/comprar-apartamentos-com-112m-3-quartos-no-bairro-serraria-em-sao-jose_A32-57546/,"Apartamentos com 112m², 3 quartos, 1 suíte, 2 garagens, no bairro Serraria em São José",São José/SC,São José,NULL,Rodovia BR-101 - Serraria,Valor:R$ 899.000,899000.0,112.0,3.0,2.0,NULL,8026.785714285715
https://www.brognoli.com.br/imovel/comprar-apartamentos-com-40m-2-quartos-no-bairro-forquilhas-em-sao-jose_A107-57524/,"Apartamentos com 40m², 2 quartos, 1 garagem, no bairro Forquilhas em São José",São José/SC,São José,NULL,Rua Vidal Vicente Andrade - Forquilhas,Valor:R$ 299.000,299000.0,40.0,2.0,1.0,NULL,7475.0
https://www.brognoli.com.br/imovel/comprar-terreno-comercial-residencial-com-1735m-no-bairro-areias-em-sao-jose_T31-57526/,"Terreno Comercial/Residencial com 1735m², no bairro Areias em São José",São José/SC,São José,NULL,Rua Hamilton Ferreira - Areias,Valor:R$ 1.450.000,1450000.0,1735.0,NULL,NULL,NULL,835.7348703170029
https://www.brognoli.com.br/imovel/comprar-apartamentos-com-76m-3-quartos-no-bairro-jardim-cidade-de-florianopolis-em-sao-jose_A78-57527/,"Apartamentos com 76m², 3 quartos, 1 suíte, 1 garagem, no bairro Jardim Cidade De Florianópolis em São José",São José/SC,São José,NULL,Rua Cândido Amaro Damásio - Jardim Cidade De Florianópolis,Valor:R$ 545.000,545000.0,76.0,3.0,1.0,NULL,7171.0526315789475
https://www.brognoli.com.br/imovel/comprar-apartamentos-com-68m-2-quartos-no-bairro-barreiros-em-sao-jose_A78-57500/,"Apartamentos com 68m², 2 quartos, 1 suíte, 2 garagens, no bairro Barreiros em São José",São José/SC,São José,NULL,Rua Coronel Américo - Barreiros,Valor:R$ 650.000,650000.0,68.0,2.0,2.0,NULL,9558.823529411764
https://www.brognoli.com.br/imovel/comprar-terreno-comercial-residencial-com-1753m-no-bairro-praia-comprida-em-sao-jose_T6-57496/,"Terreno Comercial/Residencial com 1753m², no bairro Praia Comprida em São José",São José/SC,São José,NULL,Rua Doutor Constâncio Krummel - Praia Comprida,Valor:R$ 8.500.000,8500000.0,1753.0,NULL,NULL,NULL,4848.830576155163
https://www.brognoli.com.br/imovel/comprar-apartamentos-com-64m-2-quartos-no-bairro-kobrasol-em-sao-jose_A78-57483/,"Apartamentos com 64m², 2 quartos, 1 garagem, no bairro Kobrasol em São José",São José/SC,São José,NULL,Rua Antônio Scherer - Kobrasol,Valor:R$ 320.000,320000.0,64.0,2.0,1.0,NULL,5000.0
https://www.brognoli.com.br/imovel/comprar-terrenos-residenciais-com-233m-no-bairro-forquilhas-em-sao-jose_T153-57475/,"Terrenos Residenciais com 233m², no bairro Forquilhas em São José",São José/SC,São José,NULL,Rua Celésio Michels - Forquilhas,Valor:R$ 180.000,180000.0,233.0,NULL,NULL,NULL,772.5321888412017
https://www.brognoli.com.br/imovel/comprar-casa-residencial-com-70m-3-quartos-no-bairro-forquilhas-em-sao-jose_C148-57465/,"Casa Residencial com 70m², 3 quartos, 1 suíte, 1 garagem, no bairro Forquilhas em São José",São José/SC,São José,NULL,Rua Braga - Forquilhas,Valor:R$ 700.000,700000.0,70.0,3.0,1.0,NULL,10000.0
https://www.brognoli.com.br/imovel/comprar-apartamentos-com-159m-4-quartos-no-bairro-floresta-em-sao-jose_A96-57460/,"Apartamentos com 159m², 4 quartos, 4 suítes, 2 garagens, no bairro Floresta em São José",São José/SC,São José,NULL,Rua Otávio do Patrocínio Medeiros - Floresta,Valor:R$ 1.425.523,1425523.0,159.0,4.0,2.0,NULL,8965.553459119497
https://www.brognoli.com.br/imovel/comprar-apartamentos-com-159m-4-quartos-no-bairro-floresta-em-sao-jose_A96-57457/,"Apartamentos com 159m², 4 quartos, 4 suítes, 2 garagens, no bairro Floresta em São José",São José/SC,São José,NULL,Rua Otávio do Patrocínio Medeiros - Floresta,Valor:R$ 1.363.408,1363408.0,159.0,4.0,2.0,NULL,8574.893081761007
https://www.brognoli.com.br/imovel/comprar-apartamentos-com-154m-4-quartos-no-bairro-floresta-em-sao-jose_A96-57455/,"Apartamentos com 154m², 4 quartos, 4 suítes, 2 garagens, no bairro Floresta em São José",São José/SC,São José,NULL,Rua Otávio do Patrocínio Medeiros - Floresta,Valor:R$ 1.300.756,1300756.0,154.0,4.0,2.0,NULL,8446.467532467532
https://www.brognoli.com.br/imovel/comprar-sobrado-residencial-com-77m-2-quartos-no-bairro-potecas-em-sao-jose_C90-57449/,"Sobrado Residencial com 77m², 2 quartos, 2 suítes, 1 garagem, no bairro Potecas em São José",São José/SC,São José,NULL,Rua Elvira Ruschel Fett - Potecas,Valor:R$ 460.000,460000.0,77.0,2.0,1.0,NULL,5974.025974025974
https://www.brognoli.com.br/imovel/comprar-apartamentos-com-40m-2-quartos-no-bairro-forquilhas-em-sao-jose_A107-57434/,"Apartamentos com 40m², 2 quartos, 1 garagem, no bairro Forquilhas em São José",São José/SC,São José,NULL,Rua Vidal Vicente Andrade - Forquilhas,Valor:R$ 245.000,245000.0,40.0,2.0,1.0,NULL,6125.0
https://www.brognoli.com.br/imovel/comprar-apartamentos-com-72m-2-quartos-no-bairro-ipiranga-em-sao-jose_A149-57436/,"Apartamentos com 72m², 2 quartos, 1 garagem, no bairro Ipiranga em São José",São José/SC,São José,NULL,Rua Otto Júlio Malina - Ipiranga,Valor:R$ 477.000,477000.0,72.0,2.0,1.0,NULL,6625.0
https://www.brognoli.com.br/imovel/comprar-apartamentos-com-57m-2-quartos-no-bairro-barreiros-em-sao-jose_A69-57427/,"Apartamentos com 57m², 2 quartos, 1 garagem, no bairro Barreiros em São José",São José/SC,São José,NULL,Rua Santo Antônio - Barreiros,Valor:R$ 570.000,570000.0,57.0,2.0,1.0,NULL,10000.0
https://www.brognoli.com.br/imovel/comprar-apartamentos-com-48m-2-quartos-no-bairro-rocado-em-sao-jose_A6-57426/,"Apartamentos com 48m², 2 quartos, 1 garagem, no bairro Roçado em São José",São José/SC,São José,NULL,Rua José Airton de Castro - Roçado,Valor:R$ 280.000,280000.0,48.0,2.0,1.0,NULL,5833.333333333333
https://www.brognoli.com.br/imovel/comprar-casa-residencial-com-207m-3-quartos-no-bairro-rocado-em-sao-jose_C47-57388/,"Casa Residencial com 207m², 3 quartos, 1 suíte, 2 garagens, no bairro Roçado em São José",São José/SC,São José,NULL,Rua Santos Dumont - Roçado,Valor:R$ 850.000,850000.0,207.0,3.0,2.0,NULL,4106.280193236715
https://www.brognoli.com.br/imovel/comprar-cobertura-com-267m-3-quartos-no-bairro-campinas-em-sao-jose_CB153-57394/,"Cobertura com 267m², 3 quartos, 1 suíte, 2 garagens, no bairro Campinas em São José",São José/SC,São José,NULL,RUA VEREADOR VALTER BORGES - Campinas,Valor:R$ 1.800.000,1800000.0,267.0,3.0,2.0,NULL,6741.573033707865
https://www.brognoli.com.br/imovel/comprar-apartamentos-com-90m-3-quartos-no-bairro-barreiros-em-sao-jose_A64-57369/,"Apartamentos com 90m², 3 quartos, 1 suíte, 1 garagem, no bairro Barreiros em São José",São José/SC,São José,NULL,Rua Santo Antônio - Barreiros,Valor:R$ 870.000,870000.0,90.0,3.0,1.0,NULL,9666.666666666666
https://www.brognoli.com.br/imovel/comprar-apartamentos-com-61m-2-quartos-no-bairro-barreiros-em-sao-jose_A36-57363/,"Apartamentos com 61m², 2 quartos, 1 garagem, no bairro Barreiros em São José",São José/SC,São José,NULL,Rua Pintor Eduardo Dias - Barreiros,Valor:R$ 480.000,480000.0,61.0,2.0,1.0,NULL,7868.852459016393
https://www.brognoli.com.br/imovel/comprar-apartamentos-com-65m-3-quartos-no-bairro-ipiranga-em-sao-jose_A159-57357/,"Apartamentos com 65m², 3 quartos, 1 garagem, no bairro Ipiranga em São José",São José/SC,São José,NULL,Rua Idivaldo Horácio da Silveira - Ipiranga,Valor:R$ 320.000,320000.0,65.0,3.0,1.0,NULL,4923.076923076923
https://www.brognoli.com.br/imovel/comprar-apartamentos-com-92m-2-quartos-no-bairro-barreiros-em-sao-jose_A149-57345/,"Apartamentos com 92m², 2 quartos, 1 suíte, 2 garagens, no bairro Barreiros em São José",São José/SC,São José,NULL,Rua Coronel Américo - Barreiros,Valor:R$ 905.000,905000.0,92.0,2.0,2.0,NULL,9836.95652173913
https://www.brognoli.com.br/imovel/comprar-apartamentos-com-56m-2-quartos-no-bairro-barreiros-em-sao-jose_A96-57346/,"Apartamentos com 56m², 2 quartos, no bairro Barreiros em São José",São José/SC,São José,NULL,Rua Nelson Silva - Barreiros,Valor:R$ 380.000,380000.0,56.0,2.0,NULL,NULL,6785.714285714285
https://www.brognoli.com.br/imovel/comprar-apartamentos-com-60m-2-quartos-no-bairro-areias-em-sao-jose_A64-57334/,"Apartamentos com 60m², 2 quartos, 1 suíte, 1 garagem, no bairro Areias em São José",São José/SC,São José,NULL,Rua Álvaro Medeiros Santiago - Areias,Valor:R$ 461.000,461000.0,60.0,2.0,1.0,NULL,7683.333333333333
https://www.brognoli.com.br/imovel/comprar-casa-residencial-com-206m-4-quartos-no-bairro-ponta-de-baixo-em-sao-jose_C159-57328/,"Casa Residencial com 206m², 4 quartos, 3 suítes, 4 garagens, no bairro Ponta De Baixo em São José",São José/SC,São José,NULL,Rua Romanos Goedert - Ponta De Baixo,Valor:R$ 2.700.000,2700000.0,206.0,4.0,4.0,NULL,13106.796116504855
https://www.brognoli.com.br/imovel/comprar-casa-residencial-com-156m-4-quartos-no-bairro-barreiros-em-sao-jose_C23-57301/,"Casa Residencial com 156m², 4 quartos, 1 suíte, 3 garagens, no bairro Barreiros em São José",São José/SC,São José,NULL,Rua Coronel Américo - Barreiros,Valor:R$ 1.250.000,1250000.0,156.0,4.0,3.0,NULL,8012.820512820513
https://www.brognoli.com.br/imovel/comprar-apartamentos-com-55m-2-quartos-no-bairro-campinas-em-sao-jose_A48-57317/,"Apartamentos com 55m², 2 quartos, 1 garagem, no bairro Campinas em São José",São José/SC,São José,NULL,Rua Vereador Mário Coelho Pires - Campinas,Valor:R$ 480.000,480000.0,55.0,2.0,1.0,NULL,8727.272727272728
https://www.brognoli.com.br/imovel/comprar-apartamentos-com-39m-1-quarto-no-bairro-barreiros-em-sao-jose_A159-57308/,"Apartamentos com 39m², 1 quarto, 1 garagem, no bairro Barreiros em São José",São José/SC,São José,NULL,Rua Manoel Loureiro - Barreiros,Valor:R$ 480.000,480000.0,39.0,NULL,1.0,NULL,12307.692307692309
https://www.brognoli.com.br/imovel/comprar-casa-residencial-com-80m-3-quartos-no-bairro-serraria-em-sao-jose_C42-57288/,"Casa Residencial com 80m², 3 quartos, 1 suíte, 2 garagens, no bairro Serraria em São José",São José/SC,São José,NULL,Rua Mauricila Ribeiro de Santana Soares - Serraria,Valor:R$ 580.000,580000.0,80.0,3.0,2.0,NULL,7250.0
https://www.brognoli.com.br/imovel/comprar-terreno-comercial-residencial-com-720m-no-bairro-jardim-cidade-de-florianopolis-em-sao-jose_T153-57287/,"Terreno Comercial/Residencial com 720m², no bairro Jardim Cidade De Florianópolis em São José",São José/SC,São José,NULL,Rua Cândido Amaro Damásio - Jardim Cidade De Florianópolis,Valor:R$ 980.000,980000.0,720.0,NULL,NULL,NULL,1361.111111111111
https://www.brognoli.com.br/imovel/comprar-apartamentos-com-103m-3-quartos-no-bairro-campinas-em-sao-jose_A106-57280/,"Apartamentos com 103m², 3 quartos, 1 suíte, 1 garagem, no bairro Campinas em São José",São José/SC,São José,NULL,Rua Irmãos Vieira - Campinas,Valor:R$ 800.000,800000.0,103.0,3.0,1.0,NULL,7766.9902912621355
https://www.brognoli.com.br/imovel/comprar-apartamentos-com-143m-3-quartos-no-bairro-campinas-em-sao-jose_A148-57282/,"Apartamentos com 143m², 3 quartos, 3 suítes, 3 garagens, no bairro Campinas em São José",São José/SC,São José,NULL,Rua Vereador Walter Borges - Campinas,Valor:R$ 1.750.000,1750000.0,143.0,3.0,3.0,NULL,12237.762237762237
https://www.brognoli.com.br/imovel/comprar-apartamentos-com-69m-2-quartos-no-bairro-forquilhinha-em-sao-jose_A153-57286/,"Apartamentos com 69m², 2 quartos, 2 garagens, no bairro Forquilhinha em São José",São José/SC,São José,NULL,Rua Manoel Fermiano de Melo - Forquilhinha,Valor:R$ 348.000,348000.0,69.0,2.0,2.0,NULL,5043.478260869565
https://www.brognoli.com.br/imovel/comprar-apartamentos-com-53m-2-quartos-no-bairro-ipiranga-em-sao-jose_A153-57271/,"Apartamentos com 53m², 2 quartos, 1 garagem, no bairro Ipiranga em São José",São José/SC,São José,NULL,Rua Bom Pastor - Ipiranga,Valor:R$ 349.000,349000.0,53.0,2.0,1.0,NULL,6584.905660377359
https://www.brognoli.com.br/imovel/comprar-apartamentos-com-79m-2-quartos-no-bairro-jardim-cidade-de-florianopolis-em-sao-jose_A37-57257/,"Apartamentos com 79m², 2 quartos, 1 suíte, 1 garagem, no bairro Jardim Cidade De Florianópolis em São José",São José/SC,São José,NULL,Rua Domingos Pedro Hermes - Jardim Cidade De Florianópolis,Valor:R$ 510.000,510000.0,79.0,2.0,1.0,NULL,6455.696202531645
https://www.brognoli.com.br/imovel/comprar-casa-residencial-comercial-com-238m-no-bairro-kobrasol-em-sao-jose_C153-57242/,"Casa Residencial/Comercial com 238m², no bairro Kobrasol em São José",São José/SC,São José,NULL,Rua Tiradentes - Kobrasol,Valor:R$ 1.500.000,1500000.0,238.0,NULL,NULL,NULL,6302.5210084033615
https://www.brognoli.com.br/imovel/comprar-apartamentos-com-95m-1-quarto-no-bairro-barreiros-em-sao-jose_A78-57216/,"Apartamentos com 95m², 1 quarto, 1 suíte, 2 garagens, no bairro Barreiros em São José",São José/SC,São José,NULL,Rua Virgilino Ferreira de Souza - Barreiros,Valor:R$ 930.000,930000.0,95.0,NULL,2.0,NULL,9789.473684210527
https://www.brognoli.com.br/imovel/comprar-apartamentos-com-79m-3-quartos-no-bairro-nossa-senhora-do-rosario-em-sao-jose_A153-57203/,"Apartamentos com 79m², 3 quartos, 1 suíte, 1 garagem, no bairro Nossa Senhora Do Rosário em São José",São José/SC,São José,NULL,RUA JOÃO NILO MORFIM - Nossa Senhora Do Rosário,Valor:R$ 529.000,529000.0,79.0,3.0,1.0,NULL,6696.202531645569
https://www.brognoli.com.br/imovel/comprar-apartamentos-com-43m-2-quartos-no-bairro-campinas-em-sao-jose_A64-57186/,"Apartamentos com 43m², 2 quartos, 1 garagem, no bairro Campinas em São José",São José/SC,São José,NULL,Rua Vereador Walter Borges - Campinas,Valor:R$ 390.000,390000.0,43.0,2.0,1.0,NULL,9069.767441860466
https://www.brognoli.com.br/imovel/comprar-casa-residencial-com-220m-4-quartos-no-bairro-jardim-cidade-de-florianopolis-em-sao-jose_C45-57166/,"Casa Residencial com 220m², 4 quartos, 2 suítes, 3 garagens, no bairro Jardim Cidade De Florianópolis em São José",São José/SC,São José,NULL,Rua Guilherme Jacob Buch - Jardim Cidade De Florianópolis,Valor:R$ 1.100.000,1100000.0,220.0,4.0,3.0,NULL,5000.0
https://www.brognoli.com.br/imovel/comprar-apartamentos-com-59m-3-quartos-no-bairro-potecas-em-sao-jose_A4-57169/,"Apartamentos com 59m², 3 quartos, 1 garagem, no bairro Potecas em São José",São José/SC,São José,NULL,Rua Valdemiro Manoel Vieira - Potecas,Valor:R$ 330.000,330000.0,59.0,3.0,1.0,NULL,5593.220338983051
https://www.brognoli.com.br/imovel/comprar-apartamentos-com-82m-3-quartos-no-bairro-jardim-cidade-de-florianopolis-em-sao-jose_A107-57157/,"Apartamentos com 82m², 3 quartos, 1 suíte, 2 garagens, no bairro Jardim Cidade De Florianópolis em São José",São José/SC,São José,NULL,Rua Domingos Pedro Hermes - Jardim Cidade De Florianópolis,Valor:R$ 692.000,692000.0,82.0,3.0,2.0,NULL,8439.024390243903
https://www.brognoli.com.br/imovel/comprar-apartamentos-com-63m-2-quartos-no-bairro-kobrasol-em-sao-jose_A6-57170/,"Apartamentos com 63m², 2 quartos, 1 garagem, no bairro Kobrasol em São José",São José/SC,São José,NULL,Rua Antônio Scherer - Kobrasol,Valor:R$ 470.000,470000.0,63.0,2.0,1.0,NULL,7460.31746031746
https://www.brognoli.com.br/imovel/comprar-terreno-comercial-residencial-com-300m-no-bairro-barreiros-em-sao-jose_T152-57151/,"Terreno Comercial/Residencial com 300m², no bairro Barreiros em São José",São José/SC,São José,NULL,Rua Santo Antônio - Barreiros,Valor:R$ 500.000,500000.0,300.0,NULL,NULL,NULL,1666.6666666666667
https://www.brognoli.com.br/imovel/comprar-casa-residencial-com-122m-3-quartos-no-bairro-fazenda-santo-antonio-em-sao-jose_C48-57148/,"Casa Residencial com 122m², 3 quartos, 4 garagens, no bairro Fazenda Santo Antônio em São José",São José/SC,São José,NULL,Rua Alfredo Hermenegildo Rosa - Fazenda Santo Antônio,Valor:R$ 780.000,780000.0,122.0,3.0,4.0,NULL,6393.44262295082
https://www.brognoli.com.br/imovel/comprar-apartamentos-com-74m-3-quartos-no-bairro-nossa-senhora-do-rosario-em-sao-jose_A36-57130/,"Apartamentos com 74m², 3 quartos, 1 suíte, 1 garagem, no bairro Nossa Senhora Do Rosário em São José",São José/SC,São José,NULL,Rua Caetana Alves Leite - Nossa Senhora Do Rosário,Valor:R$ 570.000,570000.0,74.0,3.0,1.0,NULL,7702.7027027027025
https://www.brognoli.com.br/imovel/comprar-apartamentos-com-89m-3-quartos-no-bairro-campinas-em-sao-jose_A149-57133/,"Apartamentos com 89m², 3 quartos, 1 suíte, 1 garagem, no bairro Campinas em São José",São José/SC,São José,NULL,Rua Professora Maria do Carmo Souza - Campinas,Valor:R$ 600.000,600000.0,89.0,3.0,1.0,NULL,6741.573033707865
https://www.brognoli.com.br/imovel/comprar-casa-residencial-com-89m-3-quartos-no-bairro-potecas-em-sao-jose_C64-57110/,"Casa Residencial com 89m², 3 quartos, 2 garagens, no bairro Potecas em São José",São José/SC,São José,NULL,Rua Helmuth Fett - Potecas,Valor:R$ 790.000,790000.0,89.0,3.0,2.0,NULL,8876.404494382023
https://www.brognoli.com.br/imovel/comprar-casa-residencial-com-108m-3-quartos-no-bairro-barreiros-em-sao-jose_C106-57085/,"Casa Residencial com 108m², 3 quartos, 1 suíte, 2 garagens, no bairro Barreiros em São José",São José/SC,São José,NULL,Rua Nossa Senhora Aparecida - Barreiros,Valor:R$ 750.000,750000.0,108.0,3.0,2.0,NULL,6944.444444444444
https://www.brognoli.com.br/imovel/comprar-apartamentos-com-57m-2-quartos-no-bairro-areias-em-sao-jose_A153-57088/,"Apartamentos com 57m², 2 quartos, 1 garagem, no bairro Areias em São José",São José/SC,São José,NULL,Avenida Jaime Estefano Becker - Areias,Valor:R$ 292.000,292000.0,57.0,2.0,1.0,NULL,5122.80701754386
https://www.brognoli.com.br/imovel/comprar-casa-residencial-com-280m-3-quartos-no-bairro-bela-vista-ii-em-sao-jose_C149-57068/,"Casa Residencial com 280m², 3 quartos, 2 garagens, no bairro Bela Vista II em São José",São José/SC,São José,NULL,Rua Antônio Basil Schroeder - Bela Vista II,Valor:R$ 880.000,880000.0,280.0,3.0,2.0,NULL,3142.8571428571427
https://www.brognoli.com.br/imovel/comprar-casa-residencial-com-189m-3-quartos-no-bairro-centro-em-sao-jose_C107-57063/,"Casa Residencial com 189m², 3 quartos, 1 suíte, 4 garagens, no bairro Centro em São José",São José/SC,São José,NULL,Rua Coletor Irineu Comelli - Centro,Valor:R$ 1.350.000,1350000.0,189.0,3.0,4.0,NULL,7142.857142857143
https://www.brognoli.com.br/imovel/comprar-apartamentos-com-55m-2-quartos-no-bairro-kobrasol-em-sao-jose_A107-57052/,"Apartamentos com 55m², 2 quartos, 1 garagem, no bairro Kobrasol em São José",São José/SC,São José,NULL,Rua Jomilda Camargo da Cunha - Kobrasol,Valor:R$ 455.000,455000.0,55.0,2.0,1.0,NULL,8272.727272727272
https://www.brognoli.com.br/imovel/comprar-casa-residencial-com-260m-3-quartos-no-bairro-nossa-senhora-do-rosario-em-sao-jose_C149-57057/,"Casa Residencial com 260m², 3 quartos, 1 suíte, 6 garagens, no bairro Nossa Senhora Do Rosário em São José",São José/SC,São José,NULL,Rua Nossa Senhora do Rosário - Nossa Senhora Do Rosário,Valor:R$ 1.200.000,1200000.0,260.0,3.0,6.0,NULL,4615.384615384615
https://www.brognoli.com.br/imovel/comprar-casa-residencial-comercial-com-230m-no-bairro-jardim-cidade-de-florianopolis-em-sao-jose_C132-57036/,"Casa Residencial/Comercial com 230m², 2 garagens, no bairro Jardim Cidade De Florianópolis em São José",São José/SC,São José,NULL,Rua Maria Júlia da Luz - Jardim Cidade De Florianópolis,Valor:R$ 650.000,650000.0,230.0,NULL,2.0,NULL,2826.086956521739
https://www.brognoli.com.br/imovel/comprar-apartamentos-com-125m-3-quartos-no-bairro-campinas-em-sao-jose_A1-57028/,"Apartamentos com 125m², 3 quartos, 1 suíte, 1 garagem, no bairro Campinas em São José",São José/SC,São José,NULL,Rua Elizeu Di Bernardi - Campinas,Valor:R$ 899.000,899000.0,125.0,3.0,1.0,NULL,7192.0
https://www.brognoli.com.br/imovel/comprar-apartamentos-com-134m-3-quartos-no-bairro-kobrasol-em-sao-jose_A23-57027/,"Apartamentos com 134m², 3 quartos, 1 suíte, 1 garagem, no bairro Kobrasol em São José",São José/SC,São José,NULL,Rua Adhemar da Silva - Kobrasol,Valor:R$ 940.000,940000.0,134.0,3.0,1.0,NULL,7014.925373134329
https://www.brognoli.com.br/imovel/comprar-apartamentos-com-108m-3-quartos-no-bairro-kobrasol-em-sao-jose_A40-57002/,"Apartamentos com 108m², 3 quartos, 1 suíte, 1 garagem, no bairro Kobrasol em São José",São José/SC,São José,NULL,Rua Delamar José da Silva - Kobrasol,Valor:R$ 890.000,890000.0,108.0,3.0,1.0,NULL,8240.74074074074
https://www.brognoli.com.br/imovel/comprar-cobertura-com-134m-3-quartos-no-bairro-nossa-senhora-do-rosario-em-sao-jose_CB159-56999/,"Cobertura com 134m², 3 quartos, 1 suíte, 1 garagem, no bairro Nossa Senhora Do Rosário em São José",São José/SC,São José,NULL,Rua Maria Filomena da Silva - Nossa Senhora Do Rosário,Valor:R$ 950.000,950000.0,134.0,3.0,1.0,NULL,7089.55223880597
https://www.brognoli.com.br/imovel/comprar-apartamentos-com-62m-2-quartos-no-bairro-nossa-senhora-do-rosario-em-sao-jose_A6-56996/,"Apartamentos com 62m², 2 quartos, 1 garagem, no bairro Nossa Senhora Do Rosário em São José",São José/SC,São José,NULL,Rua Bernardo Halfeld - Nossa Senhora Do Rosário,Valor:R$ 380.000,380000.0,62.0,2.0,1.0,NULL,6129.032258064516
https://www.brognoli.com.br/imovel/comprar-apartamentos-com-47m-2-quartos-no-bairro-forquilhas-em-sao-jose_A4-56960/,"Apartamentos com 47m², 2 quartos, 1 garagem, no bairro Forquilhas em São José",São José/SC,São José,NULL,Rua Urano Pires - Forquilhas,Valor:R$ 240.000,240000.0,47.0,2.0,1.0,NULL,5106.382978723404
https://www.brognoli.com.br/imovel/comprar-apartamentos-com-111m-3-quartos-no-bairro-campinas-em-sao-jose_A107-56952/,"Apartamentos com 111m², 3 quartos, 3 suítes, 2 garagens, no bairro Campinas em São José",São José/SC,São José,NULL,Avenida Cruz e Souza - Campinas,Valor:R$ 1.490.000,1490000.0,111.0,3.0,2.0,NULL,13423.423423423423
https://www.brognoli.com.br/imovel/comprar-apartamentos-com-59m-2-quartos-no-bairro-serraria-em-sao-jose_A148-56951/,"Apartamentos com 59m², 2 quartos, 1 garagem, no bairro Serraria em São José",São José/SC,São José,NULL,Rua Josefina Borsatto - Serraria,Valor:R$ 318.000,318000.0,59.0,2.0,1.0,NULL,5389.830508474576
https://www.brognoli.com.br/imovel/comprar-apartamentos-com-64m-2-quartos-no-bairro-real-parque-em-sao-jose_A21-56944/,"Apartamentos com 64m², 2 quartos, 1 garagem, no bairro Real Parque em São José",São José/SC,São José,NULL,Rua Cristo Rei - Real Parque,Valor:R$ 345.000,345000.0,64.0,2.0,1.0,NULL,5390.625
https://www.brognoli.com.br/imovel/comprar-apartamentos-com-96m-3-quartos-no-bairro-kobrasol-em-sao-jose_A51-56941/,"Apartamentos com 96m², 3 quartos, 2 suítes, 1 garagem, no bairro Kobrasol em São José",São José/SC,São José,NULL,Rua Adhemar da Silva - Kobrasol,Valor:R$ 750.000,750000.0,96.0,3.0,1.0,NULL,7812.5
https://www.brognoli.com.br/imovel/comprar-apartamentos-com-43m-1-quarto-no-bairro-kobrasol-em-sao-jose_A21-56938/,"Apartamentos com 43m², 1 quarto, no bairro Kobrasol em São José",São José/SC,São José,NULL,Avenida Lédio João Martins - Kobrasol,Valor:R$ 330.000,330000.0,43.0,NULL,0.0,NULL,7674.418604651163
https://www.brognoli.com.br/imovel/comprar-casa-residencial-com-145m-5-quartos-no-bairro-distrito-industrial-em-sao-jose_C23-56935/,"Casa Residencial com 145m², 5 quartos, 1 suíte, 5 garagens, no bairro Distrito Industrial em São José",São José/SC,São José,NULL,Rua Arnoldo Silveira de Souza - Distrito Industrial,Valor:R$ 760.000,760000.0,145.0,5.0,5.0,NULL,5241.379310344828
https://www.brognoli.com.br/imovel/comprar-apartamentos-com-88m-3-quartos-no-bairro-nossa-senhora-do-rosario-em-sao-jose_A149-56931/,"Apartamentos com 88m², 3 quartos, 1 suíte, 1 garagem, no bairro Nossa Senhora Do Rosário em São José",São José/SC,São José,NULL,Rua Walfrides W. Martins - Nossa Senhora Do Rosário,Valor:R$ 495.000,495000.0,88.0,3.0,1.0,NULL,5625.0
https://www.brognoli.com.br/imovel/comprar-apartamentos-com-53m-2-quartos-no-bairro-barreiros-em-sao-jose_A5856918/,"Apartamentos com 53m², 2 quartos, 1 garagem, no bairro Barreiros em São José",São José/SC,São José,NULL,Rua Antônio Basil Schroeder - Barreiros,Valor:R$ 310.000,310000.0,53.0,2.0,1.0,NULL,5849.056603773585
https://www.brognoli.com.br/imovel/comprar-apartamentos-com-54m-2-quartos-no-bairro-kobrasol-em-sao-jose_A90-56904/,"Apartamentos com 54m², 2 quartos, 1 garagem, no bairro Kobrasol em São José",São José/SC,São José,NULL,Rua Delamar José da Silva - Kobrasol,Valor:R$ 450.000,450000.0,54.0,2.0,1.0,NULL,8333.333333333334
https://www.brognoli.com.br/imovel/comprar-apartamentos-com-55m-2-quartos-no-bairro-serraria-em-sao-jose_A64-56895/,"Apartamentos com 55m², 2 quartos, 1 garagem, no bairro Serraria em São José",São José/SC,São José,NULL,Rua Wenceslau Evaristo Silva - Serraria,Valor:R$ 310.000,310000.0,55.0,2.0,1.0,NULL,5636.363636363636
https://www.brognoli.com.br/imovel/comprar-apartamentos-com-61m-1-quarto-no-bairro-fazenda-santo-antonio-em-sao-jose_A42-56880/,"Apartamentos com 61m², 1 quarto, 1 garagem, no bairro Fazenda Santo Antônio em São José",São José/SC,São José,NULL,Rua Aristides da Silva - Fazenda Santo Antônio,Valor:R$ 340.000,340000.0,61.0,NULL,1.0,NULL,5573.770491803279
https://www.imoveis-sc.com.br/biguacu/comprar/apartamento/rio-caveiras/apartamento-biguacu-rio-caveiras-1451730.html,Apartamento no Bairro Rio Caveiras em Biguaçu com 2 Dormitórios e 65 m² - 295_2-3765158,"Biguaçu, Rio Caveiras",Biguaçu,Rio Caveiras,NULL,"R$ 372.000,00",372000.0,65.0,2.0,1.0,NULL,5723.076923076923
https://www.imoveis-sc.com.br/florianopolis/alugar/apartamento/itacorubi/apartamento-florianopolis-itacorubi-1463204.html?isc_source=SD,Apartamento no Bairro Itacorubí em Florianópolis com 2 Dormitórios (1 suíte) e 82 m² - AP03502L,"Florianópolis, Itacorubí",Florianópolis,Itacorubí,NULL,"R$ 4.800,00",4800.0,82.0,2.0,1.0,1.0,58.53658536585366
https://www.imoveis-sc.com.br/florianopolis/alugar/apartamento/itacorubi/apartamento-florianopolis-itacorubi-1461232.html?isc_source=SD,Apartamento no Bairro Itacorubí em Florianópolis com 2 Dormitórios e 66 m² - AP02673L,"Florianópolis, Itacorubí",Florianópolis,Itacorubí,NULL,"R$ 3.950,00",3950.0,66.0,2.0,1.0,NULL,59.84848484848485
https://www.imoveis-sc.com.br/florianopolis/alugar/apartamento/trindade/apartamento-florianopolis-trindade-1461230.html?isc_source=SD,Apartamento no Bairro Trindade em Florianópolis com 1 Dormitórios e 53 m² - AP03480L,"Florianópolis, Trindade",Florianópolis,Trindade,NULL,"R$ 4.250,00",4250.0,53.0,NULL,1.0,NULL,80.18867924528301
https://www.imoveis-sc.com.br/florianopolis/alugar/casa/lagoa-da-conceicao/casa-florianopolis-lagoa-da-conceicao-1461730.html?isc_source=SD,Casa no Bairro Lagoa da Conceição em Florianópolis com 3 Dormitórios (1 suíte) e 100 m² - CA00702L,"Florianópolis, Lagoa da Conceição",Florianópolis,Lagoa Da Conceição,NULL,"R$ 7.000,00",7000.0,100.0,3.0,2.0,1.0,70.0
https://www.imoveis-sc.com.br/florianopolis/alugar/apartamento/centro/apartamento-florianopolis-centro-1467338.html,Apartamento no Bairro Centro em Florianópolis com 1 Dormitórios e 45 m² - AP01280L,"Florianópolis, Centro",Florianópolis,Centro,NULL,"R$ 2.100,00",2100.0,45.0,NULL,NULL,NULL,46.666666666666664
https://www.imoveis-sc.com.br/florianopolis/alugar/apartamento/itacorubi/apartamento-florianopolis-itacorubi-1467162.html,Apartamento no Bairro Itacorubí em Florianópolis com 2 Dormitórios (1 suíte) e 67 m² - AP01131L,"Florianópolis, Itacorubí",Florianópolis,Itacorubí,NULL,"R$ 3.600,00",3600.0,67.0,2.0,1.0,1.0,53.73134328358209
https://www.imoveis-sc.com.br/florianopolis/alugar/outros-imoveis/agronomica/outros-imoveis-florianopolis-agronomica-1325650.html,Outros Imóveis no Bairro Agronômica em Florianópolis com 38 m² - SA00122L,"Florianópolis, Agronômica",Florianópolis,Agronômica,NULL,"R$ 1.800,00",1800.0,38.0,NULL,2.0,NULL,47.36842105263158
https://www.imoveis-sc.com.br/florianopolis/alugar/outros-imoveis/agronomica/outros-imoveis-florianopolis-agronomica-1325737.html,Outros Imóveis no Bairro Agronômica em Florianópolis com 36 m² - SA00098L,"Florianópolis, Agronômica",Florianópolis,Agronômica,NULL,"R$ 1.900,00",1900.0,36.0,NULL,2.0,NULL,52.77777777777778
https://www.imoveis-sc.com.br/florianopolis/alugar/apartamento/pantanal/apartamento-florianopolis-pantanal-1460849.html,Apartamento no Bairro Pantanal em Florianópolis com 1 Dormitórios e 40 m² - AP03475L,"Florianópolis, Pantanal",Florianópolis,Pantanal,NULL,"R$ 2.500,00",2500.0,40.0,NULL,1.0,NULL,62.5
https://www.imoveis-sc.com.br/florianopolis/alugar/outros-imoveis/joao-paulo/outros-imoveis-florianopolis-joao-paulo-1466591.html,Outros Imóveis no Bairro João Paulo em Florianópolis com 77.42 m² - SA00311L,"Florianópolis, João Paulo",Florianópolis,João Paulo,NULL,"R$ 2.500,00",2500.0,77.4,NULL,1.0,NULL,32.29974160206718
https://www.imoveis-sc.com.br/florianopolis/alugar/outros-imoveis/joao-paulo/outros-imoveis-florianopolis-joao-paulo-1466590.html,Outros Imóveis no Bairro João Paulo em Florianópolis com 78.63 m² - SA00312L,"Florianópolis, João Paulo",Florianópolis,João Paulo,NULL,"R$ 2.500,00",2500.0,78.6,NULL,1.0,NULL,31.806615776081426
https://www.imoveis-sc.com.br/florianopolis/alugar/apartamento/agronomica/apartamento-florianopolis-agronomica-1333846.html,Apartamento no Bairro Agronômica em Florianópolis com 1 Dormitórios e 42 m² - AP02139L,"Florianópolis, Agronômica",Florianópolis,Agronômica,NULL,"R$ 2.700,00",2700.0,42.0,NULL,1.0,NULL,64.28571428571429
https://www.imoveis-sc.com.br/florianopolis/alugar/apartamento/corrego-grande/apartamento-florianopolis-corrego-grande-1461492.html,Apartamento no Bairro Córrego Grande em Florianópolis com 3 Dormitórios (1 suíte) e 85 m² - AP02425L,"Florianópolis, Córrego Grande",Florianópolis,Córrego Grande,NULL,"R$ 3.250,00",3250.0,85.0,3.0,1.0,1.0,38.23529411764706
https://www.imoveis-sc.com.br/florianopolis/alugar/apartamento/itacorubi/apartamento-florianopolis-itacorubi-1345140.html,Apartamento no Bairro Itacorubí em Florianópolis com 2 Dormitórios (1 suíte) e 75 m² - AP02894L,"Florianópolis, Itacorubí",Florianópolis,Itacorubí,NULL,"R$ 3.600,00",3600.0,75.0,2.0,1.0,1.0,48.0
https://www.imoveis-sc.com.br/florianopolis/alugar/apartamento/trindade/apartamento-florianopolis-trindade-1456188.html,Apartamento no Bairro Trindade em Florianópolis com 1 Dormitórios e 30 m² - AP03432L,"Florianópolis, Trindade",Florianópolis,Trindade,NULL,"R$ 3.700,00",3700.0,30.0,NULL,NULL,NULL,123.33333333333333
https://www.imoveis-sc.com.br/florianopolis/alugar/apartamento/itacorubi/apartamento-florianopolis-itacorubi-1465893.html,Apartamento no Bairro Itacorubí em Florianópolis com 2 Dormitórios e 66 m² - AP03515L,"Florianópolis, Itacorubí",Florianópolis,Itacorubí,NULL,"R$ 3.700,00",3700.0,66.0,2.0,1.0,NULL,56.06060606060606
https://www.imoveis-sc.com.br/florianopolis/alugar/apartamento/itacorubi/apartamento-florianopolis-itacorubi-1354119.html,Apartamento no Bairro Itacorubí em Florianópolis com 3 Dormitórios (1 suíte) e 84.21 m² - AP02957L,"Florianópolis, Itacorubí",Florianópolis,Itacorubí,NULL,"R$ 3.800,00",3800.0,84.2,3.0,1.0,1.0,45.13064133016627
https://www.imoveis-sc.com.br/florianopolis/alugar/apartamento/agronomica/apartamento-florianopolis-agronomica-1445162.html,Apartamento no Bairro Agronômica em Florianópolis com 2 Dormitórios (1 suíte) e 61.88 m² - AP03360L,"Florianópolis, Agronômica",Florianópolis,Agronômica,NULL,"R$ 3.900,00",3900.0,61.9,2.0,1.0,1.0,63.004846526655896
https://www.imoveis-sc.com.br/florianopolis/alugar/apartamento/itacorubi/apartamento-florianopolis-itacorubi-1462279.html,Apartamento no Bairro Itacorubí em Florianópolis com 2 Dormitórios (1 suíte) e 114.25 m² - CO00121L,"Florianópolis, Itacorubí",Florianópolis,Itacorubí,NULL,"R$ 3.950,00",3950.0,114.3,2.0,2.0,1.0,34.55818022747157
https://www.imoveis-sc.com.br/florianopolis/alugar/outros-imoveis/itacorubi/outros-imoveis-florianopolis-itacorubi-1466187.html,Outros Imóveis no Bairro Itacorubí em Florianópolis com 72.32 m² - LJ00122L,"Florianópolis, Itacorubí",Florianópolis,Itacorubí,NULL,"R$ 4.300,00",4300.0,72.3,NULL,NULL,NULL,59.47441217150761
https://www.imoveis-sc.com.br/florianopolis/alugar/apartamento/itacorubi/apartamento-florianopolis-itacorubi-1453737.html,Apartamento no Bairro Itacorubí em Florianópolis com 2 Dormitórios (1 suíte) e 68 m² - AP03409L,"Florianópolis, Itacorubí",Florianópolis,Itacorubí,NULL,"R$ 4.400,00",4400.0,68.0,2.0,1.0,1.0,64.70588235294117
https://www.imoveis-sc.com.br/florianopolis/alugar/apartamento/itacorubi/apartamento-florianopolis-itacorubi-1325500.html,Apartamento no Bairro Itacorubí em Florianópolis com 2 Dormitórios (1 suíte) e 70 m² - AP02414L,"Florianópolis, Itacorubí",Florianópolis,Itacorubí,NULL,"R$ 4.400,00",4400.0,70.0,2.0,1.0,1.0,62.857142857142854
https://www.imoveis-sc.com.br/florianopolis/alugar/apartamento/itacorubi/apartamento-florianopolis-itacorubi-1464158.html,Apartamento no Bairro Itacorubí em Florianópolis com 2 Dormitórios (1 suíte) e 82 m² - AP03505L,"Florianópolis, Itacorubí",Florianópolis,Itacorubí,NULL,"R$ 4.490,00",4490.0,82.0,2.0,1.0,1.0,54.75609756097561
https://www.imoveis-sc.com.br/florianopolis/alugar/apartamento/trindade/apartamento-florianopolis-trindade-1465723.html,Apartamento no Bairro Trindade em Florianópolis com 1 Dormitórios e 32.8 m² - AP03514L,"Florianópolis, Trindade",Florianópolis,Trindade,NULL,"R$ 4.500,00",4500.0,32.8,NULL,NULL,NULL,137.19512195121953
https://www.imoveis-sc.com.br/florianopolis/alugar/apartamento/trindade/apartamento-florianopolis-trindade-1465602.html,Apartamento no Bairro Trindade em Florianópolis com 1 Dormitórios e 30.9 m² - AP03511L,"Florianópolis, Trindade",Florianópolis,Trindade,NULL,"R$ 4.500,00",4500.0,30.9,NULL,NULL,NULL,145.63106796116506
https://www.imoveis-sc.com.br/florianopolis/alugar/apartamento/trindade/apartamento-florianopolis-trindade-1465724.html,Apartamento no Bairro Trindade em Florianópolis com 1 Dormitórios e 30.9 m² - AP03513L,"Florianópolis, Trindade",Florianópolis,Trindade,NULL,"R$ 4.500,00",4500.0,30.9,NULL,NULL,NULL,145.63106796116506
https://www.imoveis-sc.com.br/florianopolis/alugar/apartamento/centro/apartamento-florianopolis-centro-1453739.html,Apartamento no Bairro Centro em Florianópolis com 1 Dormitórios e 75 m² - AP03407L,"Florianópolis, Centro",Florianópolis,Centro,NULL,"R$ 4.500,00",4500.0,75.0,NULL,NULL,NULL,60.0
https://www.imoveis-sc.com.br/florianopolis/alugar/apartamento/corrego-grande/apartamento-florianopolis-corrego-grande-1410115.html,Apartamento no Bairro Córrego Grande em Florianópolis com 2 Dormitórios (1 suíte) e 138.55 m² - CO00105L,"Florianópolis, Córrego Grande",Florianópolis,Córrego Grande,NULL,"R$ 5.000,00",5000.0,138.6,2.0,2.0,1.0,36.075036075036074
https://www.imoveis-sc.com.br/florianopolis/alugar/apartamento/itacorubi/apartamento-florianopolis-itacorubi-1460845.html,Apartamento no Bairro Itacorubí em Florianópolis com 3 Dormitórios (1 suíte) e 83 m² - AP03477L,"Florianópolis, Itacorubí",Florianópolis,Itacorubí,NULL,"R$ 5.200,00",5200.0,83.0,3.0,2.0,1.0,62.65060240963855
https://www.imoveis-sc.com.br/florianopolis/alugar/apartamento/agronomica/apartamento-florianopolis-agronomica-1458098.html,Apartamento no Bairro Agronômica em Florianópolis com 2 Dormitórios (2 suítes) e 73 m² - AP03445L,"Florianópolis, Agronômica",Florianópolis,Agronômica,NULL,"R$ 5.400,00",5400.0,73.0,2.0,2.0,2.0,73.97260273972603
https://www.imoveis-sc.com.br/florianopolis/alugar/apartamento/centro/apartamento-florianopolis-centro-1461487.html,Apartamento no Bairro Centro em Florianópolis com 1 Dormitórios e 46 m² - AP03493L,"Florianópolis, Centro",Florianópolis,Centro,NULL,"R$ 5.500,00",5500.0,46.0,NULL,1.0,NULL,119.56521739130434
https://www.imoveis-sc.com.br/florianopolis/alugar/apartamento/centro/apartamento-florianopolis-centro-1429337.html,Apartamento no Bairro Centro em Florianópolis com 2 Dormitórios (1 suíte) e 91.21 m² - AP02274L,"Florianópolis, Centro",Florianópolis,Centro,NULL,"R$ 5.990,00",5990.0,91.2,2.0,1.0,1.0,65.6798245614035
https://www.imoveis-sc.com.br/florianopolis/alugar/apartamento/centro/apartamento-florianopolis-centro-1460853.html,Apartamento no Bairro Centro em Florianópolis com 3 Dormitórios (1 suíte) e 141 m² - AP02656L,"Florianópolis, Centro",Florianópolis,Centro,NULL,"R$ 6.000,00",6000.0,141.0,3.0,1.0,1.0,42.5531914893617
https://www.imoveis-sc.com.br/florianopolis/alugar/apartamento/centro/apartamento-florianopolis-centro-1444129.html,Apartamento no Bairro Centro em Florianópolis com 1 Dormitórios (1 suíte) e 72 m² - AP03333L,"Florianópolis, Centro",Florianópolis,Centro,NULL,"R$ 6.500,00",6500.0,72.0,NULL,1.0,1.0,90.27777777777777
https://www.imoveis-sc.com.br/florianopolis/alugar/outros-imoveis/centro/outros-imoveis-florianopolis-centro-1325944.html,Outros Imóveis no Bairro Centro em Florianópolis com 294.39 m² - SA00045L,"Florianópolis, Centro",Florianópolis,Centro,NULL,"R$ 9.000,00",9000.0,294.4,NULL,3.0,NULL,30.570652173913047
https://www.imoveis-sc.com.br/florianopolis/alugar/apartamento/centro/apartamento-florianopolis-centro-1456509.html,Apartamento no Bairro Centro em Florianópolis com 3 Dormitórios (1 suíte) e 122.58 m² - AP03434L,"Florianópolis, Centro",Florianópolis,Centro,NULL,"R$ 10.000,00",10000.0,122.6,3.0,1.0,1.0,81.56606851549756
https://www.imoveis-sc.com.br/florianopolis/alugar/apartamento/agronomica/apartamento-florianopolis-agronomica-1458718.html,Apartamento no Bairro Agronômica em Florianópolis com 2 Dormitórios (2 suítes) e 101.39 m² - AP03454L,"Florianópolis, Agronômica",Florianópolis,Agronômica,NULL,"R$ 11.000,00",11000.0,101.4,2.0,1.0,2.0,108.48126232741616
https://www.imoveis-sc.com.br/florianopolis/alugar/apartamento/agronomica/apartamento-florianopolis-agronomica-1459168.html,Apartamento no Bairro Agronômica em Florianópolis com 2 Dormitórios (1 suíte) e 101.39 m² - AP03457L,"Florianópolis, Agronômica",Florianópolis,Agronômica,NULL,"R$ 11.500,00",11500.0,101.4,2.0,1.0,1.0,113.41222879684418
https://www.imoveis-sc.com.br/florianopolis/alugar/apartamento/itacorubi/apartamento-florianopolis-itacorubi-1458103.html,Apartamento no Bairro Itacorubí em Florianópolis com 2 Dormitórios (1 suíte) e 150 m² - CO00118L,"Florianópolis, Itacorubí",Florianópolis,Itacorubí,NULL,"R$ 15.000,00",15000.0,150.0,2.0,2.0,1.0,100.0
https://www.imoveis-sc.com.br/florianopolis/alugar/outros-imoveis/estreito/outros-imoveis-florianopolis-estreito-1425035.html,Outros Imóveis no Bairro Estreito em Florianópolis com 649.15 m² - LJ00074L,"Florianópolis, Estreito",Florianópolis,Estreito,NULL,"R$ 16.750,00",16750.0,649.2,NULL,12.0,NULL,25.80098582871226
https://www.imoveis-sc.com.br/florianopolis/alugar/apartamento/itacorubi/apartamento-florianopolis-itacorubi-1462278.html,Apartamento no Bairro Itacorubí em Florianópolis com 2 Dormitórios (1 suíte) e 115.6 m² - CO00122L,"Florianópolis, Itacorubí",Florianópolis,Itacorubí,NULL,"R$ 3.950,00",3950.0,115.6,2.0,1.0,1.0,34.169550173010386
https://www.imoveis-sc.com.br/florianopolis/alugar/apartamento/centro/apartamento-florianopolis-centro-1461233.html,Apartamento no Bairro Centro em Florianópolis com 1 Dormitórios (1 suíte) e 55 m² - AP02593L,"Florianópolis, Centro",Florianópolis,Centro,NULL,"R$ 4.500,00",4500.0,55.0,NULL,NULL,1.0,81.81818181818181
https://www.imoveis-sc.com.br/florianopolis/alugar/apartamento/agronomica/apartamento-florianopolis-agronomica-1458097.html,Apartamento no Bairro Agronômica em Florianópolis com 2 Dormitórios (2 suítes) e 73 m² - AP03446L,"Florianópolis, Agronômica",Florianópolis,Agronômica,NULL,"R$ 5.700,00",5700.0,73.0,2.0,2.0,2.0,78.08219178082192
https://www.imoveis-sc.com.br/florianopolis/alugar/outros-imoveis/centro/outros-imoveis-florianopolis-centro-1432160.html,Outros Imóveis no Bairro Centro em Florianópolis com 42.35 m² - SA00050L,"Florianópolis, Centro",Florianópolis,Centro,NULL,"R$ 1.200,00",1200.0,42.4,NULL,NULL,NULL,28.30188679245283
https://www.imoveis-sc.com.br/florianopolis/alugar/outros-imoveis/centro/outros-imoveis-florianopolis-centro-1466392.html,Outros Imóveis no Bairro Centro em Florianópolis com 64.2 m² - SA00310L,"Florianópolis, Centro",Florianópolis,Centro,NULL,"R$ 1.400,00",1400.0,64.2,NULL,NULL,NULL,21.806853582554517
https://www.imoveis-sc.com.br/florianopolis/alugar/outros-imoveis/centro/outros-imoveis-florianopolis-centro-1444130.html,Outros Imóveis no Bairro Centro em Florianópolis com 72 m² - SA00287L,"Florianópolis, Centro",Florianópolis,Centro,NULL,"R$ 6.670,00",6670.0,72.0,NULL,1.0,NULL,92.63888888888889
https://www.imoveis-sc.com.br/florianopolis/alugar/apartamento/centro/apartamento-florianopolis-centro-1444128.html,Apartamento no Bairro Centro em Florianópolis com 1 Dormitórios e 68 m² - AP03334L,"Florianópolis, Centro",Florianópolis,Centro,NULL,"R$ 2.990,00",2990.0,68.0,NULL,NULL,NULL,43.970588235294116
https://www.imoveis-sc.com.br/florianopolis/alugar/outros-imoveis/centro/outros-imoveis-florianopolis-centro-1453046.html,Outros Imóveis no Bairro Centro em Florianópolis com 58 m² - SA00297L,"Florianópolis, Centro",Florianópolis,Centro,NULL,"R$ 3.000,00",3000.0,58.0,NULL,1.0,NULL,51.724137931034484
https://www.imoveis-sc.com.br/florianopolis/alugar/apartamento/itacorubi/apartamento-florianopolis-itacorubi-1462280.html,Apartamento no Bairro Itacorubí em Florianópolis com 2 Dormitórios (1 suíte) e 114.25 m² - CO00120L,"Florianópolis, Itacorubí",Florianópolis,Itacorubí,NULL,"R$ 3.950,00",3950.0,114.3,2.0,1.0,1.0,34.55818022747157
https://www.imoveis-sc.com.br/florianopolis/alugar/outros-imoveis/jurere/outros-imoveis-florianopolis-jurere-1464369.html,Outros Imóveis no Bairro Jurerê em Florianópolis com 40 m² - LJ00116L,"Florianópolis, Jurerê",Florianópolis,Jurerê,NULL,"R$ 4.300,00",4300.0,40.0,NULL,NULL,NULL,107.5
https://www.imoveis-sc.com.br/florianopolis/alugar/outros-imoveis/saco-grande-i/outros-imoveis-florianopolis-saco-grande-i-1422386.html,Outros Imóveis no Bairro Saco Grande I em Florianópolis com 150 m² - LJ00105L,"Florianópolis, Saco Grande I",Florianópolis,Saco Grande I,NULL,"R$ 6.500,00",6500.0,150.0,NULL,3.0,NULL,43.333333333333336
https://www.imoveis-sc.com.br/florianopolis/alugar/apartamento/centro/apartamento-florianopolis-centro-1461222.html,Apartamento no Bairro Centro em Florianópolis com 1 Dormitórios e 50 m² - AP03488L,"Florianópolis, Centro",Florianópolis,Centro,NULL,"R$ 2.500,00",2500.0,50.0,NULL,NULL,NULL,50.0
https://www.imoveis-sc.com.br/florianopolis/alugar/apartamento/centro/apartamento-florianopolis-centro-1461225.html,Apartamento no Bairro Centro em Florianópolis com 1 Dormitórios e 60 m² - AP03485L,"Florianópolis, Centro",Florianópolis,Centro,NULL,"R$ 4.000,00",4000.0,60.0,NULL,NULL,NULL,66.66666666666667
https://www.imoveis-sc.com.br/florianopolis/alugar/outros-imoveis/estreito/outros-imoveis-florianopolis-estreito-1380593.html,Outros Imóveis no Bairro Estreito em Florianópolis com 193.66 m² - SA00240L,"Florianópolis, Estreito",Florianópolis,Estreito,NULL,"R$ 9.800,00",9800.0,193.7,NULL,4.0,NULL,50.59370160041301
https://www.imoveis-sc.com.br/florianopolis/alugar/outros-imoveis/centro/outros-imoveis-florianopolis-centro-1466393.html,Outros Imóveis no Bairro Centro em Florianópolis com 64.2 m² - SA00309L,"Florianópolis, Centro",Florianópolis,Centro,NULL,"R$ 1.400,00",1400.0,64.2,NULL,NULL,NULL,21.806853582554517
https://www.imoveis-sc.com.br/florianopolis/alugar/outros-imoveis/itacorubi/outros-imoveis-florianopolis-itacorubi-1450286.html,Outros Imóveis no Bairro Itacorubí em Florianópolis com 27 m² - SA00294L,"Florianópolis, Itacorubí",Florianópolis,Itacorubí,NULL,"R$ 1.667,00",1667.0,27.0,NULL,NULL,NULL,61.74074074074074
https://www.imoveis-sc.com.br/florianopolis/alugar/outros-imoveis/centro/outros-imoveis-florianopolis-centro-1450284.html,Outros Imóveis no Bairro Centro em Florianópolis com 58 m² - SA00296L,"Florianópolis, Centro",Florianópolis,Centro,NULL,"R$ 3.000,00",3000.0,58.0,NULL,1.0,NULL,51.724137931034484
https://www.imoveis-sc.com.br/florianopolis/alugar/outros-imoveis/itacorubi/outros-imoveis-florianopolis-itacorubi-1410948.html,Outros Imóveis no Bairro Itacorubí em Florianópolis com 112 m² - LJ00101L,"Florianópolis, Itacorubí",Florianópolis,Itacorubí,NULL,"R$ 8.700,00",8700.0,112.0,NULL,6.0,NULL,77.67857142857143
https://www.imoveis-sc.com.br/florianopolis/alugar/apartamento/itacorubi/apartamento-florianopolis-itacorubi-826168.html,Apartamento no Bairro Itacorubí em Florianópolis com 2 Dormitórios (1 suíte) e 70 m² - AP00956L,"Florianópolis, Itacorubí",Florianópolis,Itacorubí,NULL,"R$ 2.990,00",2990.0,70.0,2.0,1.0,1.0,42.714285714285715
https://www.imoveis-sc.com.br/florianopolis/alugar/apartamento/centro/apartamento-florianopolis-centro-1455912.html,Apartamento no Bairro Centro em Florianópolis com 2 Dormitórios (1 suíte) e 75 m² - AP03426L,"Florianópolis, Centro",Florianópolis,Centro,NULL,"R$ 4.580,00",4580.0,75.0,2.0,1.0,1.0,61.06666666666667
https://www.imoveis-sc.com.br/florianopolis/alugar/apartamento/itacorubi/apartamento-florianopolis-itacorubi-1384640.html,Apartamento no Bairro Itacorubí em Florianópolis com 2 Dormitórios (1 suíte) e 73.67 m² - AP02711L,"Florianópolis, Itacorubí",Florianópolis,Itacorubí,NULL,"R$ 4.900,00",4900.0,73.7,2.0,1.0,1.0,66.48575305291723
https://www.imoveis-sc.com.br/florianopolis/alugar/outros-imoveis/corrego-grande/outros-imoveis-florianopolis-corrego-grande-1459678.html,Outros Imóveis no Bairro Córrego Grande em Florianópolis com 35 m² - SA00305L,"Florianópolis, Córrego Grande",Florianópolis,Córrego Grande,NULL,"R$ 1.300,00",1300.0,35.0,NULL,NULL,NULL,37.142857142857146
https://www.imoveis-sc.com.br/florianopolis/alugar/outros-imoveis/jurere/outros-imoveis-florianopolis-jurere-1464159.html,Outros Imóveis no Bairro Jurerê em Florianópolis com 30 m² - LJ00115L,"Florianópolis, Jurerê",Florianópolis,Jurerê,NULL,"R$ 3.500,00",3500.0,30.0,NULL,NULL,NULL,116.66666666666667
https://www.imoveis-sc.com.br/florianopolis/alugar/apartamento/itacorubi/apartamento-florianopolis-itacorubi-1456505.html,Apartamento no Bairro Itacorubí em Florianópolis com 2 Dormitórios e 57 m² - AP03437L,"Florianópolis, Itacorubí",Florianópolis,Itacorubí,NULL,"R$ 3.990,00",3990.0,57.0,2.0,1.0,NULL,70.0
https://www.imoveis-sc.com.br/florianopolis/alugar/outros-imoveis/agronomica/outros-imoveis-florianopolis-agronomica-1465897.html,Outros Imóveis no Bairro Agronômica em Florianópolis com 173.96 m² - LJ00011L,"Florianópolis, Agronômica",Florianópolis,Agronômica,NULL,"R$ 7.500,00",7500.0,174.0,NULL,1.0,NULL,43.10344827586207
https://www.imoveis-sc.com.br/florianopolis/alugar/apartamento/centro/apartamento-florianopolis-centro-1461224.html,Apartamento no Bairro Centro em Florianópolis com 1 Dormitórios e 60 m² - AP03486L,"Florianópolis, Centro",Florianópolis,Centro,NULL,"R$ 3.500,00",3500.0,60.0,NULL,NULL,NULL,58.333333333333336
https://www.imoveis-sc.com.br/florianopolis/alugar/outros-imoveis/lagoa-da-conceicao/outros-imoveis-florianopolis-lagoa-da-conceicao-1464368.html,Outros Imóveis no Bairro Lagoa da Conceição em Florianópolis com 60 m² - LJ00117L,"Florianópolis, Lagoa da Conceição",Florianópolis,Lagoa Da Conceição,NULL,"R$ 3.500,00",3500.0,60.0,NULL,1.0,NULL,58.333333333333336
https://www.imoveis-sc.com.br/florianopolis/alugar/outros-imoveis/itacorubi/outros-imoveis-florianopolis-itacorubi-1383025.html,Outros Imóveis no Bairro Itacorubí em Florianópolis com 12 m² - LJ00095L,"Florianópolis, Itacorubí",Florianópolis,Itacorubí,NULL,"R$ 1.200,00",1200.0,12.0,NULL,1.0,NULL,100.0
https://www.imoveis-sc.com.br/florianopolis/alugar/outros-imoveis/trindade/outros-imoveis-florianopolis-trindade-1465014.html,Outros Imóveis no Bairro Trindade em Florianópolis com 1 Dormitórios e 91.75 m² - LJ00119L,"Florianópolis, Trindade",Florianópolis,Trindade,NULL,"R$ 8.000,00",8000.0,91.8,NULL,1.0,NULL,87.14596949891067
https://www.imoveis-sc.com.br/florianopolis/alugar/outros-imoveis/centro/outros-imoveis-florianopolis-centro-1456196.html,Outros Imóveis no Bairro Centro em Florianópolis com 331.28 m² - SA00286L,"Florianópolis, Centro",Florianópolis,Centro,NULL,"R$ 15.000,00",15000.0,331.3,NULL,5.0,NULL,45.276184726833684
https://www.imoveis-sc.com.br/florianopolis/alugar/outros-imoveis/centro/outros-imoveis-florianopolis-centro-1444607.html,Outros Imóveis no Bairro Centro em Florianópolis com 91.13 m² - SA00263L,"Florianópolis, Centro",Florianópolis,Centro,NULL,"R$ 3.100,00",3100.0,91.1,NULL,NULL,NULL,34.02854006586169
https://www.imoveis-sc.com.br/florianopolis/alugar/outros-imoveis/trindade/outros-imoveis-florianopolis-trindade-1355808.html,Outros Imóveis no Bairro Trindade em Florianópolis com 51 m² - SA00248L,"Florianópolis, Trindade",Florianópolis,Trindade,NULL,"R$ 2.500,00",2500.0,51.0,NULL,1.0,NULL,49.01960784313726
https://www.imoveis-sc.com.br/florianopolis/alugar/outros-imoveis/santo-antonio-de-lisboa/outros-imoveis-florianopolis-santo-antonio-de-lisboa-1456513.html,Outros Imóveis no Bairro Santo Antônio de Lisboa em Florianópolis com 62.94 m² - LJ00112L,"Florianópolis, Santo Antônio de Lisboa",Florianópolis,Santo Antônio De Lisboa,NULL,"R$ 8.500,00",8500.0,62.9,NULL,2.0,NULL,135.13513513513513
https://www.imoveis-sc.com.br/florianopolis/alugar/outros-imoveis/trindade/outros-imoveis-florianopolis-trindade-1465013.html,Outros Imóveis no Bairro Trindade em Florianópolis com 1 Dormitórios e 102.97 m² - LJ00120L,"Florianópolis, Trindade",Florianópolis,Trindade,NULL,"R$ 10.000,00",10000.0,103.0,NULL,1.0,NULL,97.0873786407767
https://www.imoveis-sc.com.br/florianopolis/alugar/casa/centro/casa-florianopolis-centro-1459423.html,Casa no Bairro Centro em Florianópolis com 2 Dormitórios e 82 m² - CA00689L,"Florianópolis, Centro",Florianópolis,Centro,NULL,"R$ 3.500,00",3500.0,82.0,2.0,1.0,NULL,42.68292682926829
https://www.imoveis-sc.com.br/florianopolis/alugar/casa/trindade/casa-florianopolis-trindade-1456187.html,Casa no Bairro Trindade em Florianópolis com 2 Dormitórios (1 suíte) e 90 m² - CA00669L,"Florianópolis, Trindade",Florianópolis,Trindade,NULL,"R$ 3.800,00",3800.0,90.0,2.0,2.0,1.0,42.22222222222222
https://www.imoveis-sc.com.br/florianopolis/comprar/casa/rio-vermelho/casa-florianopolis-rio-vermelho-1243264.html?isc_source=SD,Casa no Bairro Rio Vermelho em Florianópolis com 3 Dormitórios (3 suítes) e 200 m² - SO0288,"Florianópolis, Rio Vermelho",Florianópolis,Rio Vermelho,NULL,"R$ 1.900.000,00",1900000.0,200.0,3.0,4.0,3.0,9500.0
https://www.imoveis-sc.com.br/florianopolis/comprar/apartamento/rio-vermelho/apartamento-florianopolis-rio-vermelho-1080083.html?isc_source=SD,Apartamento no Bairro Rio Vermelho em Florianópolis com 2 Dormitórios e 55 m² - AP0576,"Florianópolis, Rio Vermelho",Florianópolis,Rio Vermelho,NULL,"R$ 190.900,00",190900.0,55.0,2.0,1.0,NULL,3470.909090909091
https://www.imoveis-sc.com.br/florianopolis/comprar/apartamento/ingleses/apartamento-florianopolis-ingleses-633773.html?isc_source=SD,Apartamento no Bairro Ingleses em Florianópolis com 2 Dormitórios (1 suíte) e 65 m² - AP0187,"Florianópolis, Ingleses",Florianópolis,Ingleses,NULL,"R$ 270.000,00",270000.0,65.0,2.0,1.0,1.0,4153.846153846154
https://www.imoveis-sc.com.br/florianopolis/comprar/casa/rio-vermelho/casa-florianopolis-rio-vermelho-1429138.html?isc_source=SD,Casa no Bairro Rio Vermelho em Florianópolis com 2 Dormitórios (2 suítes) e 85 m² - SO0399,"Florianópolis, Rio Vermelho",Florianópolis,Rio Vermelho,NULL,"R$ 449.900,00",449900.0,85.0,2.0,1.0,2.0,5292.941176470588
https://www.imoveis-sc.com.br/florianopolis/comprar/casa/rio-vermelho/casa-florianopolis-rio-vermelho-1424367.html?isc_source=SD,Casa no Bairro Rio Vermelho em Florianópolis com 3 Dormitórios (1 suíte) e 141 m² - SO0381,"Florianópolis, Rio Vermelho",Florianópolis,Rio Vermelho,NULL,"R$ 459.000,00",459000.0,141.0,3.0,2.0,1.0,3255.31914893617
https://www.imoveis-sc.com.br/florianopolis/comprar/casa/rio-vermelho/casa-florianopolis-rio-vermelho-1389514.html?isc_source=SD,Casa no Bairro Rio Vermelho em Florianópolis com 2 Dormitórios (2 suítes) e 103 m² - SO0366,"Florianópolis, Rio Vermelho",Florianópolis,Rio Vermelho,NULL,"R$ 550.000,00",550000.0,103.0,2.0,1.0,2.0,5339.805825242718
https://www.imoveis-sc.com.br/florianopolis/comprar/casa/rio-vermelho/casa-florianopolis-rio-vermelho-1432156.html?isc_source=SD,Casa no Bairro Rio Vermelho em Florianópolis com 3 Dormitórios e 170 m² - CA0146,"Florianópolis, Rio Vermelho",Florianópolis,Rio Vermelho,NULL,"R$ 650.000,00",650000.0,170.0,3.0,2.0,NULL,3823.529411764706
https://www.imoveis-sc.com.br/florianopolis/comprar/casa/ingleses/casa-florianopolis-ingleses-1453639.html?isc_source=SD,Casa no Bairro Ingleses em Florianópolis com 3 Dormitórios (1 suíte) e 174 m² - SO0419,"Florianópolis, Ingleses",Florianópolis,Ingleses,NULL,"R$ 840.000,00",840000.0,174.0,3.0,2.0,1.0,4827.586206896552
https://www.imoveis-sc.com.br/florianopolis/comprar/apartamento/itacorubi/apartamento-florianopolis-itacorubi-1462277.html?isc_source=SD,Apartamento no Bairro Itacorubí em Florianópolis com 2 Dormitórios (1 suíte) e 68.42 m² - AP03496V,"Florianópolis, Itacorubí",Florianópolis,Itacorubí,NULL,"R$ 895.000,00",895000.0,68.4,2.0,1.0,1.0,13084.795321637426
https://www.imoveis-sc.com.br/florianopolis/comprar/casa/centro/casa-florianopolis-centro-1345146.html?isc_source=SD,Casa no Bairro Centro em Florianópolis com 2 Dormitórios (1 suíte) e 168 m² - CA00502V,"Florianópolis, Centro",Florianópolis,Centro,NULL,"R$ 1.390.000,00",1390000.0,168.0,2.0,2.0,1.0,8273.809523809523
https://www.imoveis-sc.com.br/florianopolis/comprar/apartamento/trindade/apartamento-florianopolis-trindade-1360835.html?isc_source=SD,Apartamento no Bairro Trindade em Florianópolis com 2 Dormitórios (2 suítes) e 157 m² - CO00092V,"Florianópolis, Trindade",Florianópolis,Trindade,NULL,"R$ 1.440.000,00",1440000.0,157.0,2.0,2.0,2.0,9171.974522292994
https://www.imoveis-sc.com.br/florianopolis/comprar/apartamento/itacorubi/apartamento-florianopolis-itacorubi-1335129.html?isc_source=SD,Apartamento no Bairro Itacorubí em Florianópolis com 2 Dormitórios (1 suíte) e 61.06 m² - AP02855V,"Florianópolis, Itacorubí",Florianópolis,Itacorubí,NULL,"R$ 720.000,00",720000.0,61.1,2.0,1.0,1.0,11783.960720130932
https://www.imoveis-sc.com.br/florianopolis/comprar/apartamento/ingleses/apartamento-florianopolis-ingleses-1363893.html?isc_source=SD,Apartamento no Bairro Ingleses em Florianópolis com 2 Dormitórios (1 suíte) e 55 m² - GD0044,"Florianópolis, Ingleses",Florianópolis,Ingleses,NULL,"R$ 260.000,00",260000.0,55.0,2.0,1.0,1.0,4727.272727272727
https://www.imoveis-sc.com.br/florianopolis/comprar/casa/rio-vermelho/casa-florianopolis-rio-vermelho-1453637.html?isc_source=SD,Casa no Bairro Rio Vermelho em Florianópolis com 2 Dormitórios e 99 m² - SO0417,"Florianópolis, Rio Vermelho",Florianópolis,Rio Vermelho,NULL,"R$ 400.000,00",400000.0,99.0,2.0,1.0,NULL,4040.40404040404
https://www.imoveis-sc.com.br/florianopolis/comprar/apartamento/vargem-grande/apartamento-florianopolis-vargem-grande-1453041.html?isc_source=SD,Apartamento no Bairro Vargem Grande em Florianópolis com 2 Dormitórios e 61 m² - GD0049,"Florianópolis, Vargem Grande",Florianópolis,Vargem Grande,NULL,"R$ 450.000,00",450000.0,61.0,2.0,1.0,NULL,7377.049180327869
https://www.imoveis-sc.com.br/florianopolis/comprar/apartamento/ingleses/apartamento-florianopolis-ingleses-1080096.html?isc_source=SD,Apartamento no Bairro Ingleses em Florianópolis com 2 Dormitórios e 53 m² - AP0571,"Florianópolis, Ingleses",Florianópolis,Ingleses,NULL,"R$ 465.000,00",465000.0,53.0,2.0,1.0,NULL,8773.584905660377
https://www.imoveis-sc.com.br/florianopolis/comprar/casa/rio-vermelho/casa-florianopolis-rio-vermelho-1452135.html?isc_source=SD,Casa no Bairro Rio Vermelho em Florianópolis com 2 Dormitórios (2 suítes) e 92 m² - SO0409,"Florianópolis, Rio Vermelho",Florianópolis,Rio Vermelho,NULL,"R$ 619.000,00",619000.0,92.0,2.0,2.0,2.0,6728.260869565217
https://www.imoveis-sc.com.br/florianopolis/comprar/casa/rio-vermelho/casa-florianopolis-rio-vermelho-1286443.html?isc_source=SD,Casa no Bairro Rio Vermelho em Florianópolis com 2 Dormitórios (2 suítes) e 89 m² - SO0325,"Florianópolis, Rio Vermelho",Florianópolis,Rio Vermelho,NULL,"R$ 650.000,00",650000.0,89.0,2.0,1.0,2.0,7303.3707865168535
https://www.imoveis-sc.com.br/florianopolis/comprar/casa/rio-vermelho/casa-florianopolis-rio-vermelho-1418205.html?isc_source=SD,Casa no Bairro Rio Vermelho em Florianópolis com 3 Dormitórios (1 suíte) e 93 m² - CA0138,"Florianópolis, Rio Vermelho",Florianópolis,Rio Vermelho,NULL,"R$ 689.000,00",689000.0,93.0,3.0,1.0,1.0,7408.602150537635
https://www.imoveis-sc.com.br/florianopolis/comprar/casa/rio-vermelho/casa-florianopolis-rio-vermelho-1351779.html?isc_source=SD,Casa no Bairro Rio Vermelho em Florianópolis com 2 Dormitórios (2 suítes) e 110 m² - SO0340,"Florianópolis, Rio Vermelho",Florianópolis,Rio Vermelho,NULL,"R$ 690.000,00",690000.0,110.0,2.0,2.0,2.0,6272.727272727273
https://www.imoveis-sc.com.br/florianopolis/comprar/casa/ingleses/casa-florianopolis-ingleses-1427223.html?isc_source=SD,Casa no Bairro Ingleses em Florianópolis com 4 Dormitórios (1 suíte) e 124 m² - SO0392,"Florianópolis, Ingleses",Florianópolis,Ingleses,NULL,"R$ 720.000,00",720000.0,124.0,4.0,2.0,1.0,5806.451612903225
https://www.imoveis-sc.com.br/florianopolis/comprar/casa/rio-vermelho/casa-florianopolis-rio-vermelho-1263736.html?isc_source=SD,Casa no Bairro Rio Vermelho em Florianópolis com 3 Dormitórios (1 suíte) e 122 m² - SO0313,"Florianópolis, Rio Vermelho",Florianópolis,Rio Vermelho,NULL,"R$ 730.000,00",730000.0,122.0,3.0,2.0,1.0,5983.606557377049
https://www.imoveis-sc.com.br/florianopolis/comprar/casa/rio-vermelho/casa-florianopolis-rio-vermelho-1317093.html?isc_source=SD,Casa no Bairro Rio Vermelho em Florianópolis com 3 Dormitórios (1 suíte) e 123 m² - SO0333,"Florianópolis, Rio Vermelho",Florianópolis,Rio Vermelho,NULL,"R$ 789.000,00",789000.0,123.0,3.0,1.0,1.0,6414.634146341464
https://www.imoveis-sc.com.br/florianopolis/comprar/casa/ingleses/casa-florianopolis-ingleses-1390147.html?isc_source=SD,Casa no Bairro Ingleses em Florianópolis com 2 Dormitórios e 139 m² - CA0136,"Florianópolis, Ingleses",Florianópolis,Ingleses,NULL,"R$ 840.000,00",840000.0,139.0,2.0,1.0,NULL,6043.1654676258995
https://www.imoveis-sc.com.br/florianopolis/comprar/casa/ingleses/casa-florianopolis-ingleses-923749.html?isc_source=SD,Casa no Bairro Ingleses em Florianópolis com 3 Dormitórios (1 suíte) e 117 m² - SO0050,"Florianópolis, Ingleses",Florianópolis,Ingleses,NULL,"R$ 849.000,00",849000.0,117.0,3.0,2.0,1.0,7256.410256410257
https://www.imoveis-sc.com.br/florianopolis/comprar/casa/rio-vermelho/casa-florianopolis-rio-vermelho-1422624.html?isc_source=SD,Casa no Bairro Rio Vermelho em Florianópolis com 3 Dormitórios (3 suítes) e 157 m² - SO0377,"Florianópolis, Rio Vermelho",Florianópolis,Rio Vermelho,NULL,"R$ 900.000,00",900000.0,157.0,3.0,2.0,3.0,5732.484076433121
https://www.imoveis-sc.com.br/florianopolis/comprar/casa/ingleses/casa-florianopolis-ingleses-950843.html?isc_source=SD,Casa no Bairro Ingleses em Florianópolis com 4 Dormitórios (2 suítes) e 150 m² - SO0191,"Florianópolis, Ingleses",Florianópolis,Ingleses,NULL,"R$ 950.000,00",950000.0,150.0,4.0,2.0,2.0,6333.333333333333
https://www.imoveis-sc.com.br/florianopolis/comprar/casa/santinho/casa-florianopolis-santinho-688817.html?isc_source=SD,Casa no Bairro Santinho em Florianópolis com 2 Dormitórios (1 suíte) e 90 m² - SO0084,"Florianópolis, Santinho",Florianópolis,Santinho,NULL,"R$ 950.000,00",950000.0,90.0,2.0,5.0,1.0,10555.555555555555
https://www.imoveis-sc.com.br/florianopolis/comprar/casa/rio-vermelho/casa-florianopolis-rio-vermelho-1372701.html?isc_source=SD,Casa no Bairro Rio Vermelho em Florianópolis com 3 Dormitórios (3 suítes) e 153 m² - SO0361,"Florianópolis, Rio Vermelho",Florianópolis,Rio Vermelho,NULL,"R$ 990.000,00",990000.0,153.0,3.0,2.0,3.0,6470.588235294118
https://www.imoveis-sc.com.br/florianopolis/comprar/casa/rio-vermelho/casa-florianopolis-rio-vermelho-1229882.html?isc_source=SD,Casa no Bairro Rio Vermelho em Florianópolis com 3 Dormitórios (1 suíte) e 149 m² - SO0269,"Florianópolis, Rio Vermelho",Florianópolis,Rio Vermelho,NULL,"R$ 1.060.000,00",1060000.0,149.0,3.0,1.0,1.0,7114.093959731544
https://www.imoveis-sc.com.br/florianopolis/comprar/outros-imoveis/ingleses/outros-imoveis-florianopolis-ingleses-1079881.html?isc_source=SD,Outros Imóveis no Bairro Ingleses em Florianópolis com 307 m² - PR0006,"Florianópolis, Ingleses",Florianópolis,Ingleses,NULL,"R$ 1.100.000,00",1100000.0,307.0,NULL,4.0,NULL,3583.061889250814
https://www.imoveis-sc.com.br/florianopolis/comprar/apartamento/ingleses/apartamento-florianopolis-ingleses-1080101.html?isc_source=SD,Apartamento no Bairro Ingleses em Florianópolis com 2 Dormitórios (1 suíte) e 59 m² - AP0568,"Florianópolis, Ingleses",Florianópolis,Ingleses,NULL,"R$ 1.152.750,00",1152750.0,59.0,2.0,1.0,1.0,19538.13559322034
https://www.imoveis-sc.com.br/florianopolis/comprar/casa/ingleses/casa-florianopolis-ingleses-1424365.html?isc_source=SD,Casa no Bairro Ingleses em Florianópolis com 3 Dormitórios (1 suíte) e 137 m² - SO0380,"Florianópolis, Ingleses",Florianópolis,Ingleses,NULL,"R$ 1.200.000,00",1200000.0,137.0,3.0,2.0,1.0,8759.12408759124
https://www.imoveis-sc.com.br/florianopolis/comprar/casa/ingleses/casa-florianopolis-ingleses-1425695.html?isc_source=SD,Casa no Bairro Ingleses em Florianópolis com 3 Dormitórios (3 suítes) e 159 m² - SO0391,"Florianópolis, Ingleses",Florianópolis,Ingleses,NULL,"R$ 1.350.000,00",1350000.0,159.0,3.0,2.0,3.0,8490.566037735849
https://www.imoveis-sc.com.br/florianopolis/comprar/outros-imoveis/rio-vermelho/outros-imoveis-florianopolis-rio-vermelho-1080461.html?isc_source=SD,Outros Imóveis no Bairro Rio Vermelho em Florianópolis com 9 Dormitórios e 110 m² - PO0006,"Florianópolis, Rio Vermelho",Florianópolis,Rio Vermelho,NULL,"R$ 1.500.000,00",1500000.0,110.0,9.0,2.0,NULL,13636.363636363636
https://www.imoveis-sc.com.br/florianopolis/comprar/casa/ingleses/casa-florianopolis-ingleses-1427227.html?isc_source=SD,Casa no Bairro Ingleses em Florianópolis com 3 Dormitórios (3 suítes) e 244 m² - SO0396,"Florianópolis, Ingleses",Florianópolis,Ingleses,NULL,"R$ 1.700.000,00",1700000.0,244.0,3.0,4.0,3.0,6967.213114754099
https://www.imoveis-sc.com.br/florianopolis/comprar/casa/rio-vermelho/casa-florianopolis-rio-vermelho-1239190.html?isc_source=SD,Casa no Bairro Rio Vermelho em Florianópolis com 4 Dormitórios (3 suítes) e 250 m² - SO0287,"Florianópolis, Rio Vermelho",Florianópolis,Rio Vermelho,NULL,"R$ 1.850.000,00",1850000.0,250.0,4.0,4.0,3.0,7400.0
https://www.imoveis-sc.com.br/florianopolis/comprar/casa/ingleses/casa-florianopolis-ingleses-1409301.html?isc_source=SD,Casa no Bairro Ingleses em Florianópolis com 3 Dormitórios (3 suítes) e 205 m² - SO0370,"Florianópolis, Ingleses",Florianópolis,Ingleses,NULL,"R$ 1.900.828,75",1900828.75,205.0,3.0,2.0,3.0,9272.335365853658
https://www.imoveis-sc.com.br/florianopolis/comprar/casa/rio-vermelho/casa-florianopolis-rio-vermelho-1445621.html?isc_source=SD,Casa no Bairro Rio Vermelho em Florianópolis com 4 Dormitórios (3 suítes) e 250 m² - SO0403,"Florianópolis, Rio Vermelho",Florianópolis,Rio Vermelho,NULL,"R$ 1.910.000,00",1910000.0,250.0,4.0,2.0,3.0,7640.0
https://www.imoveis-sc.com.br/florianopolis/comprar/casa/canasvieiras/casa-florianopolis-canasvieiras-1235599.html?isc_source=SD,Casa no Bairro Canasvieiras em Florianópolis com 3 Dormitórios (3 suítes) e 230 m² - SO0281,"Florianópolis, Canasvieiras",Florianópolis,Canasvieiras,NULL,"R$ 1.950.000,00",1950000.0,230.0,3.0,2.0,3.0,8478.260869565218
https://www.imoveis-sc.com.br/florianopolis/comprar/casa/ingleses/casa-florianopolis-ingleses-1356295.html?isc_source=SD,Casa no Bairro Ingleses em Florianópolis com 3 Dormitórios (3 suítes) e 200 m² - CA0130,"Florianópolis, Ingleses",Florianópolis,Ingleses,NULL,"R$ 1.990.000,00",1990000.0,200.0,3.0,2.0,3.0,9950.0
https://www.imoveis-sc.com.br/florianopolis/comprar/casa/cacupe/casa-florianopolis-cacupe-1427224.html?isc_source=SD,Casa no Bairro Cacupé em Florianópolis com 3 Dormitórios (3 suítes) e 181 m² - SO0389,"Florianópolis, Cacupé",Florianópolis,Cacupé,NULL,"R$ 2.200.000,00",2200000.0,181.0,3.0,2.0,3.0,12154.696132596686
https://www.imoveis-sc.com.br/florianopolis/comprar/casa/ingleses/casa-florianopolis-ingleses-1459675.html?isc_source=SD,Casa no Bairro Ingleses em Florianópolis com 4 Dormitórios (3 suítes) e 378 m² - SO0428,"Florianópolis, Ingleses",Florianópolis,Ingleses,NULL,"R$ 3.550.000,00",3550000.0,378.0,4.0,2.0,3.0,9391.534391534391
https://www.imoveis-sc.com.br/florianopolis/comprar/outros-imoveis/ponta-das-canas/outros-imoveis-florianopolis-ponta-das-canas-1080379.html?isc_source=SD,Outros Imóveis no Bairro Ponta das Canas em Florianópolis com 12 Dormitórios e 400 m² - PO0007,"Florianópolis, Ponta das Canas",Florianópolis,Ponta Das Canas,NULL,"R$ 4.500.000,00",4500000.0,400.0,12.0,1.0,NULL,11250.0
https://www.imoveis-sc.com.br/florianopolis/comprar/apartamento/jurere-internacional/apartamento-florianopolis-jurere-internacional-1319399.html?isc_source=SD,Apartamento no Bairro Jurerê Internacional em Florianópolis com 4 Dormitórios (4 suítes) e 207 m² - CO0010,"Florianópolis, Jurerê Internacional",Florianópolis,Jurerê Internacional,NULL,"R$ 6.000.000,00",6000000.0,207.0,4.0,4.0,4.0,28985.507246376812
https://www.imoveis-sc.com.br/florianopolis/comprar/outros-imoveis/canasvieiras/outros-imoveis-florianopolis-canasvieiras-598429.html?isc_source=SD,Outros Imóveis no Bairro Canasvieiras em Florianópolis com 12 Dormitórios (4 suítes) e 432 m² - PO0001,"Florianópolis, Canasvieiras",Florianópolis,Canasvieiras,NULL,"R$ 7.200.000,00",7200000.0,432.0,12.0,8.0,4.0,16666.666666666668
https://www.imoveis-sc.com.br/florianopolis/comprar/apartamento/beira-mar/apartamento-florianopolis-beira-mar-1318148.html?isc_source=SD,Apartamento no Bairro Beira Mar em Florianópolis com 3 Dormitórios e 243 m² - AP0076,"Florianópolis, Beira Mar",Florianópolis,Beira Mar,NULL,"R$ 11.944.000,00",11944000.0,243.0,3.0,3.0,NULL,49152.2633744856
https://www.imoveis-sc.com.br/florianopolis/comprar/apartamento/jurere-internacional/apartamento-florianopolis-jurere-internacional-1227927.html?isc_source=SD,Apartamento no Bairro Jurerê Internacional em Florianópolis com 3 Dormitórios (3 suítes) e 168 m² - AD0002,"Florianópolis, Jurerê Internacional",Florianópolis,Jurerê Internacional,NULL,"R$ 3.800.000,00",3800000.0,168.0,3.0,2.0,3.0,22619.04761904762
https://www.imoveis-sc.com.br/florianopolis/comprar/casa/ingleses/casa-florianopolis-ingleses-1007050.html?isc_source=SD,Casa no Bairro Ingleses em Florianópolis com 3 Dormitórios (1 suíte) e 118 m² - SO0206,"Florianópolis, Ingleses",Florianópolis,Ingleses,NULL,"R$ 820.000,00",820000.0,118.0,3.0,1.0,1.0,6949.152542372882
https://www.imoveis-sc.com.br/florianopolis/comprar/apartamento/ingleses/apartamento-florianopolis-ingleses-603321.html?isc_source=SD,Apartamento no Bairro Ingleses em Florianópolis com 2 Dormitórios e 57 m² - AP0135,"Florianópolis, Ingleses",Florianópolis,Ingleses,NULL,"R$ 299.000,00",299000.0,57.0,2.0,1.0,NULL,5245.6140350877195
https://www.imoveis-sc.com.br/florianopolis/comprar/casa/rio-vermelho/casa-florianopolis-rio-vermelho-1136483.html?isc_source=SD,Casa no Bairro Rio Vermelho em Florianópolis com 3 Dormitórios (1 suíte) e 182 m² - CA0103,"Florianópolis, Rio Vermelho",Florianópolis,Rio Vermelho,NULL,"R$ 1.219.000,00",1219000.0,182.0,3.0,3.0,1.0,6697.802197802198
https://www.imoveis-sc.com.br/florianopolis/comprar/casa/ingleses/casa-florianopolis-ingleses-1461218.html?isc_source=SD,Casa no Bairro Ingleses em Florianópolis com 2 Dormitórios (2 suítes) e 75 m² - SO0430,"Florianópolis, Ingleses",Florianópolis,Ingleses,NULL,"R$ 499.000,00",499000.0,75.0,2.0,1.0,2.0,6653.333333333333
https://www.imoveis-sc.com.br/florianopolis/comprar/apartamento/ingleses-norte/apartamento-florianopolis-ingleses-norte-1317646.html?isc_source=SD,Apartamento no Bairro Ingleses Norte em Florianópolis com 2 Dormitórios (2 suítes) e 77 m² - AP0073,"Florianópolis, Ingleses Norte",Florianópolis,Ingleses Norte,NULL,"R$ 900.000,00",900000.0,77.0,2.0,1.0,2.0,11688.311688311689
https://www.imoveis-sc.com.br/florianopolis/comprar/casa/rio-vermelho/casa-florianopolis-rio-vermelho-1458419.html?isc_source=SD,Casa no Bairro Rio Vermelho em Florianópolis com 2 Dormitórios (2 suítes) e 102 m² - SO0426,"Florianópolis, Rio Vermelho",Florianópolis,Rio Vermelho,NULL,"R$ 503.500,00",503500.0,102.0,2.0,1.0,2.0,4936.274509803921
https://www.imoveis-sc.com.br/florianopolis/comprar/apartamento/ingleses/apartamento-florianopolis-ingleses-1080487.html?isc_source=SD,Apartamento no Bairro Ingleses em Florianópolis com 3 Dormitórios (1 suíte) e 120 m² - CO0093,"Florianópolis, Ingleses",Florianópolis,Ingleses,NULL,"R$ 750.000,00",750000.0,120.0,3.0,1.0,1.0,6250.0
https://www.imoveis-sc.com.br/florianopolis/comprar/casa/ingleses/casa-florianopolis-ingleses-1317405.html?isc_source=SD,Casa no Bairro Ingleses em Florianópolis com 4 Dormitórios (4 suítes) e 296 m² - SO0335,"Florianópolis, Ingleses",Florianópolis,Ingleses,NULL,"R$ 3.222.950,78",3222950.78,296.0,4.0,2.0,4.0,10888.347229729728
https://www.imoveis-sc.com.br/florianopolis/comprar/casa/ingleses/casa-florianopolis-ingleses-1453736.html?isc_source=SD,Casa no Bairro Ingleses em Florianópolis com 2 Dormitórios (2 suítes) e 93 m² - SO0423,"Florianópolis, Ingleses",Florianópolis,Ingleses,NULL,"R$ 549.000,00",549000.0,93.0,2.0,2.0,2.0,5903.225806451613
https://www.imoveis-sc.com.br/florianopolis/comprar/casa/ingleses/casa-florianopolis-ingleses-1425694.html?isc_source=SD,Casa no Bairro Ingleses em Florianópolis com 3 Dormitórios (3 suítes) e 162 m² - SO0390,"Florianópolis, Ingleses",Florianópolis,Ingleses,NULL,"R$ 1.380.000,00",1380000.0,162.0,3.0,2.0,3.0,8518.518518518518
https://www.imoveis-sc.com.br/florianopolis/comprar/casa/rio-tavares/casa-florianopolis-rio-tavares-1227932.html?isc_source=SD,Casa no Bairro Rio Tavares em Florianópolis com 3 Dormitórios (3 suítes) e 186 m² - CA0009,"Florianópolis, Rio Tavares",Florianópolis,Rio Tavares,NULL,"R$ 1.750.000,00",1750000.0,186.0,3.0,2.0,3.0,9408.602150537634
https://www.imoveis-sc.com.br/florianopolis/comprar/apartamento/ingleses/apartamento-florianopolis-ingleses-1456193.html,Apartamento no Bairro Ingleses em Florianópolis com 3 Dormitórios (1 suíte) e 179 m² - CO00117V,"Florianópolis, Ingleses",Florianópolis,Ingleses,NULL,"R$ 780.000,00",780000.0,179.0,3.0,2.0,1.0,4357.541899441341
https://www.imoveis-sc.com.br/palhoca/comprar/casa/praia-de-fora/casa-palhoca-praia-de-fora-1383693.html?isc_source=SD,Casa no Bairro Praia de Fora em Palhoça com 3 Dormitórios (1 suíte) e 137 m² - 184_2-3317011,"Palhoça, Praia de Fora",Palhoça,Praia De Fora,NULL,"R$ 989.990,00",989990.0,137.0,3.0,2.0,1.0,7226.204379562044
https://www.imoveis-sc.com.br/palhoca/comprar/apartamento/centro/apartamento-palhoca-centro-1467575.html,Apartamento no Bairro Centro em Palhoça com 3 Dormitórios (1 suíte) e 90 m² - 322_2-3906667,"Palhoça, Centro",Palhoça,Centro,NULL,"R$ 630.000,00",630000.0,90.0,3.0,1.0,1.0,7000.0
https://www.imoveis-sc.com.br/palhoca/comprar/apartamento/nova-palhoca/apartamento-palhoca-nova-palhoca-1380711.html,Apartamento no Bairro Nova Palhoça em Palhoça com 3 Dormitórios (1 suíte) e 69.29 m² - 433917,"Palhoça, Nova Palhoça",Palhoça,Nova Palhoça,NULL,"R$ 417.520,00",417520.0,69.3,3.0,NULL,1.0,6024.8196248196255
https://www.imoveis-sc.com.br/palhoca/comprar/apartamento/pagani/apartamento-palhoca-pagani-1395093.html,Apartamento no Bairro Pagani em Palhoça com 3 Dormitórios e 85 m² - 207_2-3404470,"Palhoça, Pagani",Palhoça,Pagani,NULL,"R$ 490.000,00",490000.0,85.0,3.0,1.0,NULL,5764.705882352941
https://www.imoveis-sc.com.br/sao-jose/comprar/apartamento/areias/apartamento-sao-jose-areias-1386464.html,Apartamento no Bairro Areias em São José com 2 Dormitórios (1 suíte) e 62 m² - 191_2-3337482,"São José, Areias",São José,Areias,NULL,"R$ 384.552,00",384552.0,62.0,2.0,1.0,1.0,6202.451612903225
https://www.imoveis-sc.com.br/sao-jose/comprar/apartamento/barreiros/apartamento-sao-jose-barreiros-1343375.html,Apartamento no Bairro Barreiros em São José com 2 Dormitórios (1 suíte) e 73.37 m² - AP02878V,"São José, Barreiros",São José,Barreiros,NULL,"R$ 630.000,00",630000.0,73.4,2.0,1.0,1.0,8583.106267029973
https://www.imoveis-sc.com.br/sao-jose/comprar/apartamento/campinas/apartamento-sao-jose-campinas-1310461.html,Apartamento no Bairro Campinas em São José com 2 Dormitórios e 87 m² - 425314,"São José, Campinas",São José,Campinas,NULL,"R$ 760.000,00",760000.0,87.0,2.0,NULL,NULL,8735.632183908046
