url,titulo,local_txt,cidade,bairro,rua,price_txt,price_num,area,quartos,garagem,banheiros,tipo
https://www.adrianoimoveis.com.br/imovel/apartamento-biguacu-2-quartos-48-m/AP1148-ADU9?from=rent,Apartamento,Encruzilhada - Biguaçu - SCResidencial Saudade,Biguaçu,Encruzilhada,NULL,R$ 890/mês,890.0,47.73,2.0,1.0,1.0,aluguel
https://www.adrianoimoveis.com.br/imovel/apartamento-biguacu-2-quartos-42-m/AP1074-ADU9?from=sale,Apartamento,Bom Viver - Biguaçu - SCVilla Di Trento,Biguaçu,Bom Viver,NULL,R$ 245.000,245000.0,41.65,2.0,1.0,1.0,venda
https://www.adrianoimoveis.com.br/imovel/apartamento-biguacu-2-quartos-40-m/AP1073-ADU9?from=sale,Apartamento,Bom Viver - Biguaçu - SCResidencial Villagio Mira Mar,Biguaçu,Bom Viver,NULL,R$ 225.000,225000.0,39.67,2.0,NULL,1.0,venda
https://www.adrianoimoveis.com.br/imovel/apartamento-florianopolis-1-quarto-32-m/AP0288-ADU9?from=rent,Apartamento,Capoeiras - Florianópolis - SCResidencial Plaza Mediterranne,Florianópolis,Capoeiras,NULL,R$ 1.600/mês,1600.0,31.62,1.0,NULL,1.0,aluguel
https://www.adrianoimoveis.com.br/imovel/kitnet-florianopolis-1-quarto-13-m/KN0076-ADU9?from=rent,Kitnet,Capoeiras - Florianópolis - SC,Florianópolis,Capoeiras,NULL,R$ 1.200/mês,1200.0,13.0,1.0,1.0,1.0,aluguel
https://www.adrianoimoveis.com.br/imovel/casa-florianopolis-2-quartos-70-m/CA0547-ADU9?from=rent,Casa,Capoeiras - Florianópolis - SC,Florianópolis,Capoeiras,NULL,R$ 2.690/mês,2690.0,70.0,2.0,2.0,1.0,aluguel
https://www.adrianoimoveis.com.br/imovel/loja-florianopolis-29-m/LO0119-ADU9?from=rent,Loja,Estreito - Florianópolis - SC,Florianópolis,Estreito,NULL,R$ 4.300/mês,4300.0,28.69,NULL,NULL,2.0,aluguel
https://www.adrianoimoveis.com.br/imovel/kitnet-florianopolis-1-quarto-18-m/KN0086-ADU9?from=rent,Kitnet,Jardim Atlântico - Florianópolis - SC,Florianópolis,Jardim Atlântico,NULL,R$ 1.400/mês,1400.0,18.0,1.0,1.0,1.0,aluguel
https://www.adrianoimoveis.com.br/imovel/kitnet-florianopolis-1-quarto-18-m/KN0089-ADU9?from=rent,Kitnet,Jardim Atlântico - Florianópolis - SC,Florianópolis,Jardim Atlântico,NULL,R$ 1.400/mês,1400.0,18.0,1.0,1.0,1.0,aluguel
https://www.adrianoimoveis.com.br/imovel/kitnet-florianopolis-1-quarto-22-m/KN0087-ADU9?from=rent,Kitnet,Jardim Atlântico - Florianópolis - SC,Florianópolis,Jardim Atlântico,NULL,R$ 1.500/mês,1500.0,22.0,1.0,1.0,1.0,aluguel
https://www.adrianoimoveis.com.br/imovel/kitnet-florianopolis-1-quarto-22-m/KN0088-ADU9?from=rent,Kitnet,Jardim Atlântico - Florianópolis - SC,Florianópolis,Jardim Atlântico,NULL,R$ 1.500/mês,1500.0,22.0,1.0,1.0,1.0,aluguel
https://www.adrianoimoveis.com.br/imovel/apartamento-florianopolis-2-quartos-53-m/AP1215-ADU9?from=rent,Apartamento,Capoeiras - Florianópolis - SCResidencial Estrela,Florianópolis,Capoeiras,NULL,R$ 1.890/mês,1890.0,53.22,2.0,1.0,1.0,aluguel
https://www.adrianoimoveis.com.br/imovel/casa-florianopolis-4-quartos-220-m/CA0671-ADU9?from=rent,Casa,Capoeiras - Florianópolis - SC,Florianópolis,Capoeiras,NULL,R$ 4.990/mês,4990.0,220.0,4.0,5.0,3.0,aluguel
https://www.adrianoimoveis.com.br/imovel/cobertura-florianopolis-4-quartos-188-m/CO0003-ADU9?from=rent,Cobertura,Estreito - Florianópolis - SCResidencial Açorianos,Florianópolis,Estreito,NULL,R$ 9.800/mês,9800.0,187.75,4.0,2.0,3.0,aluguel
https://www.adrianoimoveis.com.br/imovel/sala-florianopolis-25-m/SA0137-ADU9,Sala,Capoeiras - Florianópolis - SCEdifício D`Cezares,Florianópolis,Capoeiras,NULL,R$ 1.420/mês,1420.0,25.0,NULL,NULL,NULL,aluguel
https://www.adrianoimoveis.com.br/imovel/sala-florianopolis-25-m/SA0118-ADU9,Sala,Capoeiras - Florianópolis - SCEdifício D`Cezares,Florianópolis,Capoeiras,NULL,R$ 1.100/mês,1100.0,25.0,NULL,NULL,NULL,aluguel
https://www.adrianoimoveis.com.br/imovel/sala-florianopolis-25-m/SA0135-ADU9,Sala,Capoeiras - Florianópolis - SCEdifício D`Cezares,Florianópolis,Capoeiras,NULL,R$ 1.100/mês,1100.0,25.0,NULL,NULL,NULL,aluguel
https://www.adrianoimoveis.com.br/imovel/apartamento-florianopolis-3-quartos-94-m/AP0158-ADU9,Apartamento,Estreito - Florianópolis - SCEdifício Residencial Eldorado,Florianópolis,Estreito,NULL,R$ 2.690/mês,2690.0,94.09,3.0,1.0,2.0,aluguel
https://www.adrianoimoveis.com.br/imovel/casa-florianopolis-3-quartos-87-m/CA0218-ADU9,Casa,Abraão - Florianópolis - SC,Florianópolis,Abraão,NULL,R$ 4.000/mês,4000.0,87.0,3.0,1.0,2.0,aluguel
https://www.adrianoimoveis.com.br/imovel/loja-florianopolis-72-m/LO0192-ADU9,Loja,Estreito - Florianópolis - SCCondomínio Edifício Continental Center,Florianópolis,Estreito,NULL,R$ 2.390/mês,2390.0,72.0,NULL,1.0,1.0,aluguel
https://www.adrianoimoveis.com.br/imovel/sala-florianopolis-150-m/SA0117-ADU9,Sala,Capoeiras - Florianópolis - SCEdifício D`Cezares,Florianópolis,Capoeiras,NULL,R$ 4.100/mês,4100.0,150.0,NULL,NULL,NULL,aluguel
https://www.adrianoimoveis.com.br/imovel/sala-florianopolis-130-m/SA0147-ADU9,Sala,Capoeiras - Florianópolis - SC,Florianópolis,Capoeiras,NULL,R$ 4.000/mês,4000.0,130.0,NULL,1.0,2.0,aluguel
https://www.adrianoimoveis.com.br/imovel/apartamento-florianopolis-3-quartos-139-m/AP1138-ADU9,Apartamento,Jardim Atlântico - Florianópolis - SCCondomínio Costa Azul Clube,Florianópolis,Jardim Atlântico,NULL,R$ 9.500/mês,9500.0,139.44,3.0,2.0,4.0,aluguel
https://www.adrianoimoveis.com.br/imovel/kitnet-florianopolis-1-quarto-30-m/KN0051-ADU9,Kitnet,Capoeiras - Florianópolis - SC,Florianópolis,Capoeiras,NULL,R$ 1.390/mês,1390.0,30.0,1.0,1.0,1.0,aluguel
https://www.adrianoimoveis.com.br/imovel/loja-florianopolis-200-m/LO0185-ADU9,Loja,Jardim Atlântico - Florianópolis - SC,Florianópolis,Jardim Atlântico,NULL,R$ 5.750/mês,5750.0,200.0,NULL,3.0,2.0,aluguel
https://www.adrianoimoveis.com.br/imovel/loja-florianopolis-56-m/LO0195-ADU9,Loja,Estreito - Florianópolis - SC,Florianópolis,Estreito,NULL,R$ 2.200/mês,2200.0,56.0,NULL,NULL,1.0,aluguel
https://www.adrianoimoveis.com.br/imovel/casa-florianopolis-200-m/CA0559-ADU9,Casa,Jardim Atlântico - Florianópolis - SC,Florianópolis,Jardim Atlântico,NULL,R$ 5.750/mês,5750.0,200.0,NULL,3.0,2.0,aluguel
https://www.adrianoimoveis.com.br/imovel/apartamento-florianopolis-2-quartos-52-m/AP0755-ADU9,Apartamento,Jardim Atlântico - Florianópolis - SCCondomínio Conjunto Habitacional Itaguaçu,Florianópolis,Jardim Atlântico,NULL,R$ 1.790/mês,1790.0,52.4,2.0,1.0,1.0,aluguel
https://www.adrianoimoveis.com.br/imovel/apartamento-florianopolis-2-quartos-62-m/AP1265-ADU9,Apartamento,Jardim Atlântico - Florianópolis - SCCondomínio Conjunto Habitacional Itaguaçu,Florianópolis,Jardim Atlântico,NULL,R$ 2.400/mês,2400.0,62.0,2.0,NULL,1.0,aluguel
https://www.adrianoimoveis.com.br/imovel/apartamento-florianopolis-2-quartos-55-m/AP0605-ADU9,Apartamento,Coqueiros - Florianópolis - SCConjunto Residencial Argus,Florianópolis,Coqueiros,NULL,R$ 2.100/mês,2100.0,55.0,2.0,1.0,1.0,aluguel
https://www.adrianoimoveis.com.br/imovel/kitnet-florianopolis-1-quarto-30-m/KN0091-ADU9,Kitnet,Capoeiras - Florianópolis - SC,Florianópolis,Capoeiras,NULL,R$ 1.490/mês,1490.0,30.0,1.0,NULL,1.0,aluguel
https://www.adrianoimoveis.com.br/imovel/apartamento-florianopolis-1-quarto-35-m/AP0762-ADU9,Apartamento,Capoeiras - Florianópolis - SCPrédio Residencial,Florianópolis,Capoeiras,NULL,R$ 1.490/mês,1490.0,35.0,1.0,NULL,1.0,aluguel
https://www.adrianoimoveis.com.br/imovel/loja-florianopolis-247-m/LO0070-ADU9,Loja,Coqueiros - Florianópolis - SC,Florianópolis,Coqueiros,NULL,R$ 6.000/mês,6000.0,246.5,NULL,NULL,NULL,aluguel
https://www.adrianoimoveis.com.br/imovel/casa-florianopolis-5-quartos-220-m/CA0624-ADU9,Casa,Bom Abrigo - Florianópolis - SC,Florianópolis,Bom Abrigo,NULL,R$ 15.000/mês,15000.0,220.0,5.0,4.0,7.0,aluguel
https://www.adrianoimoveis.com.br/imovel/apartamento-florianopolis-3-quartos-74-m/AP0567-ADU9,Apartamento,Capoeiras - Florianópolis - SCCondomínio Conjunto Residencial Excelsior II,Florianópolis,Capoeiras,NULL,R$ 2.490/mês,2490.0,74.37,3.0,1.0,1.0,aluguel
https://www.adrianoimoveis.com.br/imovel/loja-florianopolis-52-m/LO0206-ADU9,Loja,Capoeiras - Florianópolis - SC,Florianópolis,Capoeiras,NULL,R$ 4.500/mês,4500.0,52.0,NULL,NULL,1.0,aluguel
https://www.adrianoimoveis.com.br/imovel/apartamento-florianopolis-2-quartos-70-m/AP1233-ADU9,Apartamento,Capoeiras - Florianópolis - SCEdifício Tripoli,Florianópolis,Capoeiras,NULL,R$ 2.600/mês,2600.0,70.0,2.0,1.0,1.0,aluguel
https://www.adrianoimoveis.com.br/imovel/loja-florianopolis-90-m/LO0002-ADU9,Loja,Estreito - Florianópolis - SC,Florianópolis,Estreito,NULL,R$ 2.290/mês,2290.0,90.0,NULL,NULL,2.0,aluguel
https://www.adrianoimoveis.com.br/imovel/casa-florianopolis-5-quartos-398-m/CA0623-ADU9,Casa,Bom Abrigo - Florianópolis - SC,Florianópolis,Bom Abrigo,NULL,R$ 11.000/mês,11000.0,398.0,5.0,4.0,7.0,aluguel
https://www.adrianoimoveis.com.br/imovel/apartamento-florianopolis-1-quarto-35-m/AP0735-ADU9,Apartamento,Capoeiras - Florianópolis - SC,Florianópolis,Capoeiras,NULL,R$ 1.590/mês,1590.0,35.0,1.0,NULL,1.0,aluguel
https://www.adrianoimoveis.com.br/imovel/casa-florianopolis-1-quarto-48-m/CA0241-ADU9,Casa,Ingleses do Rio Vermelho - Florianópolis - SC,Florianópolis,Ingleses Do Rio Vermelho,NULL,R$ 1.790/mês,1790.0,48.0,1.0,NULL,1.0,aluguel
https://www.adrianoimoveis.com.br/imovel/predio-florianopolis-400-m/PR0007-ADU9,Prédio,Jardim Atlântico - Florianópolis - SC,Florianópolis,Jardim Atlântico,NULL,R$ 14.000/mês,14000.0,400.0,NULL,10.0,5.0,aluguel
https://www.adrianoimoveis.com.br/imovel/apartamento-florianopolis-2-quartos-70-m/AP0296-ADU9,Apartamento,Capoeiras - Florianópolis - SCEdifício Tripoli,Florianópolis,Capoeiras,NULL,R$ 2.750/mês,2750.0,70.0,2.0,1.0,1.0,aluguel
https://www.adrianoimoveis.com.br/imovel/apartamento-florianopolis-2-quartos-70-m/AP1277-ADU9,Apartamento,Capoeiras - Florianópolis - SCEdifício Tripoli,Florianópolis,Capoeiras,NULL,R$ 2.850/mês,2850.0,70.0,2.0,1.0,1.0,aluguel
https://www.adrianoimoveis.com.br/imovel/apartamento-florianopolis-2-quartos-70-m/AP1276-ADU9,Apartamento,Capoeiras - Florianópolis - SCEdifício Tripoli,Florianópolis,Capoeiras,NULL,R$ 2.850/mês,2850.0,70.0,2.0,1.0,1.0,aluguel
https://www.adrianoimoveis.com.br/imovel/apartamento-florianopolis-2-quartos-70-m/AP1275-ADU9,Apartamento,Capoeiras - Florianópolis - SCEdifício Tripoli,Florianópolis,Capoeiras,NULL,R$ 2.850/mês,2850.0,70.0,2.0,1.0,1.0,aluguel
https://www.adrianoimoveis.com.br/imovel/sala-florianopolis-25-m/SA0008-ADU9,Sala,Estreito - Florianópolis - SCCondomínio Edifício Continental Center,Florianópolis,Estreito,NULL,R$ 1.000/mês,1000.0,25.0,NULL,NULL,1.0,aluguel
https://www.adrianoimoveis.com.br/imovel/apartamento-florianopolis-2-quartos-62-m/AP1249-ADU9,Apartamento,Coqueiros - Florianópolis - SCResidencial Albatroz,Florianópolis,Coqueiros,NULL,R$ 2.550/mês,2550.0,62.0,2.0,NULL,1.0,aluguel
https://www.adrianoimoveis.com.br/imovel/apartamento-florianopolis-3-quartos-85-m/AP0363-ADU9,Apartamento,Estreito - Florianópolis - SCCondomínio Edifício Residencial Dona Maria de Lourdes,Florianópolis,Estreito,NULL,R$ 2.690/mês,2690.0,85.0,3.0,1.0,2.0,aluguel
https://www.adrianoimoveis.com.br/imovel/apartamento-florianopolis-3-quartos-55-m/AP0564-ADU9,Apartamento,Monte Cristo - Florianópolis - SCConjunto Habitacional Panorama,Florianópolis,Monte Cristo,NULL,R$ 1.790/mês,1790.0,55.0,3.0,1.0,1.0,aluguel
https://www.adrianoimoveis.com.br/imovel/loja-florianopolis-27-m/LO0083-ADU9,Loja,Capoeiras - Florianópolis - SC,Florianópolis,Capoeiras,NULL,R$ 1.800/mês,1800.0,27.0,NULL,NULL,1.0,aluguel
https://www.adrianoimoveis.com.br/imovel/loja-florianopolis-34-m/LO0197-ADU9,Loja,Capoeiras - Florianópolis - SC,Florianópolis,Capoeiras,NULL,R$ 3.000/mês,3000.0,34.0,NULL,NULL,2.0,aluguel
https://www.adrianoimoveis.com.br/imovel/apartamento-florianopolis-1-quarto-50-m/AP0464-ADU9,Apartamento,Estreito - Florianópolis - SCResidencial Muller,Florianópolis,Estreito,NULL,R$ 2.050/mês,2050.0,50.0,1.0,1.0,1.0,aluguel
https://www.adrianoimoveis.com.br/imovel/loja-florianopolis-30-m/LO0144-ADU9,Loja,Jardim Atlântico - Florianópolis - SC,Florianópolis,Jardim Atlântico,NULL,R$ 1.500/mês,1500.0,30.0,NULL,1.0,1.0,aluguel
https://www.adrianoimoveis.com.br/imovel/apartamento-florianopolis-3-quartos-116-m/AP0290-ADU9,Apartamento,Capoeiras - Florianópolis - SCEdifício Residencial e Comercial Copenhague,Florianópolis,Capoeiras,NULL,R$ 3.490/mês,3490.0,116.24,3.0,2.0,2.0,aluguel
https://www.adrianoimoveis.com.br/imovel/kitnet-florianopolis-1-quarto-25-m/KN0092-ADU9,Kitnet,Capoeiras - Florianópolis - SC,Florianópolis,Capoeiras,NULL,R$ 1.300/mês,1300.0,25.0,1.0,NULL,1.0,aluguel
https://www.adrianoimoveis.com.br/imovel/casa-florianopolis-2-quartos-80-m/CA0568-ADU9,Casa,Jardim Atlântico - Florianópolis - SC,Florianópolis,Jardim Atlântico,NULL,R$ 2.500/mês,2500.0,80.0,2.0,1.0,1.0,aluguel
https://www.adrianoimoveis.com.br/imovel/apartamento-florianopolis-2-quartos-47-m/AP1279-ADU9,Apartamento,Capoeiras - Florianópolis - SCCondomínio Residencial Anita Garibaldi,Florianópolis,Capoeiras,NULL,R$ 2.200/mês,2200.0,46.79,2.0,1.0,1.0,aluguel
https://www.adrianoimoveis.com.br/imovel/apartamento-florianopolis-4-quartos-152-m/AP1222-ADU9,Apartamento,Coqueiros - Florianópolis - SCCondomínio Residencial Rosemiriam,Florianópolis,Coqueiros,NULL,R$ 7.990/mês,7990.0,152.21,4.0,1.0,3.0,aluguel
https://www.adrianoimoveis.com.br/imovel/loja-florianopolis-35-m/LO0186-ADU9,Loja,Capoeiras - Florianópolis - SC,Florianópolis,Capoeiras,NULL,R$ 1.590/mês,1590.0,35.0,NULL,1.0,1.0,aluguel
https://www.adrianoimoveis.com.br/imovel/apartamento-florianopolis-1-quarto-52-m/AP1254-ADU9?from=sale,Apartamento,Capoeiras - Florianópolis - SCResidencial Plaza Mediterranne,Florianópolis,Capoeiras,NULL,R$ 330.000,330000.0,51.5,1.0,NULL,2.0,venda
https://www.adrianoimoveis.com.br/imovel/casa-florianopolis-4-quartos-143-m/CA0651-ADU9?from=sale,Casa,Capoeiras - Florianópolis - SC,Florianópolis,Capoeiras,NULL,R$ 1.000.000,1000000.0,143.27,4.0,NULL,2.0,venda
https://www.adrianoimoveis.com.br/imovel/casa-florianopolis-3-quartos-140-m/CA0600-ADU9?from=sale,Casa,Coloninha - Florianópolis - SC,Florianópolis,Coloninha,NULL,R$ 890.000,890000.0,140.0,3.0,2.0,1.0,venda
https://www.adrianoimoveis.com.br/imovel/kitnet-florianopolis-1-quarto-32-m/KN0085-ADU9?from=sale,Kitnet,Capoeiras - Florianópolis - SCResidencial Plaza Mediterranne,Florianópolis,Capoeiras,NULL,R$ 278.000,278000.0,31.62,1.0,1.0,1.0,venda
https://www.adrianoimoveis.com.br/imovel/predio-florianopolis-340-m/PR0005-ADU9?from=sale,Prédio,Coqueiros - Florianópolis - SC,Florianópolis,Coqueiros,NULL,R$ 3.500.000,3500000.0,340.0,NULL,NULL,4.0,venda
https://www.adrianoimoveis.com.br/imovel/loja-florianopolis-38-m/LO0068-ADU9?from=sale,Loja,Centro - Florianópolis - SC,Florianópolis,Centro,NULL,R$ 398.500,398500.0,38.0,NULL,NULL,NULL,venda
https://www.adrianoimoveis.com.br/imovel/casa-florianopolis-4-quartos-99-m/CA0513-ADU9?from=sale,Casa,Jardim Atlântico - Florianópolis - SC,Florianópolis,Jardim Atlântico,NULL,R$ 570.000,570000.0,99.0,4.0,2.0,2.0,venda
https://www.adrianoimoveis.com.br/imovel/casa-florianopolis-3-quartos-177-m/CA0648-ADU9?from=sale,Casa,Capoeiras - Florianópolis - SC,Florianópolis,Capoeiras,NULL,R$ 1.850.000,1850000.0,177.0,3.0,6.0,2.0,venda
https://www.adrianoimoveis.com.br/imovel/casa-florianopolis-4-quartos-119-m/CA0179-ADU9?from=sale,Casa,Ingleses - Florianópolis - SC,Florianópolis,Ingleses,NULL,R$ 590.000,590000.0,118.72,4.0,1.0,2.0,venda
https://www.adrianoimoveis.com.br/imovel/sala-florianopolis-30-m/SA0125-ADU9?from=sale,Sala,Capoeiras - Florianópolis - SCContinente Office Prime,Florianópolis,Capoeiras,NULL,R$ 230.000,230000.0,30.0,NULL,1.0,NULL,venda
https://www.adrianoimoveis.com.br/imovel/casa-florianopolis-5-quartos-307-m/CA0064-ADU9?from=sale,Casa,Bom Abrigo - Florianópolis - SC,Florianópolis,Bom Abrigo,NULL,R$ 1.400.000,1400000.0,307.0,5.0,6.0,4.0,venda
https://www.adrianoimoveis.com.br/imovel/casa-florianopolis-5-quartos-290-m/CA0577-ADU9,Casa,Capoeiras - Florianópolis - SC,Florianópolis,Capoeiras,NULL,R$ 900.000,900000.0,290.0,5.0,4.0,4.0,venda
https://www.adrianoimoveis.com.br/imovel/sala-florianopolis-32-m/SA0082-ADU9,Sala,Capoeiras - Florianópolis - SCEdifício Comercial Deschamps Office,Florianópolis,Capoeiras,NULL,R$ 195.000,195000.0,32.11,NULL,NULL,NULL,venda
https://www.adrianoimoveis.com.br/imovel/apartamento-florianopolis-2-quartos-77-m/AP0984-ADU9,Apartamento,Capoeiras - Florianópolis - SC,Florianópolis,Capoeiras,NULL,R$ 750.000,750000.0,76.75,2.0,2.0,1.0,venda
https://www.adrianoimoveis.com.br/imovel/sala-florianopolis-82-m/SA0146-ADU9,Sala,Capoeiras - Florianópolis - SCEdifício Comercial Deschamps Office,Florianópolis,Capoeiras,NULL,R$ 480.000,480000.0,82.42,NULL,NULL,NULL,venda
https://www.adrianoimoveis.com.br/imovel/terreno-florianopolis-1-042-m/TE0065-ADU9,Terreno,Capoeiras - Florianópolis - SC,Florianópolis,Capoeiras,NULL,R$ 2.800.000,2800000.0,1042.4,NULL,NULL,NULL,venda
https://www.adrianoimoveis.com.br/imovel/sala-florianopolis-48-m/SA0026-ADU9,Sala,Centro - Florianópolis - SCEdifício Igor,Florianópolis,Centro,NULL,R$ 299.000,299000.0,48.0,NULL,1.0,1.0,venda
https://www.adrianoimoveis.com.br/imovel/apartamento-florianopolis-2-quartos-62-m/AP0592-ADU9,Apartamento,Canto - Florianópolis - SCCondomínio Bairro de Fátima,Florianópolis,Canto,NULL,R$ 350.000,350000.0,61.57,2.0,1.0,1.0,venda
https://www.adrianoimoveis.com.br/imovel/sala-florianopolis-163-m/SA0064-ADU9,Sala,Capoeiras - Florianópolis - SCEdifício Comercial Deschamps Office,Florianópolis,Capoeiras,NULL,R$ 1.025.000,1025000.0,163.32,NULL,NULL,NULL,venda
https://www.adrianoimoveis.com.br/imovel/apartamento-florianopolis-2-quartos-59-m/AP1085-ADU9,Apartamento,Estreito - Florianópolis - SCResidencial Verde Mar,Florianópolis,Estreito,NULL,R$ 500.000,500000.0,58.57,2.0,1.0,1.0,venda
https://www.adrianoimoveis.com.br/imovel/casa-florianopolis-3-quartos-137-m/CA0448-ADU9,Casa,Capoeiras - Florianópolis - SC,Florianópolis,Capoeiras,NULL,R$ 1.250.000,1250000.0,137.25,3.0,4.0,2.0,venda
https://www.adrianoimoveis.com.br/imovel/terreno-florianopolis-140-m/TE0088-ADU9,Terreno,Capoeiras - Florianópolis - SC,Florianópolis,Capoeiras,NULL,R$ 360.000,360000.0,139.5,NULL,NULL,NULL,venda
https://www.adrianoimoveis.com.br/imovel/apartamento-florianopolis-3-quartos-73-m/AP1253-ADU9,Apartamento,Canto - Florianópolis - SC,Florianópolis,Canto,NULL,R$ 495.000,495000.0,72.71,3.0,1.0,1.0,venda
https://www.adrianoimoveis.com.br/imovel/terreno-florianopolis-240-m/TE0066-ADU9,Terreno,Capoeiras - Florianópolis - SC,Florianópolis,Capoeiras,NULL,R$ 450.000,450000.0,240.0,NULL,NULL,NULL,venda
https://www.adrianoimoveis.com.br/imovel/apartamento-florianopolis-1-quarto-52-m/AP1156-ADU9,Apartamento,Capoeiras - Florianópolis - SCResidencial Plaza Mediterranne,Florianópolis,Capoeiras,NULL,R$ 340.000,340000.0,51.5,1.0,1.0,1.0,venda
https://www.adrianoimoveis.com.br/imovel/apartamento-florianopolis-3-quartos-70-m/AP0356-ADU9,Apartamento,Jardim Atlântico - Florianópolis - SCCondomínio Conjunto Habitacional Itaguaçu,Florianópolis,Jardim Atlântico,NULL,R$ 320.000,320000.0,70.0,3.0,1.0,1.0,venda
https://www.adrianoimoveis.com.br/imovel/casa-florianopolis-4-quartos-200-m/CA0384-ADU9,Casa,Capoeiras - Florianópolis - SC,Florianópolis,Capoeiras,NULL,R$ 957.000,957000.0,200.0,4.0,2.0,4.0,venda
https://www.adrianoimoveis.com.br/imovel/apartamento-florianopolis-3-quartos-65-m/AP1160-ADU9,Apartamento,Estreito - Florianópolis - SCResidencial Sumaré,Florianópolis,Estreito,NULL,R$ 530.000,530000.0,65.14,3.0,1.0,1.0,venda
https://www.adrianoimoveis.com.br/imovel/apartamento-florianopolis-2-quartos-79-m/AP1157-ADU9,Apartamento,Capoeiras - Florianópolis - SCResidencial Plaza Mediterranne,Florianópolis,Capoeiras,NULL,R$ 398.000,398000.0,79.0,2.0,NULL,1.0,venda
https://www.adrianoimoveis.com.br/imovel/predio-florianopolis-100-m/PR0002-ADU9,Prédio,Capoeiras - Florianópolis - SC,Florianópolis,Capoeiras,NULL,R$ 840.000,840000.0,100.0,NULL,6.0,NULL,venda
https://www.adrianoimoveis.com.br/imovel/casa-florianopolis-3-quartos-265-m/CA0601-ADU9,Casa,Capoeiras - Florianópolis - SC,Florianópolis,Capoeiras,NULL,R$ 1.850.000,1850000.0,265.0,3.0,6.0,2.0,venda
https://www.adrianoimoveis.com.br/imovel/apartamento-florianopolis-3-quartos-96-m/AP0891-ADU9,Apartamento,Centro - Florianópolis - SC,Florianópolis,Centro,NULL,R$ 1.200.000,1200000.0,95.57,3.0,1.0,2.0,venda
https://www.adrianoimoveis.com.br/imovel/casa-florianopolis-2-quartos-152-m/CA0673-ADU9,Casa,Capoeiras - Florianópolis - SC,Florianópolis,Capoeiras,NULL,R$ 1.070.000,1070000.0,152.0,2.0,1.0,2.0,venda
https://www.adrianoimoveis.com.br/imovel/apartamento-florianopolis-2-quartos-69-m/AP0763-ADU9,Apartamento,Ingleses - Florianópolis - SCResidencial Netuno Triton,Florianópolis,Ingleses,NULL,R$ 320.000,320000.0,69.0,2.0,1.0,1.0,venda
https://www.adrianoimoveis.com.br/imovel/casa-florianopolis-2-quartos-107-m/CA0655-ADU9,Casa,Capoeiras - Florianópolis - SC,Florianópolis,Capoeiras,NULL,R$ 550.000,550000.0,107.4,2.0,2.0,1.0,venda
https://www.adrianoimoveis.com.br/imovel/casa-florianopolis-3-quartos-140-m/CA0514-ADU9,Casa,Capoeiras - Florianópolis - SC,Florianópolis,Capoeiras,NULL,R$ 1.300.000,1300000.0,140.0,3.0,2.0,2.0,venda
https://www.adrianoimoveis.com.br/imovel/apartamento-florianopolis-2-quartos-52-m/AP1170-ADU9,Apartamento,Estreito - Florianópolis - SC,Florianópolis,Estreito,NULL,R$ 465.000,465000.0,51.86,2.0,1.0,1.0,venda
https://www.adrianoimoveis.com.br/imovel/terreno-florianopolis-522-m/TE0087-ADU9,Terreno,Capoeiras - Florianópolis - SC,Florianópolis,Capoeiras,NULL,R$ 2.800.000,2800000.0,522.0,NULL,NULL,NULL,venda
https://www.adrianoimoveis.com.br/imovel/casa-florianopolis-4-quartos-190-m/CA0539-ADU9,Casa,Capoeiras - Florianópolis - SC,Florianópolis,Capoeiras,NULL,R$ 1.300.000,1300000.0,190.0,4.0,2.0,3.0,venda
https://www.adrianoimoveis.com.br/imovel/terreno-florianopolis-1-320-m/TE0089-ADU9,Terreno,Capoeiras - Florianópolis - SC,Florianópolis,Capoeiras,NULL,R$ 8.000.000,8000000.0,1320.0,NULL,NULL,NULL,venda
https://www.adrianoimoveis.com.br/imovel/apartamento-florianopolis-73-m/AP1250-ADU9,Apartamento,Canto - Florianópolis - SC,Florianópolis,Canto,NULL,R$ 515.000,515000.0,72.71,NULL,NULL,NULL,venda
https://www.adrianoimoveis.com.br/imovel/apartamento-florianopolis-3-quartos-81-m/AP0726-ADU9,Apartamento,Capoeiras - Florianópolis - SCEdifício Dona Ivone,Florianópolis,Capoeiras,NULL,R$ 600.000,600000.0,80.87,3.0,2.0,1.0,venda
https://www.adrianoimoveis.com.br/imovel/terreno-palhoca-10-000-m/TE0078-ADU9?from=rent,Terreno,Guarda do Cubatão - Palhoça - SC,Palhoça,Guarda Do Cubatão,NULL,R$ 30.000/mês,30000.0,10000.0,NULL,NULL,NULL,aluguel
https://www.adrianoimoveis.com.br/imovel/terreno-palhoca-4-004-m/TE0077-ADU9?from=rent,Terreno,Guarda do Cubatão - Palhoça - SC,Palhoça,Guarda Do Cubatão,NULL,R$ 12.009/mês,12009.0,4003.66,NULL,NULL,NULL,aluguel
https://www.adrianoimoveis.com.br/imovel/terreno-palhoca-3-999-m/TE0076-ADU9?from=rent,Terreno,Guarda do Cubatão - Palhoça - SC,Palhoça,Guarda Do Cubatão,NULL,R$ 11.997/mês,11997.0,3999.46,NULL,NULL,NULL,aluguel
https://www.adrianoimoveis.com.br/imovel/apartamento-palhoca-2-quartos-44-m/AP0541-ADU9?from=rent,Apartamento,Bela Vista - Palhoça - SCCondomínio Residencial Azaléias,Palhoça,Bela Vista,NULL,R$ 1.290/mês,1290.0,43.8,2.0,1.0,1.0,aluguel
https://www.adrianoimoveis.com.br/imovel/terreno-palhoca-3-861-m/TE0073-ADU9?from=rent,Terreno,Guarda do Cubatão - Palhoça - SC,Palhoça,Guarda Do Cubatão,NULL,R$ 11.580/mês,11580.0,3860.64,NULL,NULL,NULL,aluguel
https://www.adrianoimoveis.com.br/imovel/terreno-palhoca-5-100-m/TE0071-ADU9?from=rent,Terreno,Guarda do Cubatão - Palhoça - SC,Palhoça,Guarda Do Cubatão,NULL,R$ 15.300/mês,15300.0,5100.0,NULL,NULL,NULL,aluguel
https://www.adrianoimoveis.com.br/imovel/terreno-palhoca-2-989-m/TE0072-ADU9?from=rent,Terreno,Guarda do Cubatão - Palhoça - SC,Palhoça,Guarda Do Cubatão,NULL,R$ 8.970/mês,8970.0,2989.18,NULL,NULL,NULL,aluguel
https://www.adrianoimoveis.com.br/imovel/terreno-palhoca-2-868-m/TE0074-ADU9?from=rent,Terreno,Guarda do Cubatão - Palhoça - SC,Palhoça,Guarda Do Cubatão,NULL,R$ 8.600/mês,8600.0,2867.72,NULL,NULL,NULL,aluguel
https://www.adrianoimoveis.com.br/imovel/terreno-palhoca-2-837-m/TE0075-ADU9?from=rent,Terreno,Guarda do Cubatão - Palhoça - SC,Palhoça,Guarda Do Cubatão,NULL,R$ 8.510/mês,8510.0,2837.04,NULL,NULL,NULL,aluguel
https://www.adrianoimoveis.com.br/imovel/loja-palhoca-120-m/LO0199-ADU9?from=rent,Loja,Centro - Palhoça - SC,Palhoça,Centro,NULL,R$ 4.999/ano,4999.0,120.0,NULL,3.0,1.0,aluguel
https://www.adrianoimoveis.com.br/imovel/apartamento-palhoca-3-quartos-88-m/AP1246-ADU9?from=rent,Apartamento,Praia da Pinheira - Palhoça - SCPrédio Residencial,Palhoça,Praia Da Pinheira,NULL,R$ 2.990/mês,2990.0,88.0,3.0,1.0,2.0,aluguel
https://www.adrianoimoveis.com.br/imovel/apartamento-palhoca-2-quartos-52-m/AP1230-ADU9,Apartamento,São Sebastião - Palhoça - SCFlores da Colina,Palhoça,São Sebastião,NULL,R$ 1.550/mês,1550.0,52.0,2.0,1.0,1.0,aluguel
https://www.adrianoimoveis.com.br/imovel/apartamento-palhoca-2-quartos-67-m/AP0576-ADU9,Apartamento,Centro - Palhoça - SCCondomínio Residencial Dona Délcia,Palhoça,Centro,NULL,R$ 2.400/mês,2400.0,66.8,2.0,1.0,2.0,aluguel
https://www.adrianoimoveis.com.br/imovel/apartamento-palhoca-2-quartos-50-m/AP0613-ADU9,Apartamento,Bela Vista - Palhoça - SCCondomínio Edifício Residencial Via Cambirela,Palhoça,Bela Vista,NULL,R$ 1.700/mês,1700.0,50.02,2.0,1.0,1.0,aluguel
https://www.adrianoimoveis.com.br/imovel/terreno-palhoca-11-603-m/TE0079-ADU9,Terreno,Guarda do Cubatão - Palhoça - SC,Palhoça,Guarda Do Cubatão,NULL,R$ 34.809/mês,34809.0,11603.0,NULL,NULL,NULL,aluguel
https://www.adrianoimoveis.com.br/imovel/terreno-palhoca-3-004-m/TE0080-ADU9,Terreno,Guarda do Cubatão - Palhoça - SC,Palhoça,Guarda Do Cubatão,NULL,R$ 9.012/mês,9012.0,3004.0,NULL,NULL,NULL,aluguel
https://www.adrianoimoveis.com.br/imovel/terreno-palhoca-3-085-m/TE0081-ADU9,Terreno,Guarda do Cubatão - Palhoça - SC,Palhoça,Guarda Do Cubatão,NULL,R$ 9.255/mês,9255.0,3085.0,NULL,NULL,NULL,aluguel
https://www.adrianoimoveis.com.br/imovel/terreno-palhoca-3-101-m/TE0082-ADU9,Terreno,Guarda do Cubatão - Palhoça - SC,Palhoça,Guarda Do Cubatão,NULL,R$ 9.303/mês,9303.0,3101.0,NULL,NULL,NULL,aluguel
https://www.adrianoimoveis.com.br/imovel/terreno-palhoca-1-091-m/TE0084-ADU9,Terreno,Guarda do Cubatão - Palhoça - SC,Palhoça,Guarda Do Cubatão,NULL,R$ 3.273/mês,3273.0,1091.0,NULL,NULL,NULL,aluguel
https://www.adrianoimoveis.com.br/imovel/terreno-palhoca-7-456-m/TE0085-ADU9,Terreno,Guarda do Cubatão - Palhoça - SC,Palhoça,Guarda Do Cubatão,NULL,R$ 22.368/mês,22368.0,7456.0,NULL,NULL,NULL,aluguel
https://www.adrianoimoveis.com.br/imovel/terreno-palhoca-3-101-m/TE0083-ADU9,Terreno,Guarda do Cubatão - Palhoça - SC,Palhoça,Guarda Do Cubatão,NULL,R$ 9.303/mês,9303.0,3101.0,NULL,NULL,NULL,aluguel
https://www.adrianoimoveis.com.br/imovel/apartamento-palhoca-2-quartos-60-m/AP0861-ADU9?from=sale,Apartamento,Jardim Eldorado - Palhoça - SC,Palhoça,Jardim Eldorado,NULL,R$ 320.000,320000.0,60.45,2.0,1.0,1.0,venda
https://www.adrianoimoveis.com.br/imovel/casa-palhoca-3-quartos-159-m/CA0625-ADU9?from=sale,Casa,Praia de Fora - Palhoça - SC,Palhoça,Praia De Fora,NULL,R$ 470.000,470000.0,159.1,3.0,4.0,3.0,venda
https://www.adrianoimoveis.com.br/imovel/casa-palhoca-2-quartos-86-m/CA0580-ADU9?from=sale,Casa,Maciambú (Ens Brito) - Palhoça - SC,Palhoça,Maciambú (Ens Brito),NULL,R$ 450.000,450000.0,86.0,2.0,6.0,2.0,venda
https://www.adrianoimoveis.com.br/imovel/casa-sao-jose-3-quartos-130-m/CA0182-ADU9?from=rent,Casa,Bela Vista - São José - SC,São José,Bela Vista,NULL,R$ 4.600/mês,4600.0,130.0,3.0,1.0,3.0,aluguel
https://www.adrianoimoveis.com.br/imovel/apartamento-sao-jose-2-quartos-68-m/AP1241-ADU9?from=rent,Apartamento,Serraria - São José - SC,São José,Serraria,NULL,R$ 1.790/mês,1790.0,68.0,2.0,1.0,1.0,aluguel
https://www.adrianoimoveis.com.br/imovel/apartamento-sao-jose-1-quarto-40-m/AP1257-ADU9?from=rent,Apartamento,Praia Comprida - São José - SC,São José,Praia Comprida,NULL,R$ 1.390/mês,1390.0,40.0,1.0,NULL,1.0,aluguel
https://www.adrianoimoveis.com.br/imovel/apartamento-sao-jose-2-quartos-50-m/AP1193-ADU9?from=rent,Apartamento,Areias - São José - SCResidencial Ilhas do Norte,São José,Areias,NULL,R$ 1.690/mês,1690.0,50.0,2.0,1.0,1.0,aluguel
https://www.adrianoimoveis.com.br/imovel/apartamento-sao-jose-2-quartos-50-m/AP1289-ADU9?from=rent,Apartamento,Sertão do Maruim - São José - SCCondomínio Villagio Bella Vista,São José,Sertão Do Maruim,NULL,R$ 1.100/mês,1100.0,50.0,2.0,1.0,1.0,aluguel
https://www.adrianoimoveis.com.br/imovel/casa-sao-jose-3-quartos-60-m/CA0503-ADU9?from=rent,Casa,Ipiranga - São José - SC,São José,Ipiranga,NULL,R$ 1.500/mês,1500.0,60.0,3.0,NULL,1.0,aluguel
https://www.adrianoimoveis.com.br/imovel/apartamento-sao-jose-2-quartos-43-m/AP1252-ADU9?from=rent,Apartamento,Forquilhas - São José - SCResidencial Flores do Vale,São José,Forquilhas,NULL,R$ 1.490/mês,1490.0,43.14,2.0,2.0,1.0,aluguel
https://www.adrianoimoveis.com.br/imovel/apartamento-sao-jose-2-quartos-60-m/AP0276-ADU9?from=rent,Apartamento,Barreiros - São José - SCResidencial Maria Helena,São José,Barreiros,NULL,R$ 1.900/mês,1900.0,60.0,2.0,1.0,1.0,aluguel
https://www.adrianoimoveis.com.br/imovel/apartamento-sao-jose-2-quartos-65-m/AP0204-ADU9?from=rent,Apartamento,Barreiros - São José - SCResidencial Madre Paulina,São José,Barreiros,NULL,R$ 2.490/mês,2490.0,65.0,2.0,1.0,1.0,aluguel
https://www.adrianoimoveis.com.br/imovel/apartamento-sao-jose-1-quarto-47-m/AP0342-ADU9?from=rent,Apartamento,Forquilhinhas - São José - SCEdifício Maria Caetano de Melo,São José,Forquilhinhas,NULL,R$ 1.650/mês,1650.0,47.0,1.0,1.0,1.0,aluguel
https://www.adrianoimoveis.com.br/imovel/loja-sao-jose-40-m/LO0207-ADU9?from=rent,Loja,Picadas do Sul - São José - SCPrédio Residencial e Comercial,São José,Picadas Do Sul,NULL,R$ 1.390/mês,1390.0,40.0,NULL,1.0,1.0,aluguel
https://www.adrianoimoveis.com.br/imovel/apartamento-sao-jose-2-quartos-58-m/AP0985-ADU9,Apartamento,Forquilhas - São José - SCResidencial Aníbal Guarezi,São José,Forquilhas,NULL,R$ 1.790/mês,1790.0,57.8,2.0,1.0,1.0,aluguel
https://www.adrianoimoveis.com.br/imovel/loja-sao-jose-40-m/LO0198-ADU9,Loja,Flor de Napolis - São José - SC,São José,Flor De Napolis,NULL,R$ 1.490/mês,1490.0,40.0,NULL,3.0,1.0,aluguel
https://www.adrianoimoveis.com.br/imovel/sala-sao-jose-35-m/SA0042-ADU9,Sala,Kobrasol - São José - SCCentro Empresarial Kobrasol,São José,Kobrasol,NULL,R$ 1.450/mês,1450.0,35.0,NULL,NULL,1.0,aluguel
https://www.adrianoimoveis.com.br/imovel/apartamento-sao-jose-1-quarto-43-m/AP0470-ADU9,Apartamento,Barreiros - São José - SCPrédio Residencial,São José,Barreiros,NULL,R$ 1.550/mês,1550.0,43.0,1.0,1.0,1.0,aluguel
https://www.adrianoimoveis.com.br/imovel/apartamento-sao-jose-2-quartos-60-m/AP1225-ADU9,Apartamento,Areias - São José - SCResidencial Ilhas do Norte,São José,Areias,NULL,R$ 1.600/mês,1600.0,60.0,2.0,1.0,1.0,aluguel
https://www.adrianoimoveis.com.br/imovel/sala-sao-jose-75-m/SA0108-ADU9,Sala,Forquilhinhas - São José - SCPrédio Comercial,São José,Forquilhinhas,NULL,R$ 1.900/mês,1900.0,75.0,NULL,NULL,1.0,aluguel
https://www.adrianoimoveis.com.br/imovel/sala-sao-jose-20-m/SA0112-ADU9,Sala,Barreiros - São José - SCEdifício Comercial Alessandra,São José,Barreiros,NULL,R$ 850/mês,850.0,20.0,NULL,1.0,NULL,aluguel
https://www.adrianoimoveis.com.br/imovel/sala-sao-jose-30-m/SA0035-ADU9,Sala,Barreiros - São José - SCEdifício Comercial Alessandra,São José,Barreiros,NULL,R$ 900/mês,900.0,30.0,NULL,1.0,1.0,aluguel
https://www.adrianoimoveis.com.br/imovel/sala-sao-jose-35-m/SA0107-ADU9,Sala,Barreiros - São José - SCEdifício Comercial Alessandra,São José,Barreiros,NULL,R$ 1.060/mês,1060.0,35.0,NULL,1.0,1.0,aluguel
https://www.adrianoimoveis.com.br/imovel/sala-sao-jose-35-m/SA0011-ADU9,Sala,Barreiros - São José - SCEdifício Comercial Alessandra,São José,Barreiros,NULL,R$ 1.099/mês,1099.0,35.0,NULL,1.0,NULL,aluguel
https://www.adrianoimoveis.com.br/imovel/sala-sao-jose-40-m/SA0055-ADU9,Sala,Barreiros - São José - SCEdifício Comercial Alessandra,São José,Barreiros,NULL,R$ 990/mês,990.0,40.0,NULL,1.0,1.0,aluguel
https://www.adrianoimoveis.com.br/imovel/sala-sao-jose-35-m/SA0075-ADU9,Sala,Barreiros - São José - SCEdifício Comercial Alessandra,São José,Barreiros,NULL,R$ 1.099/mês,1099.0,35.0,NULL,1.0,NULL,aluguel
https://www.adrianoimoveis.com.br/imovel/casa-sao-jose-2-quartos-160-m/CA0071-ADU9,Casa,Barreiros - São José - SC,São José,Barreiros,NULL,R$ 3.200/mês,3200.0,160.0,2.0,NULL,2.0,aluguel
https://www.adrianoimoveis.com.br/imovel/apartamento-sao-jose-2-quartos-52-m/AP0805-ADU9,Apartamento,Jardim Cidade de Florianópolis - São José - SC,São José,Jardim Cidade De Florianópolis,NULL,R$ 1.800/mês,1800.0,51.66,2.0,1.0,1.0,aluguel
https://www.adrianoimoveis.com.br/imovel/sala-sao-jose-33-m/SA0089-ADU9,Sala,Barreiros - São José - SC,São José,Barreiros,NULL,R$ 1.650/mês,1650.0,33.11,NULL,1.0,1.0,aluguel
https://www.adrianoimoveis.com.br/imovel/loja-sao-jose-50-m/LO0205-ADU9,Loja,Praia Comprida - São José - SC,São José,Praia Comprida,NULL,R$ 2.890/mês,2890.0,50.0,NULL,2.0,1.0,aluguel
https://www.adrianoimoveis.com.br/imovel/casa-sao-jose-2-quartos-130-m/CA0674-ADU9,Casa,Potecas - São José - SC,São José,Potecas,NULL,R$ 3.000/mês,3000.0,130.0,2.0,4.0,3.0,aluguel
https://www.adrianoimoveis.com.br/imovel/apartamento-sao-jose-2-quartos-59-m/AP1286-ADU9,Apartamento,Nossa Senhora do Rosário - São José - SC,São José,Nossa Senhora Do Rosário,NULL,R$ 2.490/mês,2490.0,59.0,2.0,1.0,1.0,aluguel
https://www.adrianoimoveis.com.br/imovel/apartamento-sao-jose-2-quartos-62-m/AP1273-ADU9,Apartamento,Ipiranga - São José - SCResidencial Palazio,São José,Ipiranga,NULL,R$ 2.300/mês,2300.0,62.0,2.0,1.0,1.0,aluguel
https://www.adrianoimoveis.com.br/imovel/loja-sao-jose-80-m/LO0139-ADU9,Loja,Picadas do Sul - São José - SC,São José,Picadas Do Sul,NULL,R$ 2.950/mês,2950.0,79.83,NULL,NULL,1.0,aluguel
https://www.adrianoimoveis.com.br/imovel/loja-sao-jose-13-m/LO0178-ADU9,Loja,Forquilhinhas - São José - SC,São José,Forquilhinhas,NULL,R$ 1.400/mês,1400.0,13.0,NULL,NULL,1.0,aluguel
https://www.adrianoimoveis.com.br/imovel/casa-sao-jose-3-quartos-85-m/CA0614-ADU9,Casa,Praia Comprida - São José - SC,São José,Praia Comprida,NULL,R$ 2.200/mês,2200.0,85.0,3.0,1.0,1.0,aluguel
https://www.adrianoimoveis.com.br/imovel/casa-sao-jose-2-quartos-72-m/CA0054-ADU9,Casa,Kobrasol - São José - SC,São José,Kobrasol,NULL,R$ 3.000/mês,3000.0,72.0,2.0,2.0,1.0,aluguel
https://www.adrianoimoveis.com.br/imovel/apartamento-sao-jose-2-quartos-86-m/AP1245-ADU9,Apartamento,Forquilhinhas - São José - SCResidencial Jair Marques,São José,Forquilhinhas,NULL,R$ 2.690/mês,2690.0,86.0,2.0,1.0,2.0,aluguel
https://www.adrianoimoveis.com.br/imovel/loja-sao-jose-90-m/LO0065-ADU9,Loja,Ipiranga - São José - SC,São José,Ipiranga,NULL,R$ 2.890/mês,2890.0,90.0,NULL,NULL,1.0,aluguel
https://www.adrianoimoveis.com.br/imovel/apartamento-sao-jose-1-quarto-46-m/AP1051-ADU9,Apartamento,Roçado - São José - SCResidencial Liliane,São José,Roçado,NULL,R$ 1.890/mês,1890.0,45.74,1.0,NULL,1.0,aluguel
https://www.adrianoimoveis.com.br/imovel/casa-sao-jose-2-quartos-54-m/CA0454-ADU9,Casa,Potecas - São José - SA,São José,Potecas,NULL,R$ 2.490/mês,2490.0,54.0,2.0,1.0,1.0,aluguel
https://www.adrianoimoveis.com.br/imovel/sala-sao-jose-25-m/SA0127-ADU9,Sala,Barreiros - São José - SC,São José,Barreiros,NULL,R$ 1.690/mês,1690.0,24.9,NULL,1.0,1.0,aluguel
https://www.adrianoimoveis.com.br/imovel/loja-sao-jose-13-m/LO0179-ADU9,Loja,Forquilhinhas - São José - SC,São José,Forquilhinhas,NULL,R$ 1.400/mês,1400.0,13.0,NULL,NULL,1.0,aluguel
https://www.adrianoimoveis.com.br/imovel/apartamento-sao-jose-2-quartos-47-m/AP0980-ADU9,Apartamento,Serraria - São José - SCCondomínio Village Das Ilhas,São José,Serraria,NULL,R$ 1.700/mês,1700.0,47.39,2.0,1.0,1.0,aluguel
https://www.adrianoimoveis.com.br/imovel/apartamento-sao-jose-3-quartos-72-m/AP1205-ADU9,Apartamento,Areias - São José - SCResidencial Ilhas do Norte,São José,Areias,NULL,R$ 2.490/mês,2490.0,71.98,3.0,1.0,1.0,aluguel
https://www.adrianoimoveis.com.br/imovel/apartamento-sao-jose-2-quartos-65-m/AP0183-ADU9,Apartamento,Barreiros - São José - SCResidencial Michelle,São José,Barreiros,NULL,R$ 2.100/mês,2100.0,65.0,2.0,1.0,1.0,aluguel
https://www.adrianoimoveis.com.br/imovel/galpao-sao-jose-410-m/GA0045-ADU9,Galpão,Campinas - São José - SC,São José,Campinas,NULL,R$ 10.900/mês,10900.0,410.0,NULL,NULL,4.0,aluguel
https://www.adrianoimoveis.com.br/imovel/apartamento-sao-jose-2-quartos-86-m/AP1227-ADU9,Apartamento,Forquilhinhas - São José - SCResidencial Jair Marques,São José,Forquilhinhas,NULL,R$ 2.590/mês,2590.0,86.0,2.0,1.0,2.0,aluguel
https://www.adrianoimoveis.com.br/imovel/apartamento-sao-jose-2-quartos-86-m/AP1243-ADU9,Apartamento,Forquilhinhas - São José - SCResidencial Jair Marques,São José,Forquilhinhas,NULL,R$ 2.590/mês,2590.0,86.0,2.0,1.0,2.0,aluguel
https://www.adrianoimoveis.com.br/imovel/apartamento-sao-jose-2-quartos-60-m/AP1264-ADU9,Apartamento,Areias - São José - SCResidencial Ilhas do Norte,São José,Areias,NULL,R$ 1.700/mês,1700.0,60.0,2.0,1.0,1.0,aluguel
https://www.adrianoimoveis.com.br/imovel/casa-sao-jose-6-quartos-112-m/CA0538-ADU9,Casa,Bela Vista - São José - SCAlto Bela Vista,São José,Bela Vista,NULL,R$ 3.990/mês,3990.0,112.0,6.0,8.0,1.0,aluguel
https://www.adrianoimoveis.com.br/imovel/apartamento-sao-jose-2-quartos-60-m/AP1260-ADU9,Apartamento,Barreiros - São José - SCCondomínio Residencial Santa Paulina,São José,Barreiros,NULL,R$ 2.690/mês,2690.0,60.0,2.0,1.0,1.0,aluguel
https://www.adrianoimoveis.com.br/imovel/terreno-sao-jose-302-m/TE0090-ADU9,Terreno,Forquilhinhas - São José - SC,São José,Forquilhinhas,NULL,R$ 2.000/mês,2000.0,302.0,NULL,NULL,NULL,aluguel
https://www.adrianoimoveis.com.br/imovel/apartamento-sao-jose-1-quarto-42-m/AP1268-ADU9,Apartamento,Kobrasol - São José - SCCondomínio Edifício Torre de Marfim,São José,Kobrasol,NULL,R$ 2.390/mês,2390.0,42.0,1.0,NULL,1.0,aluguel
https://www.adrianoimoveis.com.br/imovel/apartamento-sao-jose-2-quartos-59-m/AP0068-ADU9,Apartamento,Fazenda Santo Antônio - São José - SCResidencial Max Village,São José,Fazenda Santo Antônio,NULL,R$ 2.490/mês,2490.0,59.0,2.0,1.0,1.0,aluguel
https://www.adrianoimoveis.com.br/imovel/casa-sao-jose-2-quartos-52-m/CA0662-ADU9,Casa,Barreiros - São José - SC,São José,Barreiros,NULL,R$ 2.300/mês,2300.0,52.0,2.0,1.0,1.0,aluguel
https://www.adrianoimoveis.com.br/imovel/loja-sao-jose-60-m/LO0196-ADU9,Loja,Barreiros - São José - SC,São José,Barreiros,NULL,R$ 3.800/mês,3800.0,60.0,NULL,3.0,1.0,aluguel
https://www.adrianoimoveis.com.br/imovel/apartamento-sao-jose-3-quartos-81-m/AP0798-ADU9,Apartamento,Barreiros - São José - SCCondomínio Residencial Santa Paulina,São José,Barreiros,NULL,R$ 2.500/mês,2500.0,80.69,3.0,1.0,1.0,aluguel
https://www.adrianoimoveis.com.br/imovel/casa-sao-jose-5-quartos-150-m/CA0659-ADU9,Casa,Kobrasol - São José - SC,São José,Kobrasol,NULL,R$ 12.500/mês,12500.0,150.0,5.0,7.0,2.0,aluguel
https://www.adrianoimoveis.com.br/imovel/sala-sao-jose-50-m/SA0096-ADU9,Sala,Campinas - São José - SCPrédio Comercial,São José,Campinas,NULL,R$ 2.500/mês,2500.0,49.5,NULL,NULL,NULL,aluguel
https://www.adrianoimoveis.com.br/imovel/sala-sao-jose-130-m/SA0095-ADU9,Sala,Campinas - São José - SCPrédio Comercial,São José,Campinas,NULL,R$ 5.500/mês,5500.0,130.0,NULL,NULL,NULL,aluguel
https://www.adrianoimoveis.com.br/imovel/sala-sao-jose-33-m/SA0022-ADU9,Sala,Barreiros - São José - SCEdifício Empresarial Terra Firme,São José,Barreiros,NULL,R$ 1.890/mês,1890.0,33.4,NULL,NULL,NULL,aluguel
https://www.adrianoimoveis.com.br/imovel/apartamento-sao-jose-2-quartos-68-m/AP0933-ADU9?from=sale,Apartamento,Praia Comprida - São José - SCResidencial Villa das Flores,São José,Praia Comprida,NULL,R$ 350.000,350000.0,68.0,2.0,NULL,1.0,venda
https://www.adrianoimoveis.com.br/imovel/apartamento-sao-jose-2-quartos-69-m/AP0939-ADU9?from=sale,Apartamento,Ipiranga - São José - SCCondomínio Residencial Avenida Das Torres,São José,Ipiranga,NULL,R$ 299.900,299900.0,69.0,2.0,1.0,1.0,venda
https://www.adrianoimoveis.com.br/imovel/apartamento-sao-jose-3-quartos-77-m/AP1247-ADU9?from=sale,Apartamento,Jardim Cidade de Florianópolis - São José - SC,São José,Jardim Cidade De Florianópolis,NULL,R$ 750.000,750000.0,76.78,3.0,1.0,1.0,venda
https://www.adrianoimoveis.com.br/imovel/apartamento-sao-jose-1-quarto-45-m/AP1045-ADU9?from=sale,Apartamento,Kobrasol - São José - SC,São José,Kobrasol,NULL,R$ 350.000,350000.0,45.0,1.0,1.0,1.0,venda
https://www.adrianoimoveis.com.br/imovel/apartamento-sao-jose-2-quartos-61-m/AP1219-ADU9?from=sale,Apartamento,Campinas - São José - SC,São José,Campinas,NULL,R$ 600.000,600000.0,60.9,2.0,1.0,1.0,venda
https://www.adrianoimoveis.com.br/imovel/casa-sao-jose-4-quartos-369-m/CA0495-ADU9?from=sale,Casa,Praia Comprida - São José - SC,São José,Praia Comprida,NULL,R$ 1.500.000,1500000.0,369.22,4.0,6.0,4.0,venda
https://www.adrianoimoveis.com.br/imovel/terreno-sao-jose-330-m/TE0067-ADU9?from=sale,Terreno,Areias - São José - SC,São José,Areias,NULL,R$ 380.000,380000.0,330.0,NULL,NULL,NULL,venda
https://www.adrianoimoveis.com.br/imovel/terreno-sao-jose-396-m/TE0070-ADU9?from=sale,Terreno,Potecas - São José - SC,São José,Potecas,NULL,R$ 190.000,190000.0,396.0,NULL,NULL,NULL,venda
https://www.adrianoimoveis.com.br/imovel/casa-sao-jose-2-quartos-64-m/CA0078-ADU9?from=sale,Casa,Flor de Napolis - São José - SCResidencial Solar de Coqueiro,São José,Flor De Napolis,NULL,R$ 265.000,265000.0,63.98,2.0,1.0,1.0,venda
https://www.adrianoimoveis.com.br/imovel/casa-sao-jose-2-quartos-80-m/CA0111-ADU9?from=sale,Casa,Areias - São José - SC,São José,Areias,NULL,R$ 1.000.000,1000000.0,80.0,2.0,1.0,2.0,venda
https://www.adrianoimoveis.com.br/imovel/casa-sao-jose-4-quartos-139-m/CA0293-ADU9?from=sale,Casa,Roçado - São José - SC,São José,Roçado,NULL,R$ 990.000,990000.0,139.0,4.0,3.0,1.0,venda
https://www.adrianoimoveis.com.br/imovel/sala-sao-jose-20-m/SA0145-ADU9,Sala,Campinas - São José - SC,São José,Campinas,NULL,R$ 190.000,190000.0,20.34,NULL,NULL,NULL,venda
https://www.adrianoimoveis.com.br/imovel/apartamento-sao-jose-3-quartos-82-m/AP0539-ADU9,Apartamento,Forquilhinhas - São José - SCResidencial Dona Ana,São José,Forquilhinhas,NULL,R$ 600.000,600000.0,81.5,3.0,1.0,2.0,venda
https://www.adrianoimoveis.com.br/imovel/predio-sao-jose-350-m/PR0008-ADU9,Prédio,Real Parque - São José - SC,São José,Real Parque,NULL,R$ 950.000,950000.0,350.0,NULL,NULL,NULL,venda
https://www.adrianoimoveis.com.br/imovel/apartamento-sao-jose-2-quartos-60-m/AP0282-ADU9,Apartamento,Areias - São José - SCCondomínio Parque Flores da Estação,São José,Areias,NULL,R$ 310.000,310000.0,60.0,2.0,1.0,1.0,venda
https://www.adrianoimoveis.com.br/imovel/apartamento-sao-jose-2-quartos-48-m/AP1190-ADU9,Apartamento,Serraria - São José - SCResidencial Moradas do Luar,São José,Serraria,NULL,R$ 260.000,260000.0,47.93,2.0,1.0,1.0,venda
https://www.adrianoimoveis.com.br/imovel/casa-sao-jose-2-quartos-54-m/CA0193-ADU9,Casa,Forquilhas - São José - SC,São José,Forquilhas,NULL,R$ 360.000,360000.0,54.0,2.0,2.0,1.0,venda
https://www.adrianoimoveis.com.br/imovel/casa-sao-jose-3-quartos-160-m/CA0494-ADU9,Casa,Barreiros - São José - SC,São José,Barreiros,NULL,R$ 1.600.000,1600000.0,160.0,3.0,4.0,2.0,venda
https://www.adrianoimoveis.com.br/imovel/apartamento-sao-jose-2-quartos-62-m/AP1114-ADU9,Apartamento,Serraria - São José - SC,São José,Serraria,NULL,R$ 300.000,300000.0,61.9,2.0,1.0,1.0,venda
https://www.adrianoimoveis.com.br/imovel/casa-sao-jose-3-quartos-200-m/CA0593-ADU9,Casa,Areias - São José - SC,São José,Areias,NULL,R$ 820.000,820000.0,200.0,3.0,NULL,2.0,venda
https://www.adrianoimoveis.com.br/imovel/casa-sao-jose-3-quartos-70-m/CA0243-ADU9,Casa,Forquilhinha - São José - SC,São José,Forquilhinha,NULL,R$ 350.000,350000.0,70.0,3.0,5.0,1.0,venda
https://www.adrianoimoveis.com.br/imovel/terreno-sao-jose-634-m/TE0024-ADU9,Terreno,Roçado - São José - SCLoteamento Santa Paula Royal Tênis,São José,Roçado,NULL,R$ 550.000,550000.0,633.61,NULL,NULL,NULL,venda
https://www.adrianoimoveis.com.br/imovel/apartamento-sao-jose-2-quartos-53-m/AP1172-ADU9,Apartamento,Serraria - São José - SC,São José,Serraria,NULL,R$ 390.000,390000.0,52.96,2.0,1.0,1.0,venda
https://www.adrianoimoveis.com.br/imovel/apartamento-sao-jose-2-quartos-56-m/AP1284-ADU9,Apartamento,Barreiros - São José - SCCondomínio Residencial Talismã,São José,Barreiros,NULL,R$ 400.000,400000.0,56.14,2.0,1.0,1.0,venda
https://www.adrianoimoveis.com.br/imovel/casa-sao-jose-5-quartos-165-m/CA0165-ADU9,Casa,Forquilhinhas - São José - SC,São José,Forquilhinhas,NULL,R$ 520.000,520000.0,165.0,5.0,1.0,3.0,venda
https://www.adrianoimoveis.com.br/imovel/apartamento-sao-jose-2-quartos-58-m/AP0565-ADU9,Apartamento,Ipiranga - São José - SCCondomínio Residencial Villa Trentino ll,São José,Ipiranga,NULL,R$ 280.000,280000.0,57.88,2.0,1.0,1.0,venda
https://www.brognoli.com.br/imovel/alugar-terreno-com-23000m-no-bairro-universitario-em-biguacu_9660/,"Terreno com 23000m², no bairro Universitário em Biguaçu",Biguaçu/SC,Biguaçu,Universitário,Rua Sebastião Lara,Valor:R$ 115.000,115000.0,23000.0,NULL,NULL,NULL,aluguel
https://www.brognoli.com.br/imovel/alugar-apartamento-com-45m-2-quartos-no-bairro-fundos-em-biguacu_9381/,"Apartamento com 45m², 2 quartos, 1 garagem, no bairro Fundos em Biguaçu",Biguaçu/SC,Biguaçu,Fundos,Rua Homero De Miranda Gomes,Valor:R$ 1.600,1600.0,45.0,2.0,1.0,NULL,aluguel
https://www.brognoli.com.br/imovel/comprar-terreno-comercial-residencial-com-1947m-no-bairro-jardim-janaina-em-biguacu_T155-57616/,"Terreno Comercial/Residencial com 1947m², no bairro Jardim Janaina em Biguaçu",Biguaçu/SC,Biguaçu,Jardim Janaina,Rua Paulo Zimmermann,Valor:R$ 2.000.000,2000000.0,1947.0,NULL,NULL,NULL,venda
https://www.brognoli.com.br/imovel/comprar-apartamentos-com-48m-2-quartos-no-bairro-centro-em-biguacu_A8-57612/,"Apartamentos com 48m², 2 quartos, 1 garagem, no bairro Centro em Biguaçu",Biguaçu/SC,Biguaçu,Centro,Rua 7 De Setembro,Valor:R$ 315.000,315000.0,48.0,2.0,1.0,NULL,venda
https://www.brognoli.com.br/imovel/comprar-apartamentos-com-41m-2-quartos-no-bairro-jardim-janaina-em-biguacu_A21-57589/,"Apartamentos com 41m², 2 quartos, 1 garagem, no bairro Jardim Janaina em Biguaçu",Biguaçu/SC,Biguaçu,Jardim Janaina,Rua Domingos Antônio Zimmermann,Valor:R$ 230.000,230000.0,41.0,2.0,1.0,NULL,venda
https://www.brognoli.com.br/imovel/comprar-casa-residencial-com-1000m-4-quartos-no-bairro-sao-miguel-guaporanga-em-biguacu_C153-57253/,"Casa Residencial com 1000m², 4 quartos, 4 suítes, 4 garagens, no bairro São Miguel (Guaporanga) em Biguaçu",Biguaçu/SC,Biguaçu,São Miguel (Guaporanga),Servidão Nelson Juvêncio Rosa,Valor:R$ 1.500.000,1500000.0,1000.0,4.0,4.0,NULL,venda
https://www.brognoli.com.br/imovel/comprar-terreno-comercial-residencial-com-150m-no-bairro-jardim-santa-catarina-em-biguacu_T149-57138/,"Terreno Comercial/Residencial com 150m², no bairro Jardim Santa Catarina em Biguaçu",Biguaçu/SC,Biguaçu,407,Rua Sc,Valor:R$ 260.000,260000.0,150.0,NULL,NULL,NULL,venda
https://www.brognoli.com.br/imovel/comprar-apartamentos-com-67m-2-quartos-no-bairro-praia-joao-rosa-em-biguacu_A87-56599/,"Apartamentos com 67m², 2 quartos, 1 garagem, no bairro Praia João Rosa em Biguaçu",Biguaçu/SC,Biguaçu,Praia João Rosa,Rua Domingos Coelho,Valor:R$ 445.000,445000.0,67.0,2.0,1.0,NULL,venda
https://www.brognoli.com.br/imovel/comprar-casa-residencial-com-177m-3-quartos-no-bairro-bom-viver-em-biguacu_C140-56488/,"Casa Residencial com 177m², 3 quartos, 3 garagens, no bairro Bom Viver em Biguaçu",Biguaçu/SC,Biguaçu,Bom Viver,Servidão Hermann Vieira,Valor:R$ 920.000,920000.0,177.0,3.0,3.0,NULL,venda
https://www.brognoli.com.br/imovel/comprar-chacara-com-43560m-3-quartos-no-bairro-russia-em-biguacu_CH153-56430/,"Chacara com 43560m², 3 quartos, 1 suíte, 1 garagem, no bairro Rússia em Biguaçu",Biguaçu/SC,Biguaçu,Rússia,Rua Ana Maria Da Silva,Valor:R$ 975.000,975000.0,43560.0,3.0,1.0,NULL,venda
https://www.brognoli.com.br/imovel/comprar-casa-em-condominio-com-165m-3-quartos-no-bairro-beira-rio-em-biguacu_C152-54968/,"Casa em Condomínio com 165m², 3 quartos, 1 suíte, 2 garagens, no bairro Beira Rio em Biguaçu",Biguaçu/SC,Biguaçu,Beira Rio,Avenida Wilson Castelo Branco,Valor:R$ 1.400.000,1400000.0,165.0,3.0,2.0,NULL,venda
https://www.brognoli.com.br/imovel/comprar-apartamentos-com-90m-3-quartos-no-bairro-rio-caveiras-em-biguacu_A84-54334/,"Apartamentos com 90m², 3 quartos, 1 suíte, 1 garagem, no bairro Rio Caveiras em Biguaçu",Biguaçu/SC,Biguaçu,Rio Caveiras,Rua Cônego Rodolfo Machado,Valor:R$ 550.000,550000.0,90.0,3.0,1.0,NULL,venda
https://www.brognoli.com.br/imovel/comprar-apartamentos-com-46m-2-quartos-no-bairro-bom-viver-em-biguacu_A4-54291/,"Apartamentos com 46m², 2 quartos, 1 garagem, no bairro Bom Viver em Biguaçu",Biguaçu/SC,Biguaçu,Bom Viver,Rua Benta Soares Luiz,Valor:R$ 235.000,235000.0,46.0,2.0,1.0,NULL,venda
https://www.brognoli.com.br/imovel/comprar-apartamentos-com-84m-3-quartos-no-bairro-rio-caveiras-em-biguacu_A149-54117/,"Apartamentos com 84m², 3 quartos, 1 suíte, 1 garagem, no bairro Rio Caveiras em Biguaçu",Biguaçu/SC,Biguaçu,Rio Caveiras,Rua Leonardo Francisco Ferreira,Valor:R$ 820.000,820000.0,84.0,3.0,1.0,NULL,venda
https://www.brognoli.com.br/imovel/comprar-casa-em-condominio-com-179m-3-quartos-no-bairro-beira-rio-em-biguacu_C153-52132/,"Casa em Condomínio com 179m², 3 quartos, 1 suíte, 2 garagens, no bairro Beira Rio em Biguaçu",Biguaçu/SC,Biguaçu,Beira Rio,Avenida Wilson Castelo Branco,Valor:R$ 1.150.000,1150000.0,179.0,3.0,2.0,NULL,venda
https://www.brognoli.com.br/imovel/comprar-casa-em-condominio-com-216m-3-quartos-no-bairro-beira-rio-em-biguacu_C48-52068/,"Casa em Condomínio com 216m², 3 quartos, 1 suíte, 2 garagens, no bairro Beira Rio em Biguaçu",Biguaçu/SC,Biguaçu,Beira Rio,Avenida Deltaville,Valor:R$ 1.390.000,1390000.0,216.0,3.0,2.0,NULL,venda
https://www.brognoli.com.br/imovel/comprar-terreno-comercial-residencial-com-10100m-no-bairro-boa-vista-em-biguacu_T78-51735/,"Terreno Comercial/Residencial com 10100m², no bairro Boa Vista em Biguaçu",Biguaçu/SC,Biguaçu,Boa Vista,Rua Vidal Mendes,Valor:R$ 1.500.000,1500000.0,10100.0,NULL,NULL,NULL,venda
https://www.brognoli.com.br/imovel/comprar-terrenos-residenciais-com-150m-no-bairro-beira-rio-em-biguacu_T32-51203/,"Terrenos Residenciais com 150m², no bairro Beira Rio em Biguaçu",Biguaçu/SC,Biguaçu,Beira Rio,Avenida Deltaville,Valor:R$ 324.500,324500.0,150.0,NULL,NULL,NULL,venda
https://www.brognoli.com.br/imovel/comprar-terrenos-residenciais-com-150m-no-bairro-deltaville-em-biguacu_T65-50794/,"Terrenos Residenciais com 150m², no bairro Deltaville em Biguaçu",Biguaçu/SC,Biguaçu,Deltaville,Avenida Deltaville,Valor:R$ 225.000,225000.0,150.0,NULL,NULL,NULL,venda
https://www.brognoli.com.br/imovel/comprar-terreno-comercial-residencial-com-2021m-no-bairro-sorocaba-de-dentro-em-biguacu_T8-50076/,"Terreno Comercial/Residencial com 2021m², no bairro Sorocaba De Dentro em Biguaçu",Biguaçu/SC,Biguaçu,Sorocaba De Dentro,Rodovia Estrada Geral De Sorocaba De Fora,Valor:R$ 741.000,741000.0,2021.0,NULL,NULL,NULL,venda
https://www.brognoli.com.br/imovel/comprar-cobertura-com-240m-3-quartos-no-bairro-centro-em-biguacu_CB6-47588/,"Cobertura com 240m², 3 quartos, 3 suítes, 3 garagens, no bairro Centro em Biguaçu",Biguaçu/SC,Biguaçu,Centro,Rua 7 De Setembro,Valor:R$ 5.300.000,5300000.0,240.0,3.0,3.0,NULL,venda
https://www.brognoli.com.br/imovel/comprar-casa-residencial-com-120m-3-quartos-no-bairro-jardim-janaina-em-biguacu_C37-46174/,"Casa Residencial com 120m², 3 quartos, 1 suíte, 2 garagens, no bairro Jardim Janaina em Biguaçu",Biguaçu/SC,Biguaçu,Jardim Janaina,Rua Das Missões,Valor:R$ 700.000,700000.0,120.0,3.0,2.0,NULL,venda
https://www.brognoli.com.br/imovel/comprar-terrenos-residenciais-com-150m-no-bairro-beira-rio-em-biguacu_T8-46137/,"Terrenos Residenciais com 150m², no bairro Beira Rio em Biguaçu",Biguaçu/SC,Biguaçu,Beira Rio,Avenida Deltaville,Valor:R$ 290.000,290000.0,150.0,NULL,NULL,NULL,venda
https://www.brognoli.com.br/imovel/comprar-sitio-com-200m-3-quartos-no-bairro-sorocaba-de-dentro-em-biguacu_ST8-43759/,"Sitio com 200m², 3 quartos, 1 suíte, 2 garagens, no bairro Sorocaba De Dentro em Biguaçu",Biguaçu/SC,Biguaçu,Sorocaba De Dentro,Rua Geral De Sorocaba De Fora,Valor:R$ 1.250.000,1250000.0,200.0,3.0,2.0,NULL,venda
https://www.brognoli.com.br/imovel/comprar-apartamentos-com-52m-2-quartos-no-bairro-vendaval-em-biguacu_A8-40986/,"Apartamentos com 52m², 2 quartos, 1 garagem, no bairro Vendaval em Biguaçu",Biguaçu/SC,Biguaçu,Vendaval,Rua Jordelino João Da Rosa,Valor:R$ 300.000,300000.0,52.0,2.0,1.0,NULL,venda
https://www.brognoli.com.br/imovel/comprar-terreno-comercial-residencial-com-6184m-no-bairro-bom-viver-em-biguacu_T32-38646/,"Terreno Comercial/Residencial com 6184m², no bairro Bom Viver em Biguaçu",Biguaçu/SC,Biguaçu,Bom Viver,Rua Adelino Machado,Valor:R$ 2.150.000,2150000.0,6184.0,NULL,NULL,NULL,venda
https://www.brognoli.com.br/imovel/alugar-apartamento-com-80m-2-quartos-no-bairro-estreito-em-florianopolis_9780/,"Apartamento com 80m², 2 quartos, 2 suítes, 2 garagens, no bairro Estreito em Florianópolis",Florianópolis/SC,Florianópolis,Estreito,Rua Santos Saraiva,Valor:R$ 4.200,4200.0,80.0,2.0,2.0,NULL,aluguel
https://www.brognoli.com.br/imovel/alugar-salas-conjuntos-com-32m-no-bairro-centro-em-florianopolis_9776/,"Salas/Conjuntos com 32m², no bairro Centro em Florianópolis",Florianópolis/SC,Florianópolis,Centro,Avenida Rio Branco,Valor:R$ 2.500,2500.0,32.0,NULL,NULL,NULL,aluguel
https://www.brognoli.com.br/imovel/alugar-apartamento-com-122m-3-quartos-no-bairro-itacorubi-em-florianopolis_9775/,"Apartamento com 122m², 3 quartos, 1 suíte, 2 garagens, no bairro Itacorubi em Florianópolis",Florianópolis/SC,Florianópolis,Itacorubi,Rodovia Admar Gonzaga,Valor:R$ 12.500,12500.0,122.0,3.0,2.0,NULL,aluguel
https://www.brognoli.com.br/imovel/alugar-apartamento-com-32m-1-quarto-no-bairro-trindade-em-florianopolis_9772/,"Apartamento com 32m², 1 quarto, no bairro Trindade em Florianópolis",Florianópolis/SC,Florianópolis,Trindade,Rua Professora Maria Flora Pausewang,Valor:R$ 4.500,4500.0,32.0,NULL,0.0,NULL,aluguel
https://www.brognoli.com.br/imovel/alugar-apartamento-com-32m-1-quarto-no-bairro-trindade-em-florianopolis_9771/,"Apartamento com 32m², 1 quarto, no bairro Trindade em Florianópolis",Florianópolis/SC,Florianópolis,Trindade,Rua Professora Maria Flora Pausewang,Valor:R$ 4.500,4500.0,32.0,NULL,0.0,NULL,aluguel
https://www.brognoli.com.br/imovel/alugar-apartamento-com-34m-1-quarto-no-bairro-trindade-em-florianopolis_9770/,"Apartamento com 34m², 1 quarto, no bairro Trindade em Florianópolis",Florianópolis/SC,Florianópolis,Trindade,Rua Professora Maria Flora Pausewang,Valor:R$ 4.700,4700.0,34.0,NULL,0.0,NULL,aluguel
https://www.brognoli.com.br/imovel/alugar-apartamento-com-36m-1-quarto-no-bairro-trindade-em-florianopolis_9769/,"Apartamento com 36m², 1 quarto, no bairro Trindade em Florianópolis",Florianópolis/SC,Florianópolis,Trindade,Rua Professora Maria Flora Pausewang,Valor:R$ 4.500,4500.0,36.0,NULL,0.0,NULL,aluguel
https://www.brognoli.com.br/imovel/alugar-apartamento-com-36m-1-quarto-no-bairro-trindade-em-florianopolis_9768/,"Apartamento com 36m², 1 quarto, no bairro Trindade em Florianópolis",Florianópolis/SC,Florianópolis,Trindade,Rua Professora Maria Flora Pausewang,Valor:R$ 4.500,4500.0,36.0,NULL,0.0,NULL,aluguel
https://www.brognoli.com.br/imovel/alugar-apartamento-com-123m-3-quartos-no-bairro-centro-em-florianopolis_9767/,"Apartamento com 123m², 3 quartos, 1 suíte, 2 garagens, no bairro Centro em Florianópolis",Florianópolis/SC,Florianópolis,Centro,Rua Almirante Lamego,Valor:R$ 6.900,6900.0,123.0,3.0,2.0,NULL,aluguel
https://www.brognoli.com.br/imovel/alugar-salas-conjuntos-com-27m-no-bairro-estreito-em-florianopolis_9766/,"Salas/Conjuntos com 27m², 1 garagem, no bairro Estreito em Florianópolis",Florianópolis/SC,Florianópolis,Estreito,Rua General Liberato Bittencourt,Valor:R$ 2.355,2355.0,27.0,NULL,1.0,NULL,aluguel
https://www.brognoli.com.br/imovel/alugar-apartamento-com-45m-1-quarto-no-bairro-centro-em-florianopolis_9765/,"Apartamento com 45m², 1 quarto, no bairro Centro em Florianópolis",Florianópolis/SC,Florianópolis,Centro,Rua Trajano,Valor:R$ 2.800,2800.0,45.0,NULL,0.0,NULL,aluguel
https://www.brognoli.com.br/imovel/alugar-salas-conjuntos-com-23m-no-bairro-centro-em-florianopolis_9762/,"Salas/Conjuntos com 23m², no bairro Centro em Florianópolis",Florianópolis/SC,Florianópolis,Centro,Rua Presidente Nereu Ramos,Valor:R$ 1.900,1900.0,23.0,NULL,NULL,NULL,aluguel
https://www.brognoli.com.br/imovel/alugar-casa-com-400m-no-bairro-trindade-em-florianopolis_9761/,"Casa com 400m², 6 garagens, no bairro Trindade em Florianópolis",Florianópolis/SC,Florianópolis,Trindade,Rua Cônego Bernardo,Valor:R$ 17.000,17000.0,400.0,NULL,6.0,NULL,aluguel
https://www.brognoli.com.br/imovel/alugar-casa-com-250m-4-quartos-no-bairro-corrego-grande-em-florianopolis_9759/,"Casa com 250m², 4 quartos, 2 suítes, 2 garagens, no bairro Córrego Grande em Florianópolis",Florianópolis/SC,Florianópolis,Córrego Grande,Rua Ravena,Valor:R$ 8.900,8900.0,250.0,4.0,2.0,NULL,aluguel
https://www.brognoli.com.br/imovel/alugar-apartamento-com-65m-2-quartos-no-bairro-itacorubi-em-florianopolis_9758/,"Apartamento com 65m², 2 quartos, 1 suíte, 1 garagem, no bairro Itacorubi em Florianópolis",Florianópolis/SC,Florianópolis,Itacorubi,Avenida Buriti,Valor:R$ 4.800,4800.0,65.0,2.0,1.0,NULL,aluguel
https://www.brognoli.com.br/imovel/alugar-apartamento-com-65m-2-quartos-no-bairro-itacorubi-em-florianopolis_9757/,"Apartamento com 65m², 2 quartos, 1 suíte, 1 garagem, no bairro Itacorubi em Florianópolis",Florianópolis/SC,Florianópolis,Itacorubi,Rua Acelon Pacheco Da Costa,Valor:R$ 4.200,4200.0,65.0,2.0,1.0,NULL,aluguel
https://www.brognoli.com.br/imovel/alugar-apartamento-com-113m-3-quartos-no-bairro-centro-em-florianopolis_9756/,"Apartamento com 113m², 3 quartos, 1 suíte, 1 garagem, no bairro Centro em Florianópolis",Florianópolis/SC,Florianópolis,Centro,Avenida Hercílio Luz,Valor:R$ 6.400,6400.0,113.0,3.0,1.0,NULL,aluguel
https://www.brognoli.com.br/imovel/alugar-sala-com-125m-no-bairro-saco-grande-em-florianopolis_9755/,"Sala com 125m², 1 garagem, no bairro Saco Grande em Florianópolis",Florianópolis/SC,Florianópolis,Saco Grande,Rodovia Virgílio Várzea,Valor:R$ 5.000,5000.0,125.0,NULL,1.0,NULL,aluguel
https://www.brognoli.com.br/imovel/alugar-sala-com-250m-no-bairro-saco-grande-em-florianopolis_9754/,"Sala com 250m², 2 garagens, no bairro Saco Grande em Florianópolis",Florianópolis/SC,Florianópolis,Saco Grande,Rodovia Virgílio Várzea,Valor:R$ 8.500,8500.0,250.0,NULL,2.0,NULL,aluguel
https://www.brognoli.com.br/imovel/alugar-loja-com-200m-no-bairro-saco-grande-em-florianopolis_9753/,"Loja com 200m², 2 garagens, no bairro Saco Grande em Florianópolis",Florianópolis/SC,Florianópolis,Saco Grande,Rodovia Virgílio Várzea,Valor:R$ 7.200,7200.0,200.0,NULL,2.0,NULL,aluguel
https://www.brognoli.com.br/imovel/alugar-apartamento-com-100m-3-quartos-no-bairro-centro-em-florianopolis_9752/,"Apartamento com 100m², 3 quartos, 1 suíte, 2 garagens, no bairro Centro em Florianópolis",Florianópolis/SC,Florianópolis,Centro,Praca Esteves Junior,Valor:R$ 8.600,8600.0,100.0,3.0,2.0,NULL,aluguel
https://www.brognoli.com.br/imovel/alugar-casa-com-220m-4-quartos-no-bairro-sambaqui-em-florianopolis_9749/,"Casa com 220m², 4 quartos, 3 suítes, 2 garagens, no bairro Sambaqui em Florianópolis",Florianópolis/SC,Florianópolis,Sambaqui,Rua Gécio De Souza E Silva,Valor:R$ 12.500,12500.0,220.0,4.0,2.0,NULL,aluguel
https://www.brognoli.com.br/imovel/alugar-loja-com-79m-no-bairro-trindade-em-florianopolis_9742/,"Loja com 79m², 1 garagem, no bairro Trindade em Florianópolis",Florianópolis/SC,Florianópolis,Trindade,Rua Lauro Linhares,Valor:R$ 8.500,8500.0,79.0,NULL,1.0,NULL,aluguel
https://www.brognoli.com.br/imovel/alugar-loja-com-77m-no-bairro-trindade-em-florianopolis_9741/,"Loja com 77m², 1 garagem, no bairro Trindade em Florianópolis",Florianópolis/SC,Florianópolis,Trindade,Rua Lauro Linhares,Valor:R$ 8.500,8500.0,77.0,NULL,1.0,NULL,aluguel
https://www.brognoli.com.br/imovel/alugar-loja-com-79m-no-bairro-trindade-em-florianopolis_9740/,"Loja com 79m², 2 garagens, no bairro Trindade em Florianópolis",Florianópolis/SC,Florianópolis,Trindade,Rua Lauro Linhares,Valor:R$ 9.000,9000.0,79.0,NULL,2.0,NULL,aluguel
https://www.brognoli.com.br/imovel/alugar-apartamento-com-87m-3-quartos-no-bairro-trindade-em-florianopolis_9739/,"Apartamento com 87m², 3 quartos, 1 suíte, 2 garagens, no bairro Trindade em Florianópolis",Florianópolis/SC,Florianópolis,Trindade,Rua Lauro Linhares,Valor:R$ 4.900,4900.0,87.0,3.0,2.0,NULL,aluguel
https://www.brognoli.com.br/imovel/alugar-casa-com-42m-1-quarto-no-bairro-agronomica-em-florianopolis_9738/,"Casa com 42m², 1 quarto, 1 garagem, no bairro Agronômica em Florianópolis",Florianópolis/SC,Florianópolis,Agronômica,Rua São Luiz Gonzaga,Valor:R$ 2.800,2800.0,42.0,NULL,1.0,NULL,aluguel
https://www.brognoli.com.br/imovel/alugar-apartamento-com-133m-3-quartos-no-bairro-joao-paulo-em-florianopolis_9737/,"Apartamento com 133m², 3 quartos, 3 suítes, 2 garagens, no bairro João Paulo em Florianópolis",Florianópolis/SC,Florianópolis,João Paulo,Rodovia João Paulo,Valor:R$ 8.000,8000.0,133.0,3.0,2.0,NULL,aluguel
https://www.brognoli.com.br/imovel/alugar-apartamento-com-34m-1-quarto-no-bairro-centro-em-florianopolis_9733/,"Apartamento com 34m², 1 quarto, 1 garagem, no bairro Centro em Florianópolis",Florianópolis/SC,Florianópolis,Centro,Avenida Rio Branco,Valor:R$ 4.900,4900.0,34.0,NULL,1.0,NULL,aluguel
https://www.brognoli.com.br/imovel/alugar-apartamento-com-95m-3-quartos-no-bairro-centro-em-florianopolis_9730/,"Apartamento com 95m², 3 quartos, 1 suíte, 1 garagem, no bairro Centro em Florianópolis",Florianópolis/SC,Florianópolis,Centro,Rua Hermann Blumenau,Valor:R$ 4.000,4000.0,95.0,3.0,1.0,NULL,aluguel
https://www.brognoli.com.br/imovel/alugar-apartamento-com-91m-3-quartos-no-bairro-joao-paulo-em-florianopolis_9729/,"Apartamento com 91m², 3 quartos, 1 suíte, 2 garagens, no bairro João Paulo em Florianópolis",Florianópolis/SC,Florianópolis,João Paulo,Rua Júlio Vieira,Valor:R$ 6.800,6800.0,91.0,3.0,2.0,NULL,aluguel
https://www.brognoli.com.br/imovel/alugar-sala-com-222m-no-bairro-trindade-em-florianopolis_9724/,"Sala com 222m², 4 garagens, no bairro Trindade em Florianópolis",Florianópolis/SC,Florianópolis,Trindade,Rua Lauro Linhares,Valor:R$ 12.500,12500.0,222.0,NULL,4.0,NULL,aluguel
https://www.brognoli.com.br/imovel/alugar-sala-com-111m-no-bairro-centro-em-florianopolis_9721/,"Sala com 111m², no bairro Centro em Florianópolis",Florianópolis/SC,Florianópolis,Centro,Rua Felipe Schmidt,Valor:R$ 3.500,3500.0,111.0,NULL,NULL,NULL,aluguel
https://www.brognoli.com.br/imovel/alugar-loja-com-85m-no-bairro-centro-em-florianopolis_9719/,"Loja com 85m², 1 garagem, no bairro Centro em Florianópolis",Florianópolis/SC,Florianópolis,Centro,Rua Crispim Mira,Valor:R$ 7.000,7000.0,85.0,NULL,1.0,NULL,aluguel
https://www.brognoli.com.br/imovel/alugar-apartamento-com-31m-1-quarto-no-bairro-trindade-em-florianopolis_9718/,"Apartamento com 31m², 1 quarto, no bairro Trindade em Florianópolis",Florianópolis/SC,Florianópolis,Trindade,Rua Professora Maria Flora Pausewang,Valor:R$ 3.500,3500.0,31.0,NULL,0.0,NULL,aluguel
https://www.brognoli.com.br/imovel/alugar-apartamento-com-60m-2-quartos-no-bairro-itacorubi-em-florianopolis_9717/,"Apartamento com 60m², 2 quartos, 1 garagem, no bairro Itacorubi em Florianópolis",Florianópolis/SC,Florianópolis,Itacorubi,Rua Acelon Pacheco Da Costa,Valor:R$ 2.500,2500.0,60.0,2.0,1.0,NULL,aluguel
https://www.brognoli.com.br/imovel/alugar-apartamento-com-60m-2-quartos-no-bairro-centro-em-florianopolis_9715/,"Apartamento com 60m², 2 quartos, 2 suítes, 1 garagem, no bairro Centro em Florianópolis",Florianópolis/SC,Florianópolis,Centro,Avenida Hercílio Luz,Valor:R$ 5.600,5600.0,60.0,2.0,1.0,NULL,aluguel
https://www.brognoli.com.br/imovel/alugar-apartamento-com-44m-2-quartos-no-bairro-centro-em-florianopolis_9708/,"Apartamento com 44m², 2 quartos, 1 garagem, no bairro Centro em Florianópolis",Florianópolis/SC,Florianópolis,Centro,Rua Felipe Schmidt,Valor:R$ 3.000,3000.0,44.0,2.0,1.0,NULL,aluguel
https://www.brognoli.com.br/imovel/alugar-apartamento-com-41m-1-quarto-no-bairro-centro-em-florianopolis_9707/,"Apartamento com 41m², 1 quarto, 1 garagem, no bairro Centro em Florianópolis",Florianópolis/SC,Florianópolis,Centro,Rua Felipe Schmidt,Valor:R$ 3.300,3300.0,41.0,NULL,1.0,NULL,aluguel
https://www.brognoli.com.br/imovel/alugar-loja-com-228m-no-bairro-trindade-em-florianopolis_9706/,"Loja com 228m², 4 garagens, no bairro Trindade em Florianópolis",Florianópolis/SC,Florianópolis,Trindade,Rua Lauro Linhares,Valor:R$ 25.000,25000.0,228.0,NULL,4.0,NULL,aluguel
https://www.brognoli.com.br/imovel/alugar-apartamento-com-91m-2-quartos-no-bairro-agronomica-em-florianopolis_9705/,"Apartamento com 91m², 2 quartos, 1 suíte, 2 garagens, no bairro Agronômica em Florianópolis",Florianópolis/SC,Florianópolis,Agronômica,Rua Frei Caneca,Valor:R$ 6.700,6700.0,91.0,2.0,2.0,NULL,aluguel
https://www.brognoli.com.br/imovel/alugar-casa-com-500m-3-quartos-no-bairro-cacupe-em-florianopolis_9699/,"Casa com 500m², 3 quartos, 3 suítes, 5 garagens, no bairro Cacupé em Florianópolis",Florianópolis/SC,Florianópolis,Cacupé,Estrada Haroldo Soares Glavan,Valor:R$ 20.000,20000.0,500.0,3.0,5.0,NULL,aluguel
https://www.brognoli.com.br/imovel/alugar-sala-com-64m-no-bairro-centro-em-florianopolis_9693/,"Sala com 64m², no bairro Centro em Florianópolis",Florianópolis/SC,Florianópolis,Centro,Rua Felipe Schmidt,Valor:R$ 1.400,1400.0,64.0,NULL,NULL,NULL,aluguel
https://www.brognoli.com.br/imovel/alugar-sala-com-64m-no-bairro-centro-em-florianopolis_9692/,"Sala com 64m², no bairro Centro em Florianópolis",Florianópolis/SC,Florianópolis,Centro,Rua Felipe Schmidt,Valor:R$ 1.400,1400.0,64.0,NULL,NULL,NULL,aluguel
https://www.brognoli.com.br/imovel/alugar-loja-com-34m-no-bairro-jurere-em-florianopolis_9689/,"Loja com 34m², no bairro Jurerê em Florianópolis",Florianópolis/SC,Florianópolis,Jurerê,Rua Professor Heinz Braunsperger,Valor:R$ 3.800,3800.0,34.0,NULL,NULL,NULL,aluguel
https://www.brognoli.com.br/imovel/alugar-apartamento-com-168m-2-quartos-no-bairro-jurere-internacional-em-florianopolis_9685/,"Apartamento com 168m², 2 quartos, 2 suítes, 2 garagens, no bairro Jurerê Internacional em Florianópolis",Florianópolis/SC,Florianópolis,Jurerê Internacional,Avenida Dos Búzios,Valor:R$ 18.000,18000.0,168.0,2.0,2.0,NULL,aluguel
https://www.brognoli.com.br/imovel/alugar-apartamento-com-109m-3-quartos-no-bairro-jurere-em-florianopolis_9684/,"Apartamento com 109m², 3 quartos, 3 suítes, 2 garagens, no bairro Jurerê em Florianópolis",Florianópolis/SC,Florianópolis,Jurerê,Rodovia Tertuliano Brito Xavier,Valor:R$ 8.990,8990.0,109.0,3.0,2.0,NULL,aluguel
https://www.brognoli.com.br/imovel/alugar-predio-com-180m-no-bairro-centro-em-florianopolis_9674/,"Prédio com 180m², no bairro Centro em Florianópolis",Florianópolis/SC,Florianópolis,Centro,Rua Tenente Silveira,Valor:R$ 12.900,12900.0,180.0,NULL,NULL,NULL,aluguel
https://www.brognoli.com.br/imovel/alugar-sala-com-80m-no-bairro-centro-em-florianopolis_9672/,"Sala com 80m², no bairro Centro em Florianópolis",Florianópolis/SC,Florianópolis,Centro,Avenida Hercílio Luz,Valor:R$ 2.000,2000.0,80.0,NULL,NULL,NULL,aluguel
https://www.brognoli.com.br/imovel/alugar-sala-com-50m-no-bairro-centro-em-florianopolis_9668/,"Sala com 50m², no bairro Centro em Florianópolis",Florianópolis/SC,Florianópolis,Centro,Rua Emilio Blum,Valor:R$ 2.500,2500.0,50.0,NULL,NULL,NULL,aluguel
https://www.brognoli.com.br/imovel/alugar-apartamento-com-80m-2-quartos-no-bairro-trindade-em-florianopolis_9666/,"Apartamento com 80m², 2 quartos, 1 suíte, 1 garagem, no bairro Trindade em Florianópolis",Florianópolis/SC,Florianópolis,Trindade,Rua Professor Milton Roque Ramos Krieger,Valor:R$ 3.100,3100.0,80.0,2.0,1.0,NULL,aluguel
https://www.brognoli.com.br/imovel/alugar-apartamento-com-253m-3-quartos-no-bairro-centro-em-florianopolis_9665/,"Apartamento com 253m², 3 quartos, 1 suíte, 2 garagens, no bairro Centro em Florianópolis",Florianópolis/SC,Florianópolis,Centro,Rua Desembargador Urbano Salles,Valor:R$ 6.900,6900.0,253.0,3.0,2.0,NULL,aluguel
https://www.brognoli.com.br/imovel/alugar-apartamento-com-219m-3-quartos-no-bairro-agronomica-em-florianopolis_9655/,"Apartamento com 219m², 3 quartos, 1 suíte, 2 garagens, no bairro Agronômica em Florianópolis",Florianópolis/SC,Florianópolis,Agronômica,Avenida Governador Irineu Bornhausen,Valor:R$ 15.000,15000.0,219.0,3.0,2.0,NULL,aluguel
https://www.brognoli.com.br/imovel/alugar-apartamento-com-31m-1-quarto-no-bairro-centro-em-florianopolis_9652/,"Apartamento com 31m², 1 quarto, 1 garagem, no bairro Centro em Florianópolis",Florianópolis/SC,Florianópolis,Centro,Rua Ângelo La Porta,Valor:R$ 3.990,3990.0,31.0,NULL,1.0,NULL,aluguel
https://www.brognoli.com.br/imovel/alugar-apartamento-com-75m-1-quarto-no-bairro-coqueiros-em-florianopolis_9640/,"Apartamento com 75m², 1 quarto, 1 garagem, no bairro Coqueiros em Florianópolis",Florianópolis/SC,Florianópolis,Coqueiros,Rua Marques De Carvalho,Valor:R$ 4.500,4500.0,75.0,NULL,1.0,NULL,aluguel
https://www.brognoli.com.br/imovel/alugar-apartamento-com-39m-1-quarto-no-bairro-trindade-em-florianopolis_9622/,"Apartamento com 39m², 1 quarto, no bairro Trindade em Florianópolis",Florianópolis/SC,Florianópolis,Trindade,Rua Professora Maria Flora Pausewang,Valor:R$ 4.700,4700.0,39.0,NULL,0.0,NULL,aluguel
https://www.brognoli.com.br/imovel/alugar-apartamento-com-30m-1-quarto-no-bairro-trindade-em-florianopolis_9616/,"Apartamento com 30m², 1 quarto, no bairro Trindade em Florianópolis",Florianópolis/SC,Florianópolis,Trindade,Rua Professora Maria Flora Pausewang,Valor:R$ 3.900,3900.0,30.0,NULL,0.0,NULL,aluguel
https://www.brognoli.com.br/imovel/alugar-sala-com-91m-no-bairro-centro-em-florianopolis_9603/,"Sala com 91m², no bairro Centro em Florianópolis",Florianópolis/SC,Florianópolis,Centro,Rua Felipe Schmidt,Valor:R$ 3.100,3100.0,91.0,NULL,NULL,NULL,aluguel
https://www.brognoli.com.br/imovel/alugar-apartamento-com-35m-1-quarto-no-bairro-trindade-em-florianopolis_9597/,"Apartamento com 35m², 1 quarto, 1 garagem, no bairro Trindade em Florianópolis",Florianópolis/SC,Florianópolis,Trindade,Rua Professora Maria Flora Pausewang,Valor:R$ 4.900,4900.0,35.0,NULL,1.0,NULL,aluguel
https://www.brognoli.com.br/imovel/alugar-apartamento-com-33m-1-quarto-no-bairro-trindade-em-florianopolis_9596/,"Apartamento com 33m², 1 quarto, 1 garagem, no bairro Trindade em Florianópolis",Florianópolis/SC,Florianópolis,Trindade,Rua Professora Maria Flora Pausewang,Valor:R$ 4.700,4700.0,33.0,NULL,1.0,NULL,aluguel
https://www.brognoli.com.br/imovel/alugar-apartamento-com-38m-1-quarto-no-bairro-saco-dos-limoes-em-florianopolis_9584/,"Apartamento com 38m², 1 quarto, 1 garagem, no bairro Saco dos Limões em Florianópolis",Florianópolis/SC,Florianópolis,Saco Dos Limões,Rua João Motta Espezim,Valor:R$ 3.300,3300.0,38.0,NULL,1.0,NULL,aluguel
https://www.brognoli.com.br/imovel/alugar-apartamento-com-60m-2-quartos-no-bairro-centro-em-florianopolis_9579/,"Apartamento com 60m², 2 quartos, 2 suítes, 2 garagens, no bairro Centro em Florianópolis",Florianópolis/SC,Florianópolis,Centro,Avenida Hercílio Luz,Valor:R$ 5.400,5400.0,60.0,2.0,2.0,NULL,aluguel
https://www.brognoli.com.br/imovel/alugar-salas-conjuntos-com-66m-no-bairro-centro-em-florianopolis_9578/,"Salas/Conjuntos com 66m², no bairro Centro em Florianópolis",Florianópolis/SC,Florianópolis,Centro,Avenida Pref. Osmar Cunha,Valor:R$ 2.300,2300.0,66.0,NULL,NULL,NULL,aluguel
https://www.brognoli.com.br/imovel/alugar-apartamento-com-73m-2-quartos-no-bairro-agronomica-em-florianopolis_9567/,"Apartamento com 73m², 2 quartos, 2 suítes, 2 garagens, no bairro Agronômica em Florianópolis",Florianópolis/SC,Florianópolis,Agronômica,Rua Padre Schrader,Valor:R$ 5.800,5800.0,73.0,2.0,2.0,NULL,aluguel
https://www.brognoli.com.br/imovel/alugar-sala-com-38m-no-bairro-centro-em-florianopolis_9534/,"Sala com 38m², no bairro Centro em Florianópolis",Florianópolis/SC,Florianópolis,Centro,Rua Tenente Silveira,Valor:R$ 1.400,1400.0,38.0,NULL,NULL,NULL,aluguel
https://www.brognoli.com.br/imovel/alugar-apartamento-com-86m-3-quartos-no-bairro-centro-em-florianopolis_9533/,"Apartamento com 86m², 3 quartos, 1 suíte, 1 garagem, no bairro Centro em Florianópolis",Florianópolis/SC,Florianópolis,Centro,Rua Cristóvão Nunes Pires,Valor:R$ 4.700,4700.0,86.0,3.0,1.0,NULL,aluguel
https://www.brognoli.com.br/imovel/alugar-sala-com-52m-no-bairro-centro-em-florianopolis_9532/,"Sala com 52m², no bairro Centro em Florianópolis",Florianópolis/SC,Florianópolis,Centro,Rua Praca Quinze De Novembro,Valor:R$ 1.150,1150.0,52.0,NULL,NULL,NULL,aluguel
https://www.brognoli.com.br/imovel/alugar-apartamento-com-116m-3-quartos-no-bairro-trindade-em-florianopolis_9531/,"Apartamento com 116m², 3 quartos, 3 suítes, 2 garagens, no bairro Trindade em Florianópolis",Florianópolis/SC,Florianópolis,Trindade,Rua Professor Milton Roque Ramos Krieger,Valor:R$ 5.750,5750.0,116.0,3.0,2.0,NULL,aluguel
https://www.brognoli.com.br/imovel/alugar-salas-conjuntos-com-32m-no-bairro-canto-em-florianopolis_9526/,"Salas/Conjuntos com 32m², 1 garagem, no bairro Canto em Florianópolis",Florianópolis/SC,Florianópolis,Canto,Rua General Liberato Bittencourt,Valor:R$ 2.775,2775.0,32.0,NULL,1.0,NULL,aluguel
https://www.brognoli.com.br/imovel/alugar-sala-com-46m-no-bairro-centro-em-florianopolis_9524/,"Sala com 46m², 1 garagem, no bairro Centro em Florianópolis",Florianópolis/SC,Florianópolis,Centro,Rua Emilio Blum,Valor:R$ 3.000,3000.0,46.0,NULL,1.0,NULL,aluguel
https://www.brognoli.com.br/imovel/alugar-apartamento-com-90m-3-quartos-no-bairro-jurere-em-florianopolis_9511/,"Apartamento com 90m², 3 quartos, 2 suítes, 2 garagens, no bairro Jurerê em Florianópolis",Florianópolis/SC,Florianópolis,Jurerê,Avenida Dos Dourados,Valor:R$ 10.300,10300.0,90.0,3.0,2.0,NULL,aluguel
https://www.brognoli.com.br/imovel/alugar-apartamento-com-278m-2-quartos-no-bairro-centro-em-florianopolis_9507/,"Apartamento com 278m², 2 quartos, 2 suítes, 2 garagens, no bairro Centro em Florianópolis",Florianópolis/SC,Florianópolis,Centro,Rua São Jorge,Valor:R$ 7.500,7500.0,278.0,2.0,2.0,NULL,aluguel
https://www.brognoli.com.br/imovel/alugar-loja-com-39m-no-bairro-centro-em-florianopolis_9488/,"Loja com 39m², 1 garagem, no bairro Centro em Florianópolis",Florianópolis/SC,Florianópolis,Centro,Avenida Hercílio Luz,Valor:R$ 5.000,5000.0,39.0,NULL,1.0,NULL,aluguel
https://www.brognoli.com.br/imovel/alugar-predio-com-20m-no-bairro-centro-em-florianopolis_9482/,"Prédio com 20m², 5 garagens, no bairro Centro em Florianópolis",Florianópolis/SC,Florianópolis,Centro,Rua Professor Herminio Jacques,Valor:R$ 12.900,12900.0,20.0,NULL,5.0,NULL,aluguel
https://www.brognoli.com.br/imovel/alugar-salas-conjuntos-com-35m-no-bairro-centro-em-florianopolis_9460/,"Salas/Conjuntos com 35m², no bairro Centro em Florianópolis",Florianópolis/SC,Florianópolis,Centro,Rua Conselheiro Mafra,Valor:R$ 1.100,1100.0,35.0,NULL,NULL,NULL,aluguel
https://www.brognoli.com.br/imovel/comprar-studio-residencial-com-36m-1-quarto-no-bairro-trindade-em-florianopolis_ST149-57671/,"Studio Residencial com 36m², 1 quarto, 1 garagem, no bairro Trindade em Florianópolis",Florianópolis/SC,Florianópolis,Trindade,Rua Professor Simão José Hess,Valor:R$ 839.800,839800.0,36.0,NULL,1.0,NULL,venda
https://www.brognoli.com.br/imovel/comprar-studio-residencial-com-44m-1-quarto-no-bairro-trindade-em-florianopolis_ST149-57670/,"Studio Residencial com 44m², 1 quarto, 1 garagem, no bairro Trindade em Florianópolis",Florianópolis/SC,Florianópolis,Trindade,Rua Professor Simão José Hess,Valor:R$ 970.084,970084.0,44.0,NULL,1.0,NULL,venda
https://www.brognoli.com.br/imovel/comprar-apartamentos-com-69m-2-quartos-no-bairro-itacorubi-em-florianopolis_A42-57653/,"Apartamentos com 69m², 2 quartos, 1 suíte, 2 garagens, no bairro Itacorubi em Florianópolis",Florianópolis/SC,Florianópolis,Itacorubi,Rua Pastor William Richard Schisler Filho,Valor:R$ 930.000,930000.0,69.0,2.0,2.0,NULL,venda
https://www.brognoli.com.br/imovel/comprar-apartamentos-com-99m-3-quartos-no-bairro-centro-em-florianopolis_A17-57654/,"Apartamentos com 99m², 3 quartos, no bairro Centro em Florianópolis",Florianópolis/SC,Florianópolis,Centro,Rua Vidal Ramos,Valor:R$ 1.062.000,1062000.0,99.0,3.0,NULL,NULL,venda
https://www.brognoli.com.br/imovel/comprar-apartamentos-com-66m-2-quartos-no-bairro-itacorubi-em-florianopolis_A42-57660/,"Apartamentos com 66m², 2 quartos, 1 suíte, 1 garagem, no bairro Itacorubi em Florianópolis",Florianópolis/SC,Florianópolis,Itacorubi,Servidão Recanto Verde,Valor:R$ 940.000,940000.0,66.0,2.0,1.0,NULL,venda
https://www.brognoli.com.br/imovel/comprar-apartamentos-com-56m-2-quartos-no-bairro-itacorubi-em-florianopolis_A78-57661/,"Apartamentos com 56m², 2 quartos, 1 garagem, no bairro Itacorubi em Florianópolis",Florianópolis/SC,Florianópolis,Itacorubi,Rodovia Admar Gonzaga,Valor:R$ 580.000,580000.0,56.0,2.0,1.0,NULL,venda
https://www.brognoli.com.br/imovel/comprar-apartamentos-com-94m-2-quartos-no-bairro-centro-em-florianopolis_A122-57658/,"Apartamentos com 94m², 2 quartos, 1 suíte, 1 garagem, no bairro Centro em Florianópolis",Florianópolis/SC,Florianópolis,Centro,Rua Visconde De Ouro Preto,Valor:R$ 970.000,970000.0,94.0,2.0,1.0,NULL,venda
https://www.brognoli.com.br/imovel/comprar-studio-residencial-com-44m-1-quarto-no-bairro-trindade-em-florianopolis_ST149-57666/,"Studio Residencial com 44m², 1 quarto, 1 garagem, no bairro Trindade em Florianópolis",Florianópolis/SC,Florianópolis,Trindade,Rua Professor Simão José Hess,Valor:R$ 934.378,934378.0,44.0,NULL,1.0,NULL,venda
https://www.brognoli.com.br/imovel/comprar-studio-residencial-com-44m-1-quarto-no-bairro-trindade-em-florianopolis_ST149-57668/,"Studio Residencial com 44m², 1 quarto, 1 garagem, no bairro Trindade em Florianópolis",Florianópolis/SC,Florianópolis,Trindade,Rua Professor Simão José Hess,Valor:R$ 884.681,884681.0,44.0,NULL,1.0,NULL,venda
https://www.brognoli.com.br/imovel/comprar-studio-residencial-com-33m-1-quarto-no-bairro-trindade-em-florianopolis_ST149-57669/,"Studio Residencial com 33m², 1 quarto, 1 garagem, no bairro Trindade em Florianópolis",Florianópolis/SC,Florianópolis,Trindade,Rua Professor Simão José Hess,Valor:R$ 760.297,760297.0,33.0,NULL,1.0,NULL,venda
https://www.brognoli.com.br/imovel/comprar-studio-residencial-com-34m-1-quarto-no-bairro-trindade-em-florianopolis_ST149-57665/,"Studio Residencial com 34m², 1 quarto, 1 garagem, no bairro Trindade em Florianópolis",Florianópolis/SC,Florianópolis,Trindade,Rua Professor Simão José Hess,Valor:R$ 736.548,736548.0,34.0,NULL,1.0,NULL,venda
https://www.brognoli.com.br/imovel/comprar-apartamentos-com-106m-3-quartos-no-bairro-centro-em-florianopolis_A1-57650/,"Apartamentos com 106m², 3 quartos, 1 suíte, 1 garagem, no bairro Centro em Florianópolis",Florianópolis/SC,Florianópolis,Centro,Rua Presidente Nereu Ramos,Valor:R$ 980.000,980000.0,106.0,3.0,1.0,NULL,venda
https://www.brognoli.com.br/imovel/comprar-apartamentos-com-82m-3-quartos-no-bairro-itacorubi-em-florianopolis_A42-57648/,"Apartamentos com 82m², 3 quartos, 1 suíte, 2 garagens, no bairro Itacorubi em Florianópolis",Florianópolis/SC,Florianópolis,Itacorubi,Rodovia Admar Gonzaga,Valor:R$ 1.200.000,1200000.0,82.0,3.0,2.0,NULL,venda
https://www.brognoli.com.br/imovel/comprar-casa-residencial-com-200m-3-quartos-no-bairro-rio-tavares-em-florianopolis_C60-57649/,"Casa Residencial com 200m², 3 quartos, 1 suíte, 4 garagens, no bairro Rio Tavares em Florianópolis",Florianópolis/SC,Florianópolis,Rio Tavares,Rua Mar Do Leste,Valor:R$ 1.490.000,1490000.0,200.0,3.0,4.0,NULL,venda
https://www.brognoli.com.br/imovel/comprar-terrenos-residenciais-com-360m-no-bairro-vargem-grande-em-florianopolis_T84-57643/,"Terrenos Residenciais com 360m², no bairro Vargem Grande em Florianópolis",Florianópolis/SC,Florianópolis,Vargem Grande,Estrada Cristóvão Machado De Campos,Valor:R$ 480.000,480000.0,360.0,NULL,NULL,NULL,venda
https://www.brognoli.com.br/imovel/comprar-casa-residencial-com-289m-3-quartos-no-bairro-lagoa-da-conceicao-em-florianopolis_C50-57641/,"Casa Residencial com 289m², 3 quartos, 3 suítes, 2 garagens, no bairro Lagoa Da Conceição em Florianópolis",Florianópolis/SC,Florianópolis,Flor,Rua Do Beija,Valor:R$ 3.850.000,3850000.0,289.0,3.0,2.0,NULL,venda
https://www.brognoli.com.br/imovel/comprar-apartamentos-com-75m-2-quartos-no-bairro-ingleses-em-florianopolis_A51-57639/,"Apartamentos com 75m², 2 quartos, 2 suítes, 1 garagem, no bairro Ingleses em Florianópolis",Florianópolis/SC,Florianópolis,Ingleses,Rua Brisamar,Valor:R$ 820.000,820000.0,75.0,2.0,1.0,NULL,venda
https://www.brognoli.com.br/imovel/comprar-apartamentos-com-109m-3-quartos-no-bairro-corrego-grande-em-florianopolis_A42-57630/,"Apartamentos com 109m², 3 quartos, 1 suíte, 1 garagem, no bairro Córrego Grande em Florianópolis",Florianópolis/SC,Florianópolis,Córrego Grande,Rua João Pio Duarte Silva,Valor:R$ 1.150.000,1150000.0,109.0,3.0,1.0,NULL,venda
https://www.brognoli.com.br/imovel/comprar-apartamentos-com-303m-3-quartos-no-bairro-agronomica-em-florianopolis_A31-57631/,"Apartamentos com 303m², 3 quartos, 3 suítes, 3 garagens, no bairro Agronômica em Florianópolis",Florianópolis/SC,Florianópolis,Agronômica,Rua Rui Barbosa,Valor:R$ 4.000.000,4000000.0,303.0,3.0,3.0,NULL,venda
https://www.brognoli.com.br/imovel/comprar-apartamentos-com-28m-1-quarto-no-bairro-centro-em-florianopolis_A5-57629/,"Apartamentos com 28m², 1 quarto, no bairro Centro em Florianópolis",Florianópolis/SC,Florianópolis,Centro,Rua João Pinto,Valor:R$ 350.000,350000.0,28.0,NULL,0.0,NULL,venda
https://www.brognoli.com.br/imovel/comprar-casa-residencial-com-155m-3-quartos-no-bairro-campeche-em-florianopolis_C67-57627/,"Casa Residencial com 155m², 3 quartos, 1 suíte, 2 garagens, no bairro Campeche em Florianópolis",Florianópolis/SC,Florianópolis,Campeche,Servidão Utinga,Valor:R$ 1.780.000,1780000.0,155.0,3.0,2.0,NULL,venda
https://www.brognoli.com.br/imovel/comprar-terrenos-residenciais-com-270m-no-bairro-campeche-em-florianopolis_T67-57628/,"Terrenos Residenciais com 270m², no bairro Campeche em Florianópolis",Florianópolis/SC,Florianópolis,Campeche,Servidão Utinga,Valor:R$ 740.000,740000.0,270.0,NULL,NULL,NULL,venda
https://www.brognoli.com.br/imovel/comprar-casa-residencial-com-316m-4-quartos-no-bairro-saco-dos-limoes-em-florianopolis_C6-57617/,"Casa Residencial com 316m², 4 quartos, 1 suíte, 2 garagens, no bairro Saco Dos Limões em Florianópolis",Florianópolis/SC,Florianópolis,Saco Dos Limões,Rua Luiz Pedro Ferreira,Valor:R$ 2.850.000,2850000.0,316.0,4.0,2.0,NULL,venda
https://www.brognoli.com.br/imovel/comprar-apartamentos-com-51m-1-quarto-no-bairro-cachoeira-do-bom-jesus-em-florianopolis_A43-57619/,"Apartamentos com 51m², 1 quarto, 1 suíte, 1 garagem, no bairro Cachoeira Do Bom Jesus em Florianópolis",Florianópolis/SC,Florianópolis,Cachoeira Do Bom Jesus,Rua Da Caliandra Rosa,Valor:R$ 530.000,530000.0,51.0,NULL,1.0,NULL,venda
https://www.brognoli.com.br/imovel/comprar-studio-residencial-com-40m-1-quarto-no-bairro-santo-antonio-de-lisboa-em-florianopolis_A60-57625/,"Studio Residencial com 40m², 1 quarto, 1 garagem, no bairro Santo Antônio De Lisboa em Florianópolis",Florianópolis/SC,Florianópolis,Santo Antônio De Lisboa,Estrada Caminho Dos Açores,Valor:R$ 840.000,840000.0,40.0,NULL,1.0,NULL,venda
https://www.brognoli.com.br/imovel/comprar-apartamentos-com-63m-3-quartos-no-bairro-capoeiras-em-florianopolis_A90-57626/,"Apartamentos com 63m², 3 quartos, 1 garagem, no bairro Capoeiras em Florianópolis",Florianópolis/SC,Florianópolis,Capoeiras,Rua Professora Áurea Cruz,Valor:R$ 415.000,415000.0,63.0,3.0,1.0,NULL,venda
https://www.brognoli.com.br/imovel/comprar-apartamentos-com-98m-3-quartos-no-bairro-centro-em-florianopolis_A83-57615/,"Apartamentos com 98m², 3 quartos, 1 suíte, 2 garagens, no bairro Centro em Florianópolis",Florianópolis/SC,Florianópolis,Centro,Rua Esteves Júnior,Valor:R$ 2.200.000,2200000.0,98.0,3.0,2.0,NULL,venda
https://www.brognoli.com.br/imovel/comprar-sala-com-35m-no-bairro-agronomica-em-florianopolis_S91-57621/,"Sala com 35m², 1 garagem, no bairro Agronômica em Florianópolis",Florianópolis/SC,Florianópolis,Agronômica,Rua Idalina Pereira Dos Santos,Valor:R$ 360.000,360000.0,35.0,NULL,1.0,NULL,venda
https://www.brognoli.com.br/imovel/comprar-apartamentos-com-46m-1-quarto-no-bairro-trindade-em-florianopolis_A95-57623/,"Apartamentos com 46m², 1 quarto, 1 garagem, no bairro Trindade em Florianópolis",Florianópolis/SC,Florianópolis,Trindade,Rua Lauro Linhares,Valor:R$ 415.000,415000.0,46.0,NULL,1.0,NULL,venda
https://www.brognoli.com.br/imovel/comprar-apartamentos-com-64m-2-quartos-no-bairro-centro-em-florianopolis_A155-57611/,"Apartamentos com 64m², 2 quartos, 1 garagem, no bairro Centro em Florianópolis",Florianópolis/SC,Florianópolis,Centro,Rua Esteves Júnior,Valor:R$ 780.000,780000.0,64.0,2.0,1.0,NULL,venda
https://www.brognoli.com.br/imovel/comprar-apartamentos-com-48m-1-quarto-no-bairro-ingleses-do-rio-vermelho-em-florianopolis_A72-57610/,"Apartamentos com 48m², 1 quarto, 1 garagem, no bairro Ingleses do Rio Vermelho em Florianópolis",Florianópolis/SC,Florianópolis,Ingleses Do Rio Vermelho,Rua Brisamar,Valor:R$ 560.000,560000.0,48.0,NULL,1.0,NULL,venda
https://www.brognoli.com.br/imovel/comprar-apartamentos-com-74m-2-quartos-no-bairro-centro-em-florianopolis_A1-57614/,"Apartamentos com 74m², 2 quartos, 1 suíte, 1 garagem, no bairro Centro em Florianópolis",Florianópolis/SC,Florianópolis,Centro,Rua Professor Herminio Jacques,Valor:R$ 1.550.000,1550000.0,74.0,2.0,1.0,NULL,venda
https://www.brognoli.com.br/imovel/comprar-apartamentos-com-75m-2-quartos-no-bairro-ingleses-em-florianopolis_A51-57604/,"Apartamentos com 75m², 2 quartos, 1 suíte, 1 garagem, no bairro Ingleses em Florianópolis",Florianópolis/SC,Florianópolis,Ingleses,Rua Das Gaivotas,Valor:R$ 699.000,699000.0,75.0,2.0,1.0,NULL,venda
https://www.brognoli.com.br/imovel/comprar-sobrado-residencial-com-92m-2-quartos-no-bairro-sao-joao-do-rio-vermelho-em-florianopolis_C76-57597/,"Sobrado Residencial com 92m², 2 quartos, 1 suíte, 2 garagens, no bairro São João Do Rio Vermelho em Florianópolis",Florianópolis/SC,Florianópolis,São João Do Rio Vermelho,Rua Hércules,Valor:R$ 619.000,619000.0,92.0,2.0,2.0,NULL,venda
https://www.brognoli.com.br/imovel/comprar-studio-residencial-com-15m-1-quarto-no-bairro-carvoeira-em-florianopolis_ST76-57598/,"Studio Residencial com 15m², 1 quarto, no bairro Carvoeira em Florianópolis",Florianópolis/SC,Florianópolis,Carvoeira,Avenida César Seara,Valor:R$ 410.000,410000.0,15.0,NULL,0.0,NULL,venda
https://www.brognoli.com.br/imovel/comprar-casa-em-condominio-com-600m-3-quartos-no-bairro-cacupe-em-florianopolis_C7357600/,"Casa em Condomínio com 600m², 3 quartos, 3 suítes, 4 garagens, no bairro Cacupe em Florianópolis",Florianópolis/SC,Florianópolis,Cacupe,Estrada Haroldo Soares Glavan,Valor:R$ 6.950.000,6950000.0,600.0,3.0,4.0,NULL,venda
https://www.brognoli.com.br/imovel/comprar-apartamentos-com-89m-2-quartos-no-bairro-campeche-em-florianopolis_A73-57602/,"Apartamentos com 89m², 2 quartos, 1 suíte, 1 garagem, no bairro Campeche em Florianópolis",Florianópolis/SC,Florianópolis,Campeche,Avenida Campeche,Valor:R$ 1.700.000,1700000.0,89.0,2.0,1.0,NULL,venda
https://www.brognoli.com.br/imovel/comprar-casa-residencial-com-184m-3-quartos-no-bairro-campeche-em-florianopolis_C65-57605/,"Casa Residencial com 184m², 3 quartos, 1 suíte, 1 garagem, no bairro Campeche em Florianópolis",Florianópolis/SC,Florianópolis,Campeche,Rua Coruja Dourada,Valor:R$ 1.300.000,1300000.0,184.0,3.0,1.0,NULL,venda
https://www.brognoli.com.br/imovel/comprar-apartamentos-com-91m-3-quartos-no-bairro-capoeiras-em-florianopolis_A37-57596/,"Apartamentos com 91m², 3 quartos, 1 garagem, no bairro Capoeiras em Florianópolis",Florianópolis/SC,Florianópolis,Capoeiras,Rua Dom Pedro I,Valor:R$ 400.000,400000.0,91.0,3.0,1.0,NULL,venda
https://www.brognoli.com.br/imovel/comprar-apartamentos-com-78m-3-quartos-no-bairro-estreito-em-florianopolis_A149-57607/,"Apartamentos com 78m², 3 quartos, 1 suíte, 1 garagem, no bairro Estreito em Florianópolis",Florianópolis/SC,Florianópolis,Estreito,Rua Professora Antonieta De Barros,Valor:R$ 460.000,460000.0,78.0,3.0,1.0,NULL,venda
https://www.brognoli.com.br/imovel/comprar-apartamentos-com-92m-3-quartos-no-bairro-centro-em-florianopolis_A6-57608/,"Apartamentos com 92m², 3 quartos, 1 garagem, no bairro Centro em Florianópolis",Florianópolis/SC,Florianópolis,Centro,Avenida Hercílio Luz,Valor:R$ 720.000,720000.0,92.0,3.0,1.0,NULL,venda
https://www.brognoli.com.br/imovel/comprar-apartamentos-com-53m-2-quartos-no-bairro-centro-em-florianopolis_A122-57601/,"Apartamentos com 53m², 2 quartos, no bairro Centro em Florianópolis",Florianópolis/SC,Florianópolis,Centro,Avenida Prefeito Osmar Cunha,Valor:R$ 560.000,560000.0,53.0,2.0,NULL,NULL,venda
https://www.brognoli.com.br/imovel/comprar-casa-residencial-com-123m-3-quartos-no-bairro-ingleses-do-rio-vermelho-em-florianopolis_C43-57591/,"Casa Residencial com 123m², 3 quartos, 3 garagens, no bairro Ingleses do Rio Vermelho em Florianópolis",Florianópolis/SC,Florianópolis,Ingleses Do Rio Vermelho,Servidão José Manoel Pacifico,Valor:R$ 990.000,990000.0,123.0,3.0,3.0,NULL,venda
https://www.brognoli.com.br/imovel/comprar-terrenos-residenciais-com-226m-no-bairro-armacao-do-pantano-do-sul-em-florianopolis_T28-57586/,"Terrenos Residenciais com 226m², no bairro Armação Do Pântano Do Sul em Florianópolis",Florianópolis/SC,Florianópolis,Armação Do Pântano Do Sul,Rodovia Francisco Thomas Dos Santos,Valor:R$ 650.000,650000.0,226.0,NULL,NULL,NULL,venda
https://www.brognoli.com.br/imovel/comprar-apartamentos-com-69m-2-quartos-no-bairro-centro-em-florianopolis_A6-57594/,"Apartamentos com 69m², 2 quartos, 1 suíte, 1 garagem, no bairro Centro em Florianópolis",Florianópolis/SC,Florianópolis,Centro,Rua Irmão Joaquim,Valor:R$ 1.100.000,1100000.0,69.0,2.0,1.0,NULL,venda
https://www.brognoli.com.br/imovel/comprar-casa-residencial-com-182m-3-quartos-no-bairro-campeche-em-florianopolis_C65-57593/,"Casa Residencial com 182m², 3 quartos, 1 suíte, 1 garagem, no bairro Campeche em Florianópolis",Florianópolis/SC,Florianópolis,Campeche,Rua Coruja Dourada,Valor:R$ 1.500.000,1500000.0,182.0,3.0,1.0,NULL,venda
https://www.brognoli.com.br/imovel/comprar-apartamentos-com-58m-2-quartos-no-bairro-vargem-do-bom-jesus-em-florianopolis_A83-57585/,"Apartamentos com 58m², 2 quartos, 2 garagens, no bairro Vargem Do Bom Jesus em Florianópolis",Florianópolis/SC,Florianópolis,Vargem Do Bom Jesus,Estrada Anarolina Silveira Santos,Valor:R$ 530.000,530000.0,58.0,2.0,2.0,NULL,venda
https://www.brognoli.com.br/imovel/comprar-casa-residencial-com-184m-3-quartos-no-bairro-campeche-em-florianopolis_C28-57575/,"Casa Residencial com 184m², 3 quartos, 1 suíte, 1 garagem, no bairro Campeche em Florianópolis",Florianópolis/SC,Florianópolis,Campeche,Rodovia Francisco Magno Vieira,Valor:R$ 1.895.000,1895000.0,184.0,3.0,1.0,NULL,venda
https://www.brognoli.com.br/imovel/comprar-studio-residencial-com-49m-1-quarto-no-bairro-campeche-em-florianopolis_ST60-57574/,"Studio Residencial com 49m², 1 quarto, 1 garagem, no bairro Campeche em Florianópolis",Florianópolis/SC,Florianópolis,Campeche,Rua Jerônimo Venâncio Das Chagas,Valor:R$ 1.395.000,1395000.0,49.0,NULL,1.0,NULL,venda
https://www.brognoli.com.br/imovel/comprar-apartamentos-com-141m-3-quartos-no-bairro-centro-em-florianopolis_A40-57576/,"Apartamentos com 141m², 3 quartos, 1 suíte, 1 garagem, no bairro Centro em Florianópolis",Florianópolis/SC,Florianópolis,Centro,Rua Ferreira Lima,Valor:R$ 1.696.000,1696000.0,141.0,3.0,1.0,NULL,venda
https://www.brognoli.com.br/imovel/comprar-apartamentos-com-152m-2-quartos-no-bairro-centro-em-florianopolis_A31-57579/,"Apartamentos com 152m², 2 quartos, 2 suítes, 1 garagem, no bairro Centro em Florianópolis",Florianópolis/SC,Florianópolis,Centro,Rua Barão De Batovi,Valor:R$ 2.900.000,2900000.0,152.0,2.0,1.0,NULL,venda
https://www.brognoli.com.br/imovel/comprar-casa-residencial-com-10m-2-quartos-no-bairro-carianos-em-florianopolis_C31-57582/,"Casa Residencial com 10m², 2 quartos, 1 suíte, 2 garagens, no bairro Carianos em Florianópolis",Florianópolis/SC,Florianópolis,Íris,Rua Arco,Valor:R$ 1.300.000,1300000.0,10.0,2.0,2.0,NULL,venda
https://www.brognoli.com.br/imovel/comprar-apartamentos-com-67m-2-quartos-no-bairro-centro-em-florianopolis_A10-57578/,"Apartamentos com 67m², 2 quartos, 1 suíte, 1 garagem, no bairro Centro em Florianópolis",Florianópolis/SC,Florianópolis,Centro,Rua Crispim Mira,Valor:R$ 870.000,870000.0,67.0,2.0,1.0,NULL,venda
https://www.brognoli.com.br/imovel/comprar-apartamentos-com-64m-2-quartos-no-bairro-centro-em-florianopolis_A32-57580/,"Apartamentos com 64m², 2 quartos, 1 garagem, no bairro Centro em Florianópolis",Florianópolis/SC,Florianópolis,Centro,Avenida Mauro Ramos,Valor:R$ 585.000,585000.0,64.0,2.0,1.0,NULL,venda
https://www.brognoli.com.br/imovel/comprar-apartamentos-com-32m-1-quarto-no-bairro-canasvieiras-em-florianopolis_ST43-46933/,"Apartamentos com 32m², 1 quarto, 1 garagem, no bairro Canasvieiras em Florianópolis",Florianópolis/SC,Florianópolis,Canasvieiras,Avenida Professor Milton Leite Da Costa,Valor:R$ 400.000,400000.0,32.0,NULL,1.0,NULL,venda
https://www.brognoli.com.br/imovel/comprar-sala-com-22m-no-bairro-centro-em-florianopolis_S12-57573/,"Sala com 22m², no bairro Centro em Florianópolis",Florianópolis/SC,Florianópolis,Centro,Rua Trajano,Valor:R$ 170.000,170000.0,22.0,NULL,NULL,NULL,venda
https://www.brognoli.com.br/imovel/comprar-terreno-comercial-residencial-com-13177m-no-bairro-canasvieiras-em-florianopolis_T65-57564/,"Terreno Comercial/Residencial com 13177m², no bairro Canasvieiras em Florianópolis",Florianópolis/SC,Florianópolis,Canasvieiras,Rodovia Tertuliano Brito Xavier,Valor:R$ 7.500.000,7500000.0,13177.0,NULL,NULL,NULL,venda
https://www.brognoli.com.br/imovel/comprar-apartamentos-com-104m-3-quartos-no-bairro-coqueiros-em-florianopolis_A76-57555/,"Apartamentos com 104m², 3 quartos, 1 suíte, 1 garagem, no bairro Coqueiros em Florianópolis",Florianópolis/SC,Florianópolis,Coqueiros,Avenida Engenheiro Max De Souza,Valor:R$ 820.000,820000.0,104.0,3.0,1.0,NULL,venda
https://www.brognoli.com.br/imovel/comprar-garagem-comercial-com-12m-no-bairro-centro-em-florianopolis_G109-57560/,"Garagem Comercial com 12m², no bairro Centro em Florianópolis",Florianópolis/SC,Florianópolis,Centro,Rua Felipe Schmidt,Valor:R$ 140.000,140000.0,12.0,NULL,NULL,NULL,venda
https://www.brognoli.com.br/imovel/comprar-apartamentos-com-54m-1-quarto-no-bairro-campeche-em-florianopolis_A60-57568/,"Apartamentos com 54m², 1 quarto, 1 garagem, no bairro Campeche em Florianópolis",Florianópolis/SC,Florianópolis,Campeche,Avenida Campeche,Valor:R$ 1.220.000,1220000.0,54.0,NULL,1.0,NULL,venda
https://www.brognoli.com.br/imovel/comprar-apartamentos-com-93m-2-quartos-no-bairro-morro-das-pedras-em-florianopolis_A60-57559/,"Apartamentos com 93m², 2 quartos, 1 suíte, 2 garagens, no bairro Morro Das Pedras em Florianópolis",Florianópolis/SC,Florianópolis,Morro Das Pedras,Rua Manoel Pedro Vieira,Valor:R$ 1.888.000,1888000.0,93.0,2.0,2.0,NULL,venda
https://www.brognoli.com.br/imovel/comprar-studio-residencial-com-42m-1-quarto-no-bairro-campeche-em-florianopolis_ST60-57563/,"Studio Residencial com 42m², 1 quarto, 1 garagem, no bairro Campeche em Florianópolis",Florianópolis/SC,Florianópolis,Campeche,Avenida Campeche,Valor:R$ 895.000,895000.0,42.0,NULL,1.0,NULL,venda
https://www.brognoli.com.br/imovel/comprar-casa-residencial-com-186m-3-quartos-no-bairro-campeche-em-florianopolis_C28-57567/,"Casa Residencial com 186m², 3 quartos, 1 suíte, 1 garagem, no bairro Campeche em Florianópolis",Florianópolis/SC,Florianópolis,Campeche,Rodovia Francisco Magno Vieira,Valor:R$ 1.845.000,1845000.0,186.0,3.0,1.0,NULL,venda
https://www.brognoli.com.br/imovel/comprar-casa-residencial-com-104m-2-quartos-no-bairro-cachoeira-do-bom-jesus-em-florianopolis_C76-57557/,"Casa Residencial com 104m², 2 quartos, 1 garagem, no bairro Cachoeira Do Bom Jesus em Florianópolis",Florianópolis/SC,Florianópolis,Cachoeira Do Bom Jesus,Servidão Hilário Manoel Da Silva,Valor:R$ 650.000,650000.0,104.0,2.0,1.0,NULL,venda
https://www.brognoli.com.br/imovel/comprar-casa-residencial-com-180m-3-quartos-no-bairro-saco-grande-em-florianopolis_C94-57556/,"Casa Residencial com 180m², 3 quartos, 3 suítes, 2 garagens, no bairro Saco Grande em Florianópolis",Florianópolis/SC,Florianópolis,Saco Grande,Rodovia Virgílio Várzea,Valor:R$ 1.590.000,1590000.0,180.0,3.0,2.0,NULL,venda
https://www.brognoli.com.br/imovel/comprar-garagem-comercial-com-12m-no-bairro-centro-em-florianopolis_G109-57561/,"Garagem Comercial com 12m², 2 garagens, no bairro Centro em Florianópolis",Florianópolis/SC,Florianópolis,Centro,Rua Felipe Schmidt,Valor:R$ 140.000,140000.0,12.0,NULL,2.0,NULL,venda
https://www.brognoli.com.br/imovel/comprar-apartamentos-com-90m-3-quartos-no-bairro-centro-em-florianopolis_A31-57569/,"Apartamentos com 90m², 3 quartos, 1 suíte, 1 garagem, no bairro Centro em Florianópolis",Florianópolis/SC,Florianópolis,Centro,Rua Desembargador Urbano Salles,Valor:R$ 1.010.000,1010000.0,90.0,3.0,1.0,NULL,venda
https://www.brognoli.com.br/imovel/comprar-apartamentos-com-131m-2-quartos-no-bairro-trindade-em-florianopolis_A83-57572/,"Apartamentos com 131m², 2 quartos, 2 suítes, 2 garagens, no bairro Trindade em Florianópolis",Florianópolis/SC,Florianópolis,Trindade,Rua Lauro Linhares,Valor:R$ 1.290.000,1290000.0,131.0,2.0,2.0,NULL,venda
https://www.brognoli.com.br/imovel/comprar-studio-residencial-com-30m-1-quarto-no-bairro-centro-em-florianopolis_ST155-57554/,"Studio Residencial com 30m², 1 quarto, 1 garagem, no bairro Centro em Florianópolis",Florianópolis/SC,Florianópolis,Centro,Rua Corália Ferreira Da Luz,Valor:R$ 530.000,530000.0,30.0,NULL,1.0,NULL,venda
https://www.brognoli.com.br/imovel/comprar-apartamentos-com-95m-3-quartos-no-bairro-centro-em-florianopolis_A31-57542/,"Apartamentos com 95m², 3 quartos, 1 suíte, 1 garagem, no bairro Centro em Florianópolis",Florianópolis/SC,Florianópolis,Centro,Rua Hermann Blumenau,Valor:R$ 900.000,900000.0,95.0,3.0,1.0,NULL,venda
https://www.brognoli.com.br/imovel/comprar-casa-residencial-com-121m-3-quartos-no-bairro-campeche-em-florianopolis_C60-57543/,"Casa Residencial com 121m², 3 quartos, 1 suíte, 2 garagens, no bairro Campeche em Florianópolis",Florianópolis/SC,Florianópolis,Campeche,Rua Camarinhas,Valor:R$ 1.250.000,1250000.0,121.0,3.0,2.0,NULL,venda
https://www.brognoli.com.br/imovel/comprar-studio-residencial-com-37m-1-quarto-no-bairro-coqueiros-em-florianopolis_ST12-57551/,"Studio Residencial com 37m², 1 quarto, 1 garagem, no bairro Coqueiros em Florianópolis",Florianópolis/SC,Florianópolis,Coqueiros,Rua Marques De Carvalho,Valor:R$ 675.000,675000.0,37.0,NULL,1.0,NULL,venda
https://www.brognoli.com.br/imovel/comprar-apartamentos-com-45m-no-bairro-capoeiras-em-florianopolis_A47-57548/,"Apartamentos com 45m², 2 suítes, 1 garagem, no bairro Capoeiras em Florianópolis",Florianópolis/SC,Florianópolis,Capoeiras,Rua Professora Áurea Cruz,Valor:R$ 330.000,330000.0,45.0,NULL,1.0,NULL,venda
https://www.brognoli.com.br/imovel/comprar-casa-residencial-com-96m-2-quartos-no-bairro-rio-tavares-em-florianopolis_C21-57550/,"Casa Residencial com 96m², 2 quartos, 2 garagens, no bairro Rio Tavares em Florianópolis",Florianópolis/SC,Florianópolis,Rio Tavares,Servidão Do Boso,Valor:R$ 1.400.000,1400000.0,96.0,2.0,2.0,NULL,venda
https://www.brognoli.com.br/imovel/comprar-apartamentos-com-58m-2-quartos-no-bairro-centro-em-florianopolis_A36-57545/,"Apartamentos com 58m², 2 quartos, no bairro Centro em Florianópolis",Florianópolis/SC,Florianópolis,Centro,Rua Pedro Ivo,Valor:R$ 400.000,400000.0,58.0,2.0,NULL,NULL,venda
https://www.brognoli.com.br/imovel/alugar-apartamento-com-55m-2-quartos-no-bairro-aririu-em-palhoca_9748/,"Apartamento com 55m², 2 quartos, 1 garagem, no bairro Aririu em Palhoça",Palhoça/SC,Palhoça,Aririu,Rua Giovanni Pisano,Valor:R$ 2.200,2200.0,55.0,2.0,1.0,NULL,aluguel
https://www.brognoli.com.br/imovel/alugar-galpao-com-1920m-no-bairro-passa-vinte-em-palhoca_9704/,"Galpão com 1920m², no bairro Passa Vinte em Palhoça",Palhoça/SC,Palhoça,Passa Vinte,Rodovia Br101,Valor:R$ 48.000,48000.0,1920.0,NULL,NULL,NULL,aluguel
https://www.brognoli.com.br/imovel/alugar-sala-com-732m-no-bairro-centro-em-palhoca_9673/,"Sala com 732m², 25 garagens, no bairro Centro em Palhoça",Palhoça/SC,Palhoça,Centro,Rua Tenente Francisco Lehmkhul,Valor:R$ 19.900,19900.0,732.0,NULL,25.0,NULL,aluguel
https://www.brognoli.com.br/imovel/alugar-galpao-com-1600m-no-bairro-alto-aririu-em-palhoca_9662/,"Galpão com 1600m², no bairro Alto Aririu em Palhoça",Palhoça/SC,Palhoça,Alto Aririu,Rua Elson Avila,Valor:R$ 46.400,46400.0,1600.0,NULL,NULL,NULL,aluguel
https://www.brognoli.com.br/imovel/alugar-predio-com-900m-no-bairro-ponte-do-imaruim-em-palhoca_9654/,"Prédio com 900m², 12 garagens, no bairro Ponte do Imaruim em Palhoça",Palhoça/SC,Palhoça,Ponte Do Imaruim,Avenida Aniceto Zacchi,Valor:R$ 25.000,25000.0,900.0,NULL,12.0,NULL,aluguel
https://www.brognoli.com.br/imovel/alugar-loja-com-1914m-no-bairro-jardim-eldorado-em-palhoca_9558/,"Loja com 1914m², no bairro Jardim Eldorado em Palhoça",Palhoça/SC,Palhoça,Jardim Eldorado,Avenida Caetano Silveira,Valor:R$ 47.864,47864.0,1914.0,NULL,NULL,NULL,aluguel
https://www.brognoli.com.br/imovel/alugar-apartamento-com-35m-1-quarto-no-bairro-pedra-branca-em-palhoca_9268/,"Apartamento com 35m², 1 quarto, 1 garagem, no bairro Pedra Branca em Palhoça",Palhoça/SC,Palhoça,Pedra Branca,Avenida Pedra Branca,Valor:R$ 1.600,1600.0,35.0,NULL,1.0,NULL,aluguel
https://www.brognoli.com.br/imovel/alugar-terreno-com-360m-no-bairro-brejaru-em-palhoca_8730/,"Terreno com 360m², no bairro Brejarú em Palhoça",Palhoça/SC,Palhoça,Brejarú,Rua Olavo Bilac,Valor:R$ 5.000,5000.0,360.0,NULL,NULL,NULL,aluguel
https://www.brognoli.com.br/imovel/alugar-terreno-com-3000m-no-bairro-brejaru-em-palhoca_8717/,"Terreno com 3000m², no bairro Brejarú em Palhoça",Palhoça/SC,Palhoça,Brejarú,Avenida Guilherme Scharf,Valor:R$ 10.000,10000.0,3000.0,NULL,NULL,NULL,aluguel
https://www.brognoli.com.br/imovel/comprar-casa-residencial-com-150m-3-quartos-no-bairro-rio-grande-em-palhoca_C4-57541/,"Casa Residencial com 150m², 3 quartos, 1 garagem, no bairro Rio Grande em Palhoça",Palhoça/SC,Palhoça,Rio Grande,Rua Adelino Vicente Melo,Valor:R$ 490.000,490000.0,150.0,3.0,1.0,NULL,venda
https://www.brognoli.com.br/imovel/comprar-casa-residencial-com-189m-3-quartos-no-bairro-centro-em-palhoca_C21-57539/,"Casa Residencial com 189m², 3 quartos, 1 suíte, 2 garagens, no bairro Centro em Palhoça",Palhoça/SC,Palhoça,Centro,Rua Mário Neves De Oliveira,Valor:R$ 1.480.000,1480000.0,189.0,3.0,2.0,NULL,venda
https://www.brognoli.com.br/imovel/comprar-terreno-comercial-residencial-com-988m-no-bairro-jardim-eldorado-em-palhoca_T73-57549/,"Terreno Comercial/Residencial com 988m², no bairro Jardim Eldorado em Palhoça",Palhoça/SC,Palhoça,Jardim Eldorado,Avenida Caetano Silveira,Valor:R$ 2.300.000,2300000.0,988.0,NULL,NULL,NULL,venda
https://www.brognoli.com.br/imovel/comprar-casa-residencial-com-136m-2-quartos-no-bairro-centro-em-palhoca_C155-57486/,"Casa Residencial com 136m², 2 quartos, 1 garagem, no bairro Centro em Palhoça",Palhoça/SC,Palhoça,Centro,Rua Daniel Carlos Weingartner,Valor:R$ 816.000,816000.0,136.0,2.0,1.0,NULL,venda
https://www.brognoli.com.br/imovel/comprar-sobrado-residencial-com-101m-3-quartos-no-bairro-ponte-do-imaruim-em-palhoca_C43-57485/,"Sobrado Residencial com 101m², 3 quartos, 1 suíte, 2 garagens, no bairro Ponte Do Imaruim em Palhoça",Palhoça/SC,Palhoça,Ponte Do Imaruim,Rua Armando Siegel,Valor:R$ 799.000,799000.0,101.0,3.0,2.0,NULL,venda
https://www.brognoli.com.br/imovel/comprar-apartamentos-com-85m-3-quartos-no-bairro-pagani-em-palhoca_A43-57492/,"Apartamentos com 85m², 3 quartos, 1 suíte, 1 garagem, no bairro Pagani em Palhoça",Palhoça/SC,Palhoça,Pagani,Rua Capri,Valor:R$ 665.000,665000.0,85.0,3.0,1.0,NULL,venda
https://www.brognoli.com.br/imovel/comprar-apartamentos-com-45m-2-quartos-no-bairro-bela-vista-em-palhoca_A90-57467/,"Apartamentos com 45m², 2 quartos, 1 garagem, no bairro Bela Vista em Palhoça",Palhoça/SC,Palhoça,Bela Vista,Avenida Valfride Vieira Martins,Valor:R$ 260.000,260000.0,45.0,2.0,1.0,NULL,venda
https://www.brognoli.com.br/imovel/comprar-apartamentos-com-124m-3-quartos-no-bairro-centro-em-palhoca_A32-57461/,"Apartamentos com 124m², 3 quartos, 1 suíte, 1 garagem, no bairro Centro em Palhoça",Palhoça/SC,Palhoça,Centro,Avenida Barão Do Rio Branco,Valor:R$ 797.000,797000.0,124.0,3.0,1.0,NULL,venda
https://www.brognoli.com.br/imovel/comprar-terreno-inativo-com-871m-no-bairro-pagani-em-palhoca_T42-57428/,"Terreno Inativo com 871m², no bairro Pagani em Palhoça",Palhoça/SC,Palhoça,Pagani,Rua Padova,Valor:R$ 1.700.000,1700000.0,871.0,NULL,NULL,NULL,venda
https://www.brognoli.com.br/imovel/comprar-casa-em-condominio-com-41m-2-quartos-no-bairro-bela-vista-em-palhoca_C149-57324/,"Casa em Condomínio com 41m², 2 quartos, 1 garagem, no bairro Bela Vista em Palhoça",Palhoça/SC,Palhoça,Bela Vista,Avenida Paulo Roberto Vidal,Valor:R$ 280.000,280000.0,41.0,2.0,1.0,NULL,venda
https://www.brognoli.com.br/imovel/comprar-apartamentos-com-72m-2-quartos-no-bairro-pedra-branca-em-palhoca_A37-57250/,"Apartamentos com 72m², 2 quartos, 1 suíte, 1 garagem, no bairro Pedra Branca em Palhoça",Palhoça/SC,Palhoça,Pedra Branca,Rua Das Cegonhas,Valor:R$ 750.000,750000.0,72.0,2.0,1.0,NULL,venda
https://www.brognoli.com.br/imovel/comprar-apartamentos-com-85m-3-quartos-no-bairro-pagani-em-palhoca_A78-57204/,"Apartamentos com 85m², 3 quartos, 1 suíte, 2 garagens, no bairro Pagani em Palhoça",Palhoça/SC,Palhoça,Pagani,Rua Capri,Valor:R$ 885.000,885000.0,85.0,3.0,2.0,NULL,venda
https://www.brognoli.com.br/imovel/comprar-terreno-comercial-residencial-com-300m-no-bairro-jardim-eldorado-em-palhoca_T32-57158/,"Terreno Comercial/Residencial com 300m², no bairro Jardim Eldorado em Palhoça",Palhoça/SC,Palhoça,Jardim Eldorado,Rua Governador Pedro Ivo Campos,Valor:R$ 480.000,480000.0,300.0,NULL,NULL,NULL,venda
https://www.brognoli.com.br/imovel/comprar-apartamentos-com-71m-2-quartos-no-bairro-pedra-branca-em-palhoca_A51--57122/,"Apartamentos com 71m², 2 quartos, 1 suíte, 1 garagem, no bairro Pedra Branca em Palhoça",Palhoça/SC,Palhoça,Pedra Branca,Rua Da Pedra,Valor:R$ 1.074.300,1074300.0,71.0,2.0,1.0,NULL,venda
https://www.brognoli.com.br/imovel/comprar-casa-residencial-com-180m-4-quartos-no-bairro-passa-vinte-em-palhoca_C6-57099/,"Casa Residencial com 180m², 4 quartos, 2 suítes, 2 garagens, no bairro Passa Vinte em Palhoça",Palhoça/SC,Palhoça,Passa Vinte,Rua Prefeito Reinoldo Alves,Valor:R$ 1.400.000,1400000.0,180.0,4.0,2.0,NULL,venda
https://www.brognoli.com.br/imovel/comprar-apartamentos-com-65m-2-quartos-no-bairro-pedra-branca-em-palhoca_A159-57060/,"Apartamentos com 65m², 2 quartos, 1 suíte, 2 garagens, no bairro Pedra Branca em Palhoça",Palhoça/SC,Palhoça,Pedra Branca,Rua Das Cerejeiras,Valor:R$ 650.000,650000.0,65.0,2.0,2.0,NULL,venda
https://www.brognoli.com.br/imovel/comprar-apartamentos-com-95m-3-quartos-no-bairro-pedra-branca-em-palhoca_A78-57031/,"Apartamentos com 95m², 3 quartos, 1 suíte, 1 garagem, no bairro Pedra Branca em Palhoça",Palhoça/SC,Palhoça,Pedra Branca,Rua Do Bunganvília,Valor:R$ 980.000,980000.0,95.0,3.0,1.0,NULL,venda
https://www.brognoli.com.br/imovel/comprar-apartamentos-com-98m-3-quartos-no-bairro-pedra-branca-em-palhoca_A78-57033/,"Apartamentos com 98m², 3 quartos, 1 suíte, 1 garagem, no bairro Pedra Branca em Palhoça",Palhoça/SC,Palhoça,Pedra Branca,Rua Do Bunganvília,Valor:R$ 980.000,980000.0,98.0,3.0,1.0,NULL,venda
https://www.brognoli.com.br/imovel/comprar-apartamentos-com-135m-3-quartos-no-bairro-pedra-branca-em-palhoca_A149-56994/,"Apartamentos com 135m², 3 quartos, 2 suítes, 2 garagens, no bairro Pedra Branca em Palhoça",Palhoça/SC,Palhoça,Pedra Branca,Rua Dos Cardeais,Valor:R$ 1.850.000,1850000.0,135.0,3.0,2.0,NULL,venda
https://www.brognoli.com.br/imovel/comprar-cobertura-com-125m-3-quartos-no-bairro-pedra-branca-em-palhoca_CB149-56995/,"Cobertura com 125m², 3 quartos, 2 suítes, 2 garagens, no bairro Pedra Branca em Palhoça",Palhoça/SC,Palhoça,Pedra Branca,Rua Dos Cardeais,Valor:R$ 1.760.000,1760000.0,125.0,3.0,2.0,NULL,venda
https://www.brognoli.com.br/imovel/comprar-galpao-loja-com-360m-no-bairro-jardim-eldorado-em-palhoca_L78-56981/,"Galpão/Loja com 360m², no bairro Jardim Eldorado em Palhoça",Palhoça/SC,Palhoça,Jardim Eldorado,Rua Nossa Senhora Aparecida,Valor:R$ 2.120.000,2120000.0,360.0,NULL,NULL,NULL,venda
https://www.brognoli.com.br/imovel/comprar-apartamentos-com-61m-2-quartos-no-bairro-sao-sebastiao-em-palhoca_A90-56970/,"Apartamentos com 61m², 2 quartos, 1 garagem, no bairro São Sebastião em Palhoça",Palhoça/SC,Palhoça,São Sebastião,Rua Luiz Aléssio Lenhani,Valor:R$ 259.000,259000.0,61.0,2.0,1.0,NULL,venda
https://www.brognoli.com.br/imovel/comprar-casa-residencial-com-300m-4-quartos-no-bairro-praia-do-sonho-ens-brito-em-palhoca_C78-56959/,"Casa Residencial com 300m², 4 quartos, 2 suítes, 2 garagens, no bairro Praia do Sonho (Ens Brito) em Palhoça",Palhoça/SC,Palhoça,Praia Do Sonho (Ens Brito),Rua Itaipú,Valor:R$ 1.750.000,1750000.0,300.0,4.0,2.0,NULL,venda
https://www.brognoli.com.br/imovel/comprar-casa-residencial-com-233m-3-quartos-no-bairro-pedra-branca-em-palhoca_C21-56943/,"Casa Residencial com 233m², 3 quartos, 1 suíte, 4 garagens, no bairro Pedra Branca em Palhoça",Palhoça/SC,Palhoça,Pedra Branca,Rua Das Macieiras,Valor:R$ 1.670.000,1670000.0,233.0,3.0,4.0,NULL,venda
https://www.brognoli.com.br/imovel/comprar-casa-residencial-com-136m-3-quartos-no-bairro-jardim-eldorado-em-palhoca_C78-56816/,"Casa Residencial com 136m², 3 quartos, 2 garagens, no bairro Jardim Eldorado em Palhoça",Palhoça/SC,Palhoça,Jardim Eldorado,Rua Nossa Senhora Aparecida,Valor:R$ 750.000,750000.0,136.0,3.0,2.0,NULL,venda
https://www.brognoli.com.br/imovel/comprar-casa-residencial-com-86m-3-quartos-no-bairro-bela-vista-em-palhoca_C149-56750/,"Casa Residencial com 86m², 3 quartos, 2 garagens, no bairro Bela Vista em Palhoça",Palhoça/SC,Palhoça,Bela Vista,Avenida Paulo Roberto Vidal,Valor:R$ 362.000,362000.0,86.0,3.0,2.0,NULL,venda
https://www.brognoli.com.br/imovel/comprar-casa-em-condominio-com-200m-3-quartos-no-bairro-praia-de-fora-em-palhoca_C78-56683/,"Casa em Condomínio com 200m², 3 quartos, 2 garagens, no bairro Praia De Fora em Palhoça",Palhoça/SC,Palhoça,Praia De Fora,Rua Arcanjo Cândido Da Silva,Valor:R$ 750.000,750000.0,200.0,3.0,2.0,NULL,venda
https://www.brognoli.com.br/imovel/comprar-casa-em-condominio-com-339m-4-quartos-no-bairro-pedra-branca-em-palhoca_C21-56608/,"Casa em Condomínio com 339m², 4 quartos, 4 suítes, 4 garagens, no bairro Pedra Branca em Palhoça",Palhoça/SC,Palhoça,Pedra Branca,Rua Lagoinha,Valor:R$ 3.150.000,3150000.0,339.0,4.0,4.0,NULL,venda
https://www.brognoli.com.br/imovel/comprar-casa-em-condominio-com-174m-3-quartos-no-bairro-pedra-branca-em-palhoca_C21-56609/,"Casa em Condomínio com 174m², 3 quartos, 1 suíte, 4 garagens, no bairro Pedra Branca em Palhoça",Palhoça/SC,Palhoça,Pedra Branca,Rua Lagoinha,Valor:R$ 2.650.000,2650000.0,174.0,3.0,4.0,NULL,venda
https://www.brognoli.com.br/imovel/comprar-apartamentos-com-115m-3-quartos-no-bairro-pagani-em-palhoca_A64-56571/,"Apartamentos com 115m², 3 quartos, 1 suíte, 1 garagem, no bairro Pagani em Palhoça",Palhoça/SC,Palhoça,Pagani,Rua Veneza,Valor:R$ 950.000,950000.0,115.0,3.0,1.0,NULL,venda
https://www.brognoli.com.br/imovel/comprar-casa-residencial-com-85m-2-quartos-no-bairro-bela-vista-em-palhoca_C64-56562/,"Casa Residencial com 85m², 2 quartos, 2 suítes, 1 garagem, no bairro Bela Vista em Palhoça",Palhoça/SC,Palhoça,Bela Vista,Rua Lídia Verônica Martins,Valor:R$ 490.000,490000.0,85.0,2.0,1.0,NULL,venda
https://www.brognoli.com.br/imovel/comprar-apartamentos-com-72m-2-quartos-no-bairro-pedra-branca-em-palhoca_A148-56534/,"Apartamentos com 72m², 2 quartos, 1 suíte, 1 garagem, no bairro Pedra Branca em Palhoça",Palhoça/SC,Palhoça,Pedra Branca,Rua Recanto Dos Santos,Valor:R$ 365.000,365000.0,72.0,2.0,1.0,NULL,venda
https://www.brognoli.com.br/imovel/comprar-apartamentos-com-49m-2-quartos-no-bairro-praia-de-fora-em-palhoca_A159-56480/,"Apartamentos com 49m², 2 quartos, 1 garagem, no bairro Praia De Fora em Palhoça",Palhoça/SC,Palhoça,Praia De Fora,Rua Arcanjo Cândido Da Silva,Valor:R$ 380.000,380000.0,49.0,2.0,1.0,NULL,venda
https://www.brognoli.com.br/imovel/comprar-apartamentos-com-67m-2-quartos-no-bairro-passa-vinte-em-palhoca_A77-56405/,"Apartamentos com 67m², 2 quartos, 1 suíte, 1 garagem, no bairro Passa Vinte em Palhoça",Palhoça/SC,Palhoça,Passa Vinte,Rua Firenze,Valor:R$ 460.000,460000.0,67.0,2.0,1.0,NULL,venda
https://www.brognoli.com.br/imovel/comprar-terreno-comercial-residencial-com-1451m-no-bairro-bela-vista-em-palhoca_T153-56381/,"Terreno Comercial/Residencial com 1451m², no bairro Bela Vista em Palhoça",Palhoça/SC,Palhoça,Bela Vista,Rua José Cosme Pamplona,Valor:R$ 1.490.000,1490000.0,1451.0,NULL,NULL,NULL,venda
https://www.brognoli.com.br/imovel/comprar-casa-residencial-com-84m-2-quartos-no-bairro-bela-vista-em-palhoca_C50-56280/,"Casa Residencial com 84m², 2 quartos, 2 suítes, 2 garagens, no bairro Bela Vista em Palhoça",Palhoça/SC,Palhoça,Bela Vista,Rua Royale,Valor:R$ 479.900,479900.0,84.0,2.0,2.0,NULL,venda
https://www.brognoli.com.br/imovel/comprar-apartamentos-com-55m-2-quartos-no-bairro-pedra-branca-em-palhoca_A51-56277/,"Apartamentos com 55m², 2 quartos, 1 garagem, no bairro Pedra Branca em Palhoça",Palhoça/SC,Palhoça,Pedra Branca,Rua João Bernadino Da Rosa,Valor:R$ 488.000,488000.0,55.0,2.0,1.0,NULL,venda
https://www.brognoli.com.br/imovel/comprar-apartamentos-com-49m-2-quartos-no-bairro-bela-vista-em-palhoca_A40-56267/,"Apartamentos com 49m², 2 quartos, 1 garagem, no bairro Bela Vista em Palhoça",Palhoça/SC,Palhoça,Bela Vista,Avenida Paulo Roberto Vidal,Valor:R$ 260.000,260000.0,49.0,2.0,1.0,NULL,venda
https://www.brognoli.com.br/imovel/comprar-sobrado-residencial-com-84m-2-quartos-no-bairro-bela-vista-em-palhoca_C50-56254/,"Sobrado Residencial com 84m², 2 quartos, 2 suítes, 1 garagem, no bairro Bela Vista em Palhoça",Palhoça/SC,Palhoça,Bela Vista,Rua Royale,Valor:R$ 500.000,500000.0,84.0,2.0,1.0,NULL,venda
https://www.brognoli.com.br/imovel/comprar-apartamentos-com-48m-2-quartos-no-bairro-bela-vista-em-palhoca_A40-56235/,"Apartamentos com 48m², 2 quartos, 1 garagem, no bairro Bela Vista em Palhoça",Palhoça/SC,Palhoça,Bela Vista,Avenida Paulo Roberto Vidal,Valor:R$ 269.000,269000.0,48.0,2.0,1.0,NULL,venda
https://www.brognoli.com.br/imovel/comprar-apartamentos-com-58m-2-quartos-no-bairro-aririu-em-palhoca_A37-56223/,"Apartamentos com 58m², 2 quartos, 1 garagem, no bairro Aririu em Palhoça",Palhoça/SC,Palhoça,Aririu,Rua Rodolfo Weiss,Valor:R$ 320.000,320000.0,58.0,2.0,1.0,NULL,venda
https://www.brognoli.com.br/imovel/comprar-casa-residencial-com-280m-4-quartos-no-bairro-pedra-branca-em-palhoca_C21-56188/,"Casa Residencial com 280m², 4 quartos, 1 suíte, 4 garagens, no bairro Pedra Branca em Palhoça",Palhoça/SC,Palhoça,Pedra Branca,Rua Da Saracura,Valor:R$ 1.950.000,1950000.0,280.0,4.0,4.0,NULL,venda
https://www.brognoli.com.br/imovel/comprar-casa-residencial-com-59m-2-quartos-no-bairro-praia-de-fora-em-palhoca_C149-56134/,"Casa Residencial com 59m², 2 quartos, 5 garagens, no bairro Praia de Fora em Palhoça",Palhoça/SC,Palhoça,Praia De Fora,Rua Velho Leão Do Mar,Valor:R$ 650.000,650000.0,59.0,2.0,5.0,NULL,venda
https://www.brognoli.com.br/imovel/comprar-apartamentos-com-79m-3-quartos-no-bairro-praia-de-fora-em-palhoca_A149-56092/,"Apartamentos com 79m², 3 quartos, 1 suíte, 1 garagem, no bairro Praia de Fora em Palhoça",Palhoça/SC,Palhoça,Praia De Fora,Rua Raul Leonardo Weiss,Valor:R$ 555.000,555000.0,79.0,3.0,1.0,NULL,venda
https://www.brognoli.com.br/imovel/comprar-apartamentos-com-45m-2-quartos-no-bairro-bela-vista-em-palhoca_A107-56088/,"Apartamentos com 45m², 2 quartos, 1 garagem, no bairro Bela Vista em Palhoça",Palhoça/SC,Palhoça,Bela Vista,Avenida Sebastião Alzemiro Dos Santos,Valor:R$ 235.000,235000.0,45.0,2.0,1.0,NULL,venda
https://www.brognoli.com.br/imovel/comprar-casa-residencial-com-64m-2-quartos-no-bairro-bela-vista-em-palhoca_C58-56075/,"Casa Residencial com 64m², 2 quartos, 2 garagens, no bairro Bela Vista em Palhoça",Palhoça/SC,Palhoça,Bela Vista,Rua Francisco Matias Kremer,Valor:R$ 360.000,360000.0,64.0,2.0,2.0,NULL,venda
https://www.brognoli.com.br/imovel/comprar-casa-em-condominio-com-275m-4-quartos-no-bairro-pedra-branca-em-palhoca_C21-56017/,"Casa em Condomínio com 275m², 4 quartos, 4 suítes, 4 garagens, no bairro Pedra Branca em Palhoça",Palhoça/SC,Palhoça,Pedra Branca,Rua Lagoinha,Valor:R$ 3.500.000,3500000.0,275.0,4.0,4.0,NULL,venda
https://www.brognoli.com.br/imovel/comprar-apartamentos-com-52m-no-bairro-sao-sebastiao-em-palhoca_A160-56012/,"Apartamentos com 52m², no bairro São Sebastião em Palhoça",Palhoça/SC,Palhoça,São Sebastião,Rua Maria Vieira Dos Santos,Valor:R$ 280.000,280000.0,52.0,NULL,NULL,NULL,venda
https://www.brognoli.com.br/imovel/comprar-apartamentos-com-81m-2-quartos-no-bairro-pedra-branca-em-palhoca_A21-55999/,"Apartamentos com 81m², 2 quartos, 2 suítes, 1 garagem, no bairro Pedra Branca em Palhoça",Palhoça/SC,Palhoça,Pedra Branca,Rua Dos Juazeiros,Valor:R$ 780.000,780000.0,81.0,2.0,1.0,NULL,venda
https://www.brognoli.com.br/imovel/comprar-apartamentos-com-90m-3-quartos-no-bairro-pagani-em-palhoca_A149-55962/,"Apartamentos com 90m², 3 quartos, 1 suíte, 2 garagens, no bairro Pagani em Palhoça",Palhoça/SC,Palhoça,Pagani,Rua Joci José Martins,Valor:R$ 1.090.000,1090000.0,90.0,3.0,2.0,NULL,venda
https://www.brognoli.com.br/imovel/comprar-casa-residencial-com-147m-4-quartos-no-bairro-sao-sebastiao-em-palhoca_C48-55946/,"Casa Residencial com 147m², 4 quartos, 1 suíte, 4 garagens, no bairro São Sebastião em Palhoça",Palhoça/SC,Palhoça,São Sebastião,Rua Manoel Duarte,Valor:R$ 850.000,850000.0,147.0,4.0,4.0,NULL,venda
https://www.brognoli.com.br/imovel/comprar-terrenos-residenciais-com-1203m-no-bairro-rio-grande-em-palhoca_T153-55849/,"Terrenos Residenciais com 1203m², no bairro Rio Grande em Palhoça",Palhoça/SC,Palhoça,Rio Grande,Rua Orlando De Souza,Valor:R$ 845.000,845000.0,1203.0,NULL,NULL,NULL,venda
https://www.brognoli.com.br/imovel/comprar-apartamentos-com-103m-3-quartos-no-bairro-pagani-em-palhoca_A51-55828/,"Apartamentos com 103m², 3 quartos, 1 suíte, 2 garagens, no bairro Pagani em Palhoça",Palhoça/SC,Palhoça,Pagani,Rua Unide,Valor:R$ 680.000,680000.0,103.0,3.0,2.0,NULL,venda
https://www.brognoli.com.br/imovel/comprar-casa-em-condominio-com-74m-3-quartos-no-bairro-bela-vista-em-palhoca_C4-55811/,"Casa em Condomínio com 74m², 3 quartos, 2 garagens, no bairro Bela Vista em Palhoça",Palhoça/SC,Palhoça,Bela Vista,Avenida Paulo Roberto Vidal,Valor:R$ 360.000,360000.0,74.0,3.0,2.0,NULL,venda
https://www.brognoli.com.br/imovel/comprar-casa-residencial-com-208m-3-quartos-no-bairro-pedra-branca-em-palhoca_C21-55743/,"Casa Residencial com 208m², 3 quartos, 3 suítes, 2 garagens, no bairro Pedra Branca em Palhoça",Palhoça/SC,Palhoça,Pedra Branca,Rua Das Perdizes,Valor:R$ 1.790.000,1790000.0,208.0,3.0,2.0,NULL,venda
https://www.brognoli.com.br/imovel/comprar-casa-residencial-com-364m-4-quartos-no-bairro-ponte-do-imaruim-em-palhoca_C42-54608/,"Casa Residencial com 364m², 4 quartos, 1 suíte, 2 garagens, no bairro Ponte Do Imaruim em Palhoça",Palhoça/SC,Palhoça,Ponte Do Imaruim,Rua João Dias Dos Santos,Valor:R$ 1.400.000,1400000.0,364.0,4.0,2.0,NULL,venda
https://www.brognoli.com.br/imovel/comprar-apartamentos-com-61m-2-quartos-no-bairro-jardim-eldorado-em-palhoca_A107-54394/,"Apartamentos com 61m², 2 quartos, 1 garagem, no bairro Jardim Eldorado em Palhoça",Palhoça/SC,Palhoça,Jardim Eldorado,Rua Açucena,Valor:R$ 340.000,340000.0,61.0,2.0,1.0,NULL,venda
https://www.brognoli.com.br/imovel/comprar-apartamentos-com-85m-3-quartos-no-bairro-pedra-branca-em-palhoca_A140-54382/,"Apartamentos com 85m², 3 quartos, 1 suíte, 1 garagem, no bairro Pedra Branca em Palhoça",Palhoça/SC,Palhoça,Pedra Branca,Rua Rua Das Orquídeas,Valor:R$ 650.000,650000.0,85.0,3.0,1.0,NULL,venda
https://www.brognoli.com.br/imovel/comprar-apartamentos-com-67m-2-quartos-no-bairro-pagani-em-palhoca_A78-54178/,"Apartamentos com 67m², 2 quartos, 1 suíte, 1 garagem, no bairro Pagani em Palhoça",Palhoça/SC,Palhoça,Pagani,Rua Najla Carone Guedert,Valor:R$ 700.000,700000.0,67.0,2.0,1.0,NULL,venda
https://www.brognoli.com.br/imovel/comprar-casa-residencial-com-231m-4-quartos-no-bairro-ponte-do-imaruim-em-palhoca_C145-54032/,"Casa Residencial com 231m², 4 quartos, 2 suítes, 1 garagem, no bairro Ponte do Imaruim em Palhoça",Palhoça/SC,Palhoça,Ponte Do Imaruim,Rua Antônio Vieira,Valor:R$ 2.100.000,2100000.0,231.0,4.0,1.0,NULL,venda
https://www.brognoli.com.br/imovel/comprar-apartamentos-com-124m-3-quartos-no-bairro-centro-em-palhoca_A140-53856/,"Apartamentos com 124m², 3 quartos, 1 suíte, 1 garagem, no bairro Centro em Palhoça",Palhoça/SC,Palhoça,Centro,Avenida Barão Do Rio Branco,Valor:R$ 899.000,899000.0,124.0,3.0,1.0,NULL,venda
https://www.brognoli.com.br/imovel/comprar-terreno-comercial-residencial-com-360m-no-bairro-balneario-ponta-do-papagaio-ens-brito-em-palhoca_T148-53735/,"Terreno Comercial/Residencial com 360m², no bairro Balneário Ponta do Papagaio (Ens Brito) em Palhoça",Palhoça/SC,Palhoça,Balneário Ponta Do Papagaio (Ens Brito),Avenida Do Papagaio,Valor:R$ 450.000,450000.0,360.0,NULL,NULL,NULL,venda
https://www.brognoli.com.br/imovel/comprar-sobrado-residencial-com-68m-2-quartos-no-bairro-praia-do-sonho-ens-brito-em-palhoca_C149-53551/,"Sobrado Residencial com 68m², 2 quartos, 1 garagem, no bairro Praia do Sonho (Ens Brito) em Palhoça",Palhoça/SC,Palhoça,Praia Do Sonho (Ens Brito),Rua Santarem,Valor:R$ 650.000,650000.0,68.0,2.0,1.0,NULL,venda
https://www.brognoli.com.br/imovel/comprar-sobrado-residencial-com-112m-3-quartos-no-bairro-praia-do-sonho-ens-brito-em-palhoca_C149-53529/,"Sobrado Residencial com 112m², 3 quartos, 1 suíte, no bairro Praia do Sonho (Ens Brito) em Palhoça",Palhoça/SC,Palhoça,Praia Do Sonho (Ens Brito),Rua Morumbi,Valor:R$ 750.000,750000.0,112.0,3.0,NULL,NULL,venda
https://www.brognoli.com.br/imovel/comprar-apartamentos-com-98m-3-quartos-no-bairro-pedra-branca-em-palhoca_A140-53416/,"Apartamentos com 98m², 3 quartos, 1 suíte, 2 garagens, no bairro Pedra Branca em Palhoça",Palhoça/SC,Palhoça,Pedra Branca,Rua Da Universidade,Valor:R$ 1.049.000,1049000.0,98.0,3.0,2.0,NULL,venda
https://www.brognoli.com.br/imovel/comprar-casa-residencial-com-165m-3-quartos-no-bairro-jardim-eldorado-em-palhoca_C4-53196/,"Casa Residencial com 165m², 3 quartos, 2 garagens, no bairro Jardim Eldorado em Palhoça",Palhoça/SC,Palhoça,Jardim Eldorado,Rua Nereu Ramos,Valor:R$ 1.250.000,1250000.0,165.0,3.0,2.0,NULL,venda
https://www.brognoli.com.br/imovel/comprar-predio-com-750m-no-bairro-ponte-do-imaruim-em-palhoca_PR4-52682/,"Predio com 750m², 1 garagem, no bairro Ponte do Imaruim em Palhoça",Palhoça/SC,Palhoça,Ponte Do Imaruim,Avenida Aniceto Zacchi,Valor:R$ 3.900.000,3900000.0,750.0,NULL,1.0,NULL,venda
https://www.brognoli.com.br/imovel/comprar-apartamentos-com-75m-2-quartos-no-bairro-centro-em-palhoca_A78-52547/,"Apartamentos com 75m², 2 quartos, 1 suíte, 1 garagem, no bairro Centro em Palhoça",Palhoça/SC,Palhoça,Centro,Rua Roberto Sell,Valor:R$ 490.000,490000.0,75.0,2.0,1.0,NULL,venda
https://www.brognoli.com.br/imovel/comprar-casa-residencial-com-235m-3-quartos-no-bairro-pedra-branca-em-palhoca_C107-52417/,"Casa Residencial com 235m², 3 quartos, 1 suíte, 2 garagens, no bairro Pedra Branca em Palhoça",Palhoça/SC,Palhoça,Pedra Branca,Rua Rua Da Saracura,Valor:R$ 2.200.000,2200000.0,235.0,3.0,2.0,NULL,venda
https://www.brognoli.com.br/imovel/comprar-casa-residencial-com-120m-3-quartos-no-bairro-sao-sebastiao-em-palhoca_C37-52133/,"Casa Residencial com 120m², 3 quartos, 1 suíte, 4 garagens, no bairro São Sebastião em Palhoça",Palhoça/SC,Palhoça,São Sebastião,Rua São Miguel,Valor:R$ 400.000,400000.0,120.0,3.0,4.0,NULL,venda
https://www.brognoli.com.br/imovel/comprar-apartamentos-com-61m-2-quartos-no-bairro-pagani-em-palhoca_A31-52045/,"Apartamentos com 61m², 2 quartos, 1 suíte, 1 garagem, no bairro Pagani em Palhoça",Palhoça/SC,Palhoça,Pagani,Rua Vereador Jacob Knabben Da Silva,Valor:R$ 439.990,439990.0,61.0,2.0,1.0,NULL,venda
https://www.brognoli.com.br/imovel/comprar-apartamentos-com-98m-3-quartos-no-bairro-pedra-branca-em-palhoca_A10-51790/,"Apartamentos com 98m², 3 quartos, 2 suítes, 2 garagens, no bairro Pedra Branca em Palhoça",Palhoça/SC,Palhoça,Pedra Branca,Rua Dos Cardeais,Valor:R$ 1.250.000,1250000.0,98.0,3.0,2.0,NULL,venda
https://www.brognoli.com.br/imovel/comprar-casa-residencial-com-202m-3-quartos-no-bairro-pedra-branca-em-palhoca_C51-50898/,"Casa Residencial com 202m², 3 quartos, 1 suíte, 2 garagens, no bairro Pedra Branca em Palhoça",Palhoça/SC,Palhoça,Pedra Branca,Rua Das Macieiras,Valor:R$ 1.990.000,1990000.0,202.0,3.0,2.0,NULL,venda
https://www.brognoli.com.br/imovel/comprar-terreno-comercial-residencial-com-611m-no-bairro-alto-aririu-em-palhoca_T78-50742/,"Terreno Comercial/Residencial com 611m², no bairro Alto Aririu em Palhoça",Palhoça/SC,Palhoça,Alto Aririu,Rua Torcate Martins,Valor:R$ 375.000,375000.0,611.0,NULL,NULL,NULL,venda
https://www.brognoli.com.br/imovel/comprar-casa-residencial-com-187m-3-quartos-no-bairro-pedra-branca-em-palhoca_C95-50744/,"Casa Residencial com 187m², 3 quartos, 1 suíte, 2 garagens, no bairro Pedra Branca em Palhoça",Palhoça/SC,Palhoça,Pedra Branca,Rua Dos Canários,Valor:R$ 2.100.000,2100000.0,187.0,3.0,2.0,NULL,venda
https://www.brognoli.com.br/imovel/alugar-galpao-com-515m-no-bairro-serraria-em-sao-jose_9745/,"Galpão com 515m², no bairro Serraria em São José",São José/SC,São José,Serraria,Travessa Nelson Miguel Da Silva,Valor:R$ 11.900,11900.0,515.0,NULL,NULL,NULL,aluguel
https://www.brognoli.com.br/imovel/alugar-galpao-com-2260m-no-bairro-rocado-em-sao-jose_9716/,"Galpão com 2260m², 15 garagens, no bairro Roçado em São José",São José/SC,São José,Roçado,Rodovia Br101,Valor:R$ 85.000,85000.0,2260.0,NULL,15.0,NULL,aluguel
https://www.brognoli.com.br/imovel/alugar-galpao-com-810m-no-bairro-areias-em-sao-jose_9663/,"Galpão com 810m², 8 garagens, no bairro Areias em São José",São José/SC,São José,Areias,Rua Fernandes Cardoso Da Silva,Valor:R$ 19.900,19900.0,810.0,NULL,8.0,NULL,aluguel
https://www.brognoli.com.br/imovel/alugar-apartamento-com-64m-2-quartos-no-bairro-barreiros-em-sao-jose_9180/,"Apartamento com 64m², 2 quartos, 1 suíte, 1 garagem, no bairro Barreiros em São José",São José/SC,São José,Barreiros,Rua Antônio Luiz Medeiros,Valor:R$ 2.600,2600.0,64.0,2.0,1.0,NULL,aluguel
https://www.brognoli.com.br/imovel/alugar-galpao-com-350m-no-bairro-serraria-em-sao-jose_8750/,"Galpão com 350m², no bairro Serraria em São José",São José/SC,São José,101,Rod. Br,Valor:R$ 6.900,6900.0,350.0,NULL,NULL,NULL,aluguel
https://www.brognoli.com.br/imovel/alugar-terreno-com-10000m-no-bairro-praia-comprida-em-sao-jose_8714/,"Terreno com 10000m², no bairro Praia Comprida em São José",São José/SC,São José,Praia Comprida,Rua João Grumiche,Valor:R$ 25.000,25000.0,10000.0,NULL,NULL,NULL,aluguel
https://www.brognoli.com.br/imovel/alugar-casa-com-600m-5-quartos-no-bairro-jardim-cidade-de-florianopolis-em-sao-jose_6788/,"Casa com 600m², 5 quartos, 5 suítes, 10 garagens, no bairro Jardim Cidade de Florianópolis em São José",São José/SC,São José,Jardim Cidade De Florianópolis,Rua Guilherme Jacob Buch,Valor:R$ 19.000,19000.0,600.0,5.0,10.0,NULL,aluguel
https://www.brognoli.com.br/imovel/comprar-terreno-comercial-residencial-com-1095m-no-bairro-floresta-em-sao-jose_T149-57662/,"Terreno Comercial/Residencial com 1095m², no bairro Floresta em São José",São José/SC,São José,Floresta,Rua Rudolfo Jacob Schaeffer,Valor:R$ 3.900.000,3900000.0,1095.0,NULL,NULL,NULL,venda
https://www.brognoli.com.br/imovel/comprar-apartamentos-com-62m-2-quartos-no-bairro-nossa-senhora-do-rosario-em-sao-jose_A107-57644/,"Apartamentos com 62m², 2 quartos, 1 garagem, no bairro Nossa Senhora Do Rosário em São José",São José/SC,São José,Nossa Senhora Do Rosário,Rua Walfrides W. Martins,Valor:R$ 395.000,395000.0,62.0,2.0,1.0,NULL,venda
https://www.brognoli.com.br/imovel/comprar-apartamentos-com-38m-1-quarto-no-bairro-kobrasol-em-sao-jose_A136-57646/,"Apartamentos com 38m², 1 quarto, no bairro Kobrasol em São José",São José/SC,São José,Kobrasol,Rua Caetano José Ferreira,Valor:R$ 329.000,329000.0,38.0,NULL,0.0,NULL,venda
https://www.brognoli.com.br/imovel/comprar-apartamentos-com-58m-1-quarto-no-bairro-kobrasol-em-sao-jose_A153-57637/,"Apartamentos com 58m², 1 quarto, no bairro Kobrasol em São José",São José/SC,São José,Kobrasol,Rua Antônio Scherer,Valor:R$ 348.000,348000.0,58.0,NULL,0.0,NULL,venda
https://www.brognoli.com.br/imovel/comprar-cobertura-com-139m-3-quartos-no-bairro-campinas-em-sao-jose_A78-57624/,"Cobertura com 139m², 3 quartos, 1 suíte, 1 garagem, no bairro Campinas em São José",São José/SC,São José,Campinas,Rua João Saturnino Ouriques,Valor:R$ 925.000,925000.0,139.0,3.0,1.0,NULL,venda
https://www.brognoli.com.br/imovel/comprar-apartamentos-com-75m-3-quartos-no-bairro-areias-em-sao-jose_A153-57618/,"Apartamentos com 75m², 3 quartos, 1 suíte, 1 garagem, no bairro Areias em São José",São José/SC,São José,Areias,Rua Sebastiana Coutinho,Valor:R$ 780.000,780000.0,75.0,3.0,1.0,NULL,venda
https://www.brognoli.com.br/imovel/comprar-apartamentos-com-61m-2-quartos-no-bairro-ponta-de-baixo-em-sao-jose_A96-57613/,"Apartamentos com 61m², 2 quartos, no bairro Ponta De Baixo em São José",São José/SC,São José,Ponta De Baixo,Rua Assis Brasil,Valor:R$ 265.000,265000.0,61.0,2.0,NULL,NULL,venda
https://www.brognoli.com.br/imovel/comprar-apartamentos-com-80m-3-quartos-no-bairro-ponta-de-baixo-em-sao-jose_A96-57609/,"Apartamentos com 80m², 3 quartos, 1 garagem, no bairro Ponta De Baixo em São José",São José/SC,São José,Ponta De Baixo,Rua Assis Brasil,Valor:R$ 440.000,440000.0,80.0,3.0,1.0,NULL,venda
https://www.brognoli.com.br/imovel/comprar-apartamentos-com-63m-2-quartos-no-bairro-jardim-cidade-de-florianopolis-em-sao-jose_A48-57571/,"Apartamentos com 63m², 2 quartos, 1 suíte, 1 garagem, no bairro Jardim Cidade De Florianópolis em São José",São José/SC,São José,Jardim Cidade De Florianópolis,Rua Guilherme Jacob Buch,Valor:R$ 480.000,480000.0,63.0,2.0,1.0,NULL,venda
https://www.brognoli.com.br/imovel/comprar-casa-residencial-com-115m-2-quartos-no-bairro-forquilhas-em-sao-jose_C58/,"Casa Residencial com 115m², 2 quartos, 3 garagens, no bairro Forquilhas em São José",São José/SC,São José,Forquilhas,Rua Brinco De Princesa,Valor:R$ 580.000,580000.0,115.0,2.0,3.0,NULL,venda
https://www.brognoli.com.br/imovel/comprar-apartamentos-com-112m-3-quartos-no-bairro-serraria-em-sao-jose_A32-57546/,"Apartamentos com 112m², 3 quartos, 1 suíte, 2 garagens, no bairro Serraria em São José",São José/SC,São José,101,Rodovia Br,Valor:R$ 899.000,899000.0,112.0,3.0,2.0,NULL,venda
https://www.brognoli.com.br/imovel/comprar-apartamentos-com-40m-2-quartos-no-bairro-forquilhas-em-sao-jose_A107-57524/,"Apartamentos com 40m², 2 quartos, 1 garagem, no bairro Forquilhas em São José",São José/SC,São José,Forquilhas,Rua Vidal Vicente Andrade,Valor:R$ 299.000,299000.0,40.0,2.0,1.0,NULL,venda
https://www.brognoli.com.br/imovel/comprar-terreno-comercial-residencial-com-1735m-no-bairro-areias-em-sao-jose_T31-57526/,"Terreno Comercial/Residencial com 1735m², no bairro Areias em São José",São José/SC,São José,Areias,Rua Hamilton Ferreira,Valor:R$ 1.450.000,1450000.0,1735.0,NULL,NULL,NULL,venda
https://www.brognoli.com.br/imovel/comprar-apartamentos-com-76m-3-quartos-no-bairro-jardim-cidade-de-florianopolis-em-sao-jose_A78-57527/,"Apartamentos com 76m², 3 quartos, 1 suíte, 1 garagem, no bairro Jardim Cidade De Florianópolis em São José",São José/SC,São José,Jardim Cidade De Florianópolis,Rua Cândido Amaro Damásio,Valor:R$ 545.000,545000.0,76.0,3.0,1.0,NULL,venda
https://www.brognoli.com.br/imovel/comprar-apartamentos-com-68m-2-quartos-no-bairro-barreiros-em-sao-jose_A78-57500/,"Apartamentos com 68m², 2 quartos, 1 suíte, 2 garagens, no bairro Barreiros em São José",São José/SC,São José,Barreiros,Rua Coronel Américo,Valor:R$ 650.000,650000.0,68.0,2.0,2.0,NULL,venda
https://www.brognoli.com.br/imovel/comprar-terreno-comercial-residencial-com-1753m-no-bairro-praia-comprida-em-sao-jose_T6-57496/,"Terreno Comercial/Residencial com 1753m², no bairro Praia Comprida em São José",São José/SC,São José,Praia Comprida,Rua Doutor Constâncio Krummel,Valor:R$ 8.500.000,8500000.0,1753.0,NULL,NULL,NULL,venda
https://www.brognoli.com.br/imovel/comprar-terrenos-residenciais-com-233m-no-bairro-forquilhas-em-sao-jose_T153-57475/,"Terrenos Residenciais com 233m², no bairro Forquilhas em São José",São José/SC,São José,Forquilhas,Rua Celésio Michels,Valor:R$ 180.000,180000.0,233.0,NULL,NULL,NULL,venda
https://www.brognoli.com.br/imovel/comprar-casa-residencial-com-70m-3-quartos-no-bairro-forquilhas-em-sao-jose_C148-57465/,"Casa Residencial com 70m², 3 quartos, 1 suíte, 1 garagem, no bairro Forquilhas em São José",São José/SC,São José,Forquilhas,Rua Braga,Valor:R$ 700.000,700000.0,70.0,3.0,1.0,NULL,venda
https://www.brognoli.com.br/imovel/comprar-apartamentos-com-159m-4-quartos-no-bairro-floresta-em-sao-jose_A96-57460/,"Apartamentos com 159m², 4 quartos, 4 suítes, 2 garagens, no bairro Floresta em São José",São José/SC,São José,Floresta,Rua Otávio Do Patrocínio Medeiros,Valor:R$ 1.425.523,1425523.0,159.0,4.0,2.0,NULL,venda
https://www.brognoli.com.br/imovel/comprar-apartamentos-com-159m-4-quartos-no-bairro-floresta-em-sao-jose_A96-57457/,"Apartamentos com 159m², 4 quartos, 4 suítes, 2 garagens, no bairro Floresta em São José",São José/SC,São José,Floresta,Rua Otávio Do Patrocínio Medeiros,Valor:R$ 1.363.408,1363408.0,159.0,4.0,2.0,NULL,venda
https://www.brognoli.com.br/imovel/comprar-apartamentos-com-154m-4-quartos-no-bairro-floresta-em-sao-jose_A96-57455/,"Apartamentos com 154m², 4 quartos, 4 suítes, 2 garagens, no bairro Floresta em São José",São José/SC,São José,Floresta,Rua Otávio Do Patrocínio Medeiros,Valor:R$ 1.300.756,1300756.0,154.0,4.0,2.0,NULL,venda
https://www.brognoli.com.br/imovel/comprar-sobrado-residencial-com-77m-2-quartos-no-bairro-potecas-em-sao-jose_C90-57449/,"Sobrado Residencial com 77m², 2 quartos, 2 suítes, 1 garagem, no bairro Potecas em São José",São José/SC,São José,Potecas,Rua Elvira Ruschel Fett,Valor:R$ 460.000,460000.0,77.0,2.0,1.0,NULL,venda
https://www.brognoli.com.br/imovel/comprar-apartamentos-com-40m-2-quartos-no-bairro-forquilhas-em-sao-jose_A107-57434/,"Apartamentos com 40m², 2 quartos, 1 garagem, no bairro Forquilhas em São José",São José/SC,São José,Forquilhas,Rua Vidal Vicente Andrade,Valor:R$ 245.000,245000.0,40.0,2.0,1.0,NULL,venda
https://www.brognoli.com.br/imovel/comprar-apartamentos-com-72m-2-quartos-no-bairro-ipiranga-em-sao-jose_A149-57436/,"Apartamentos com 72m², 2 quartos, 1 garagem, no bairro Ipiranga em São José",São José/SC,São José,Ipiranga,Rua Otto Júlio Malina,Valor:R$ 477.000,477000.0,72.0,2.0,1.0,NULL,venda
https://www.brognoli.com.br/imovel/comprar-apartamentos-com-57m-2-quartos-no-bairro-barreiros-em-sao-jose_A69-57427/,"Apartamentos com 57m², 2 quartos, 1 garagem, no bairro Barreiros em São José",São José/SC,São José,Barreiros,Rua Santo Antônio,Valor:R$ 570.000,570000.0,57.0,2.0,1.0,NULL,venda
https://www.brognoli.com.br/imovel/comprar-apartamentos-com-48m-2-quartos-no-bairro-rocado-em-sao-jose_A6-57426/,"Apartamentos com 48m², 2 quartos, 1 garagem, no bairro Roçado em São José",São José/SC,São José,Roçado,Rua José Airton De Castro,Valor:R$ 280.000,280000.0,48.0,2.0,1.0,NULL,venda
https://www.brognoli.com.br/imovel/comprar-casa-residencial-com-207m-3-quartos-no-bairro-rocado-em-sao-jose_C47-57388/,"Casa Residencial com 207m², 3 quartos, 1 suíte, 2 garagens, no bairro Roçado em São José",São José/SC,São José,Roçado,Rua Santos Dumont,Valor:R$ 850.000,850000.0,207.0,3.0,2.0,NULL,venda
https://www.brognoli.com.br/imovel/comprar-cobertura-com-267m-3-quartos-no-bairro-campinas-em-sao-jose_CB153-57394/,"Cobertura com 267m², 3 quartos, 1 suíte, 2 garagens, no bairro Campinas em São José",São José/SC,São José,Campinas,Rua Vereador Valter Borges,Valor:R$ 1.800.000,1800000.0,267.0,3.0,2.0,NULL,venda
https://www.brognoli.com.br/imovel/comprar-apartamentos-com-90m-3-quartos-no-bairro-barreiros-em-sao-jose_A64-57369/,"Apartamentos com 90m², 3 quartos, 1 suíte, 1 garagem, no bairro Barreiros em São José",São José/SC,São José,Barreiros,Rua Santo Antônio,Valor:R$ 870.000,870000.0,90.0,3.0,1.0,NULL,venda
https://www.brognoli.com.br/imovel/comprar-apartamentos-com-61m-2-quartos-no-bairro-barreiros-em-sao-jose_A36-57363/,"Apartamentos com 61m², 2 quartos, 1 garagem, no bairro Barreiros em São José",São José/SC,São José,Barreiros,Rua Pintor Eduardo Dias,Valor:R$ 450.000,450000.0,61.0,2.0,1.0,NULL,venda
https://www.brognoli.com.br/imovel/comprar-apartamentos-com-65m-3-quartos-no-bairro-ipiranga-em-sao-jose_A159-57357/,"Apartamentos com 65m², 3 quartos, 1 garagem, no bairro Ipiranga em São José",São José/SC,São José,Ipiranga,Rua Idivaldo Horácio Da Silveira,Valor:R$ 320.000,320000.0,65.0,3.0,1.0,NULL,venda
https://www.brognoli.com.br/imovel/comprar-apartamentos-com-92m-2-quartos-no-bairro-barreiros-em-sao-jose_A149-57345/,"Apartamentos com 92m², 2 quartos, 1 suíte, 2 garagens, no bairro Barreiros em São José",São José/SC,São José,Barreiros,Rua Coronel Américo,Valor:R$ 905.000,905000.0,92.0,2.0,2.0,NULL,venda
https://www.brognoli.com.br/imovel/comprar-apartamentos-com-56m-2-quartos-no-bairro-barreiros-em-sao-jose_A96-57346/,"Apartamentos com 56m², 2 quartos, no bairro Barreiros em São José",São José/SC,São José,Barreiros,Rua Nelson Silva,Valor:R$ 380.000,380000.0,56.0,2.0,NULL,NULL,venda
https://www.brognoli.com.br/imovel/comprar-apartamentos-com-60m-2-quartos-no-bairro-areias-em-sao-jose_A64-57334/,"Apartamentos com 60m², 2 quartos, 1 suíte, 1 garagem, no bairro Areias em São José",São José/SC,São José,Areias,Rua Álvaro Medeiros Santiago,Valor:R$ 461.000,461000.0,60.0,2.0,1.0,NULL,venda
https://www.brognoli.com.br/imovel/comprar-casa-residencial-com-206m-4-quartos-no-bairro-ponta-de-baixo-em-sao-jose_C159-57328/,"Casa Residencial com 206m², 4 quartos, 3 suítes, 4 garagens, no bairro Ponta De Baixo em São José",São José/SC,São José,Ponta De Baixo,Rua Romanos Goedert,Valor:R$ 2.700.000,2700000.0,206.0,4.0,4.0,NULL,venda
https://www.brognoli.com.br/imovel/comprar-casa-residencial-com-156m-4-quartos-no-bairro-barreiros-em-sao-jose_C23-57301/,"Casa Residencial com 156m², 4 quartos, 1 suíte, 3 garagens, no bairro Barreiros em São José",São José/SC,São José,Barreiros,Rua Coronel Américo,Valor:R$ 1.250.000,1250000.0,156.0,4.0,3.0,NULL,venda
https://www.brognoli.com.br/imovel/comprar-apartamentos-com-55m-2-quartos-no-bairro-campinas-em-sao-jose_A48-57317/,"Apartamentos com 55m², 2 quartos, 1 garagem, no bairro Campinas em São José",São José/SC,São José,Campinas,Rua Vereador Mário Coelho Pires,Valor:R$ 480.000,480000.0,55.0,2.0,1.0,NULL,venda
https://www.brognoli.com.br/imovel/comprar-apartamentos-com-39m-1-quarto-no-bairro-barreiros-em-sao-jose_A159-57308/,"Apartamentos com 39m², 1 quarto, 1 garagem, no bairro Barreiros em São José",São José/SC,São José,Barreiros,Rua Manoel Loureiro,Valor:R$ 480.000,480000.0,39.0,NULL,1.0,NULL,venda
https://www.brognoli.com.br/imovel/comprar-casa-residencial-com-80m-3-quartos-no-bairro-serraria-em-sao-jose_C42-57288/,"Casa Residencial com 80m², 3 quartos, 1 suíte, 2 garagens, no bairro Serraria em São José",São José/SC,São José,Serraria,Rua Mauricila Ribeiro De Santana Soares,Valor:R$ 580.000,580000.0,80.0,3.0,2.0,NULL,venda
https://www.brognoli.com.br/imovel/comprar-terreno-comercial-residencial-com-720m-no-bairro-jardim-cidade-de-florianopolis-em-sao-jose_T153-57287/,"Terreno Comercial/Residencial com 720m², no bairro Jardim Cidade De Florianópolis em São José",São José/SC,São José,Jardim Cidade De Florianópolis,Rua Cândido Amaro Damásio,Valor:R$ 980.000,980000.0,720.0,NULL,NULL,NULL,venda
https://www.brognoli.com.br/imovel/comprar-apartamentos-com-103m-3-quartos-no-bairro-campinas-em-sao-jose_A106-57280/,"Apartamentos com 103m², 3 quartos, 1 suíte, 1 garagem, no bairro Campinas em São José",São José/SC,São José,Campinas,Rua Irmãos Vieira,Valor:R$ 800.000,800000.0,103.0,3.0,1.0,NULL,venda
https://www.brognoli.com.br/imovel/comprar-apartamentos-com-143m-3-quartos-no-bairro-campinas-em-sao-jose_A148-57282/,"Apartamentos com 143m², 3 quartos, 3 suítes, 3 garagens, no bairro Campinas em São José",São José/SC,São José,Campinas,Rua Vereador Walter Borges,Valor:R$ 1.750.000,1750000.0,143.0,3.0,3.0,NULL,venda
https://www.brognoli.com.br/imovel/comprar-apartamentos-com-69m-2-quartos-no-bairro-forquilhinha-em-sao-jose_A153-57286/,"Apartamentos com 69m², 2 quartos, 2 garagens, no bairro Forquilhinha em São José",São José/SC,São José,Forquilhinha,Rua Manoel Fermiano De Melo,Valor:R$ 348.000,348000.0,69.0,2.0,2.0,NULL,venda
https://www.brognoli.com.br/imovel/comprar-apartamentos-com-53m-2-quartos-no-bairro-ipiranga-em-sao-jose_A153-57271/,"Apartamentos com 53m², 2 quartos, 1 garagem, no bairro Ipiranga em São José",São José/SC,São José,Ipiranga,Rua Bom Pastor,Valor:R$ 349.000,349000.0,53.0,2.0,1.0,NULL,venda
https://www.brognoli.com.br/imovel/comprar-apartamentos-com-79m-2-quartos-no-bairro-jardim-cidade-de-florianopolis-em-sao-jose_A37-57257/,"Apartamentos com 79m², 2 quartos, 1 suíte, 1 garagem, no bairro Jardim Cidade De Florianópolis em São José",São José/SC,São José,Jardim Cidade De Florianópolis,Rua Domingos Pedro Hermes,Valor:R$ 510.000,510000.0,79.0,2.0,1.0,NULL,venda
https://www.brognoli.com.br/imovel/comprar-casa-residencial-comercial-com-238m-no-bairro-kobrasol-em-sao-jose_C153-57242/,"Casa Residencial/Comercial com 238m², no bairro Kobrasol em São José",São José/SC,São José,Kobrasol,Rua Tiradentes,Valor:R$ 1.500.000,1500000.0,238.0,NULL,NULL,NULL,venda
https://www.brognoli.com.br/imovel/comprar-apartamentos-com-95m-1-quarto-no-bairro-barreiros-em-sao-jose_A78-57216/,"Apartamentos com 95m², 1 quarto, 1 suíte, 2 garagens, no bairro Barreiros em São José",São José/SC,São José,Barreiros,Rua Virgilino Ferreira De Souza,Valor:R$ 930.000,930000.0,95.0,NULL,2.0,NULL,venda
https://www.brognoli.com.br/imovel/comprar-apartamentos-com-79m-3-quartos-no-bairro-nossa-senhora-do-rosario-em-sao-jose_A153-57203/,"Apartamentos com 79m², 3 quartos, 1 suíte, 1 garagem, no bairro Nossa Senhora Do Rosário em São José",São José/SC,São José,Nossa Senhora Do Rosário,Rua João Nilo Morfim,Valor:R$ 498.000,498000.0,79.0,3.0,1.0,NULL,venda
https://www.brognoli.com.br/imovel/comprar-casa-residencial-com-220m-4-quartos-no-bairro-jardim-cidade-de-florianopolis-em-sao-jose_C45-57166/,"Casa Residencial com 220m², 4 quartos, 2 suítes, 3 garagens, no bairro Jardim Cidade De Florianópolis em São José",São José/SC,São José,Jardim Cidade De Florianópolis,Rua Guilherme Jacob Buch,Valor:R$ 1.100.000,1100000.0,220.0,4.0,3.0,NULL,venda
https://www.brognoli.com.br/imovel/comprar-apartamentos-com-59m-3-quartos-no-bairro-potecas-em-sao-jose_A4-57169/,"Apartamentos com 59m², 3 quartos, 1 garagem, no bairro Potecas em São José",São José/SC,São José,Potecas,Rua Valdemiro Manoel Vieira,Valor:R$ 330.000,330000.0,59.0,3.0,1.0,NULL,venda
https://www.brognoli.com.br/imovel/comprar-apartamentos-com-82m-3-quartos-no-bairro-jardim-cidade-de-florianopolis-em-sao-jose_A107-57157/,"Apartamentos com 82m², 3 quartos, 1 suíte, 2 garagens, no bairro Jardim Cidade De Florianópolis em São José",São José/SC,São José,Jardim Cidade De Florianópolis,Rua Domingos Pedro Hermes,Valor:R$ 692.000,692000.0,82.0,3.0,2.0,NULL,venda
https://www.brognoli.com.br/imovel/comprar-apartamentos-com-63m-2-quartos-no-bairro-kobrasol-em-sao-jose_A6-57170/,"Apartamentos com 63m², 2 quartos, 1 garagem, no bairro Kobrasol em São José",São José/SC,São José,Kobrasol,Rua Antônio Scherer,Valor:R$ 470.000,470000.0,63.0,2.0,1.0,NULL,venda
https://www.brognoli.com.br/imovel/comprar-terreno-comercial-residencial-com-300m-no-bairro-barreiros-em-sao-jose_T152-57151/,"Terreno Comercial/Residencial com 300m², no bairro Barreiros em São José",São José/SC,São José,Barreiros,Rua Santo Antônio,Valor:R$ 500.000,500000.0,300.0,NULL,NULL,NULL,venda
https://www.brognoli.com.br/imovel/comprar-casa-residencial-com-122m-3-quartos-no-bairro-fazenda-santo-antonio-em-sao-jose_C48-57148/,"Casa Residencial com 122m², 3 quartos, 4 garagens, no bairro Fazenda Santo Antônio em São José",São José/SC,São José,Fazenda Santo Antônio,Rua Alfredo Hermenegildo Rosa,Valor:R$ 780.000,780000.0,122.0,3.0,4.0,NULL,venda
https://www.brognoli.com.br/imovel/comprar-apartamentos-com-74m-3-quartos-no-bairro-nossa-senhora-do-rosario-em-sao-jose_A36-57130/,"Apartamentos com 74m², 3 quartos, 1 suíte, 1 garagem, no bairro Nossa Senhora Do Rosário em São José",São José/SC,São José,Nossa Senhora Do Rosário,Rua Caetana Alves Leite,Valor:R$ 570.000,570000.0,74.0,3.0,1.0,NULL,venda
https://www.brognoli.com.br/imovel/comprar-apartamentos-com-89m-3-quartos-no-bairro-campinas-em-sao-jose_A149-57133/,"Apartamentos com 89m², 3 quartos, 1 suíte, 1 garagem, no bairro Campinas em São José",São José/SC,São José,Campinas,Rua Professora Maria Do Carmo Souza,Valor:R$ 600.000,600000.0,89.0,3.0,1.0,NULL,venda
https://www.brognoli.com.br/imovel/comprar-casa-residencial-com-89m-3-quartos-no-bairro-potecas-em-sao-jose_C64-57110/,"Casa Residencial com 89m², 3 quartos, 2 garagens, no bairro Potecas em São José",São José/SC,São José,Potecas,Rua Helmuth Fett,Valor:R$ 790.000,790000.0,89.0,3.0,2.0,NULL,venda
https://www.brognoli.com.br/imovel/comprar-casa-residencial-com-108m-3-quartos-no-bairro-barreiros-em-sao-jose_C106-57085/,"Casa Residencial com 108m², 3 quartos, 1 suíte, 2 garagens, no bairro Barreiros em São José",São José/SC,São José,Barreiros,Rua Nossa Senhora Aparecida,Valor:R$ 750.000,750000.0,108.0,3.0,2.0,NULL,venda
https://www.brognoli.com.br/imovel/comprar-apartamentos-com-57m-2-quartos-no-bairro-areias-em-sao-jose_A153-57088/,"Apartamentos com 57m², 2 quartos, 1 garagem, no bairro Areias em São José",São José/SC,São José,Areias,Avenida Jaime Estefano Becker,Valor:R$ 292.000,292000.0,57.0,2.0,1.0,NULL,venda
https://www.brognoli.com.br/imovel/comprar-casa-residencial-com-280m-3-quartos-no-bairro-bela-vista-ii-em-sao-jose_C149-57068/,"Casa Residencial com 280m², 3 quartos, 2 garagens, no bairro Bela Vista II em São José",São José/SC,São José,Bela Vista Ii,Rua Antônio Basil Schroeder,Valor:R$ 880.000,880000.0,280.0,3.0,2.0,NULL,venda
https://www.brognoli.com.br/imovel/comprar-casa-residencial-com-189m-3-quartos-no-bairro-centro-em-sao-jose_C107-57063/,"Casa Residencial com 189m², 3 quartos, 1 suíte, 4 garagens, no bairro Centro em São José",São José/SC,São José,Centro,Rua Coletor Irineu Comelli,Valor:R$ 1.350.000,1350000.0,189.0,3.0,4.0,NULL,venda
https://www.brognoli.com.br/imovel/comprar-apartamentos-com-55m-2-quartos-no-bairro-kobrasol-em-sao-jose_A107-57052/,"Apartamentos com 55m², 2 quartos, 1 garagem, no bairro Kobrasol em São José",São José/SC,São José,Kobrasol,Rua Jomilda Camargo Da Cunha,Valor:R$ 455.000,455000.0,55.0,2.0,1.0,NULL,venda
https://www.brognoli.com.br/imovel/comprar-casa-residencial-com-260m-3-quartos-no-bairro-nossa-senhora-do-rosario-em-sao-jose_C149-57057/,"Casa Residencial com 260m², 3 quartos, 1 suíte, 6 garagens, no bairro Nossa Senhora Do Rosário em São José",São José/SC,São José,Nossa Senhora Do Rosário,Rua Nossa Senhora Do Rosário,Valor:R$ 1.200.000,1200000.0,260.0,3.0,6.0,NULL,venda
https://www.brognoli.com.br/imovel/comprar-casa-residencial-comercial-com-230m-no-bairro-jardim-cidade-de-florianopolis-em-sao-jose_C132-57036/,"Casa Residencial/Comercial com 230m², 2 garagens, no bairro Jardim Cidade De Florianópolis em São José",São José/SC,São José,Jardim Cidade De Florianópolis,Rua Maria Júlia Da Luz,Valor:R$ 650.000,650000.0,230.0,NULL,2.0,NULL,venda
https://www.brognoli.com.br/imovel/comprar-apartamentos-com-125m-3-quartos-no-bairro-campinas-em-sao-jose_A1-57028/,"Apartamentos com 125m², 3 quartos, 1 suíte, 1 garagem, no bairro Campinas em São José",São José/SC,São José,Campinas,Rua Elizeu Di Bernardi,Valor:R$ 899.000,899000.0,125.0,3.0,1.0,NULL,venda
https://www.brognoli.com.br/imovel/comprar-apartamentos-com-134m-3-quartos-no-bairro-kobrasol-em-sao-jose_A23-57027/,"Apartamentos com 134m², 3 quartos, 1 suíte, 1 garagem, no bairro Kobrasol em São José",São José/SC,São José,Kobrasol,Rua Adhemar Da Silva,Valor:R$ 940.000,940000.0,134.0,3.0,1.0,NULL,venda
https://www.brognoli.com.br/imovel/comprar-apartamentos-com-108m-3-quartos-no-bairro-kobrasol-em-sao-jose_A40-57002/,"Apartamentos com 108m², 3 quartos, 1 suíte, 1 garagem, no bairro Kobrasol em São José",São José/SC,São José,Kobrasol,Rua Delamar José Da Silva,Valor:R$ 890.000,890000.0,108.0,3.0,1.0,NULL,venda
https://www.brognoli.com.br/imovel/comprar-cobertura-com-134m-3-quartos-no-bairro-nossa-senhora-do-rosario-em-sao-jose_CB159-56999/,"Cobertura com 134m², 3 quartos, 1 suíte, 1 garagem, no bairro Nossa Senhora Do Rosário em São José",São José/SC,São José,Nossa Senhora Do Rosário,Rua Maria Filomena Da Silva,Valor:R$ 950.000,950000.0,134.0,3.0,1.0,NULL,venda
https://www.brognoli.com.br/imovel/comprar-apartamentos-com-47m-2-quartos-no-bairro-forquilhas-em-sao-jose_A4-56960/,"Apartamentos com 47m², 2 quartos, 1 garagem, no bairro Forquilhas em São José",São José/SC,São José,Forquilhas,Rua Urano Pires,Valor:R$ 240.000,240000.0,47.0,2.0,1.0,NULL,venda
https://www.brognoli.com.br/imovel/comprar-apartamentos-com-111m-3-quartos-no-bairro-campinas-em-sao-jose_A107-56952/,"Apartamentos com 111m², 3 quartos, 3 suítes, 2 garagens, no bairro Campinas em São José",São José/SC,São José,Campinas,Avenida Cruz E Souza,Valor:R$ 1.490.000,1490000.0,111.0,3.0,2.0,NULL,venda
https://www.brognoli.com.br/imovel/comprar-apartamentos-com-59m-2-quartos-no-bairro-serraria-em-sao-jose_A148-56951/,"Apartamentos com 59m², 2 quartos, 1 garagem, no bairro Serraria em São José",São José/SC,São José,Serraria,Rua Josefina Borsatto,Valor:R$ 318.000,318000.0,59.0,2.0,1.0,NULL,venda
https://www.brognoli.com.br/imovel/comprar-apartamentos-com-64m-2-quartos-no-bairro-real-parque-em-sao-jose_A21-56944/,"Apartamentos com 64m², 2 quartos, 1 garagem, no bairro Real Parque em São José",São José/SC,São José,Real Parque,Rua Cristo Rei,Valor:R$ 345.000,345000.0,64.0,2.0,1.0,NULL,venda
https://www.brognoli.com.br/imovel/comprar-apartamentos-com-96m-3-quartos-no-bairro-kobrasol-em-sao-jose_A51-56941/,"Apartamentos com 96m², 3 quartos, 2 suítes, 1 garagem, no bairro Kobrasol em São José",São José/SC,São José,Kobrasol,Rua Adhemar Da Silva,Valor:R$ 750.000,750000.0,96.0,3.0,1.0,NULL,venda
https://www.brognoli.com.br/imovel/comprar-apartamentos-com-43m-1-quarto-no-bairro-kobrasol-em-sao-jose_A21-56938/,"Apartamentos com 43m², 1 quarto, no bairro Kobrasol em São José",São José/SC,São José,Kobrasol,Avenida Lédio João Martins,Valor:R$ 330.000,330000.0,43.0,NULL,0.0,NULL,venda
https://www.brognoli.com.br/imovel/comprar-casa-residencial-com-145m-5-quartos-no-bairro-distrito-industrial-em-sao-jose_C23-56935/,"Casa Residencial com 145m², 5 quartos, 1 suíte, 5 garagens, no bairro Distrito Industrial em São José",São José/SC,São José,Distrito Industrial,Rua Arnoldo Silveira De Souza,Valor:R$ 760.000,760000.0,145.0,5.0,5.0,NULL,venda
https://www.imoveis-sc.com.br/biguacu/comprar/apartamento/rio-caveiras/apartamento-biguacu-rio-caveiras-1468543.html,Apartamento no Bairro Rio Caveiras em Biguaçu com 2 Dormitórios - 763106,"Biguaçu, Rio Caveiras",Biguaçu,Rio Caveiras,NULL,"R$ 320.000,00",320000.0,NULL,2.0,NULL,NULL,venda
https://www.imoveis-sc.com.br/biguacu/comprar/apartamento/centro/apartamento-biguacu-centro-1468084.html,Apartamento no Bairro Centro em Biguaçu com 3 Dormitórios (3 suítes) - 725733,"Biguaçu, Centro",Biguaçu,Centro,NULL,"R$ 5.300.000,00",5300000.0,NULL,3.0,3.0,3.0,venda
https://www.imoveis-sc.com.br/biguacu/comprar/apartamento/centro/apartamento-biguacu-centro-1467902.html,Apartamento no Bairro Centro em Biguaçu com 3 Dormitórios (3 suítes) - 725733,"Biguaçu, Centro",Biguaçu,Centro,NULL,"R$ 5.300.000,00",5300000.0,NULL,3.0,3.0,3.0,venda
https://www.imoveis-sc.com.br/biguacu/comprar/apartamento/praia-joao-rosa/apartamento-biguacu-praia-joao-rosa-1424313.html,Apartamento no Bairro Praia João Rosa em Biguaçu com 2 Dormitórios - 714648,"Biguaçu, Praia João Rosa",Biguaçu,Praia João Rosa,NULL,"R$ 421.000,00",421000.0,NULL,2.0,1.0,NULL,venda
https://www.imoveis-sc.com.br/biguacu/comprar/terreno/centro/terreno-biguacu-centro-1267897.html,Terreno no Bairro Centro em Biguaçu com 360 m² - 16053,"Biguaçu, Centro",Biguaçu,Centro,NULL,"R$ 468.000,00",468000.0,NULL,NULL,NULL,NULL,venda
https://www.imoveis-sc.com.br/biguacu/comprar/apartamento/universitario/apartamento-biguacu-universitario-1441891.html,Apartamento no Bairro Universitário em Biguaçu com 3 Dormitórios (1 suíte) - 676894,"Biguaçu, Universitário",Biguaçu,Universitário,NULL,"R$ 560.000,00",560000.0,NULL,3.0,1.0,1.0,venda
https://www.imoveis-sc.com.br/biguacu/comprar/terreno/beira-rio/terreno-biguacu-beira-rio-1380845.html,Terreno no Bairro Beira Rio em Biguaçu com 300 m² - 635518,"Biguaçu, Beira Rio",Biguaçu,Beira Rio,NULL,"R$ 585.000,00",585000.0,NULL,NULL,NULL,NULL,venda
https://www.imoveis-sc.com.br/biguacu/comprar/casa/vendaval/casa-biguacu-vendaval-1418013.html,Casa no Bairro Vendaval em Biguaçu com 2 Dormitórios - 689919,"Biguaçu, Vendaval",Biguaçu,Vendaval,NULL,"R$ 590.000,00",590000.0,NULL,2.0,3.0,NULL,venda
https://www.imoveis-sc.com.br/biguacu/comprar/casa/praia-joao-rosa/casa-biguacu-praia-joao-rosa-1409424.html,Casa no Bairro Praia João Rosa em Biguaçu com 3 Dormitórios (1 suíte) - 695403,"Biguaçu, Praia João Rosa",Biguaçu,Praia João Rosa,NULL,"R$ 658.000,00",658000.0,NULL,3.0,NULL,1.0,venda
https://www.imoveis-sc.com.br/biguacu/comprar/casa/fundos/casa-biguacu-fundos-1374930.html,Casa no Bairro Fundos em Biguaçu com 4 Dormitórios - 631115,"Biguaçu, Fundos",Biguaçu,Fundos,NULL,"R$ 670.000,00",670000.0,NULL,4.0,NULL,NULL,venda
https://www.imoveis-sc.com.br/biguacu/comprar/apartamento/praia-joao-rosa/apartamento-biguacu-praia-joao-rosa-1380857.html,Apartamento no Bairro Praia João Rosa em Biguaçu com 3 Dormitórios (1 suíte) - 495434,"Biguaçu, Praia João Rosa",Biguaçu,Praia João Rosa,NULL,"R$ 680.000,00",680000.0,NULL,3.0,1.0,1.0,venda
https://www.imoveis-sc.com.br/biguacu/comprar/casa/boa-vista/casa-biguacu-boa-vista-1432467.html,Casa no Bairro Boa Vista em Biguaçu com 2 Dormitórios (1 suíte) - 721298,"Biguaçu, Boa Vista",Biguaçu,Boa Vista,NULL,"R$ 690.000,00",690000.0,NULL,2.0,3.0,1.0,venda
https://www.imoveis-sc.com.br/biguacu/comprar/apartamento/praia-joao-rosa/apartamento-biguacu-praia-joao-rosa-1358636.html,Apartamento no Bairro Praia João Rosa em Biguaçu com 3 Dormitórios (1 suíte) - 487877,"Biguaçu, Praia João Rosa",Biguaçu,Praia João Rosa,NULL,"R$ 715.000,00",715000.0,NULL,3.0,1.0,1.0,venda
https://www.imoveis-sc.com.br/biguacu/comprar/apartamento/centro/apartamento-biguacu-centro-1409086.html,Apartamento no Bairro Centro em Biguaçu com 3 Dormitórios (1 suíte) - RMX2323,"Biguaçu, Centro",Biguaçu,Centro,NULL,"R$ 750.000,00",750000.0,NULL,3.0,1.0,1.0,venda
https://www.imoveis-sc.com.br/biguacu/comprar/apartamento/centro/apartamento-biguacu-centro-1401438.html,Apartamento no Bairro Centro em Biguaçu com 3 Dormitórios (1 suíte) - 688685,"Biguaçu, Centro",Biguaçu,Centro,NULL,"R$ 752.000,00",752000.0,NULL,3.0,1.0,1.0,venda
https://www.imoveis-sc.com.br/biguacu/comprar/apartamento/centro/apartamento-biguacu-centro-1387071.html,Apartamento no Bairro Centro em Biguaçu com 2 Dormitórios (1 suíte) - 478310,"Biguaçu, Centro",Biguaçu,Centro,NULL,"R$ 772.309,35",772309.35,NULL,2.0,1.0,1.0,venda
https://www.imoveis-sc.com.br/biguacu/comprar/casa/beira-rio/casa-biguacu-beira-rio-1381903.html,Casa no Bairro Beira Rio em Biguaçu com 3 Dormitórios (1 suíte) - 648301,"Biguaçu, Beira Rio",Biguaçu,Beira Rio,NULL,"R$ 790.000,00",790000.0,NULL,3.0,NULL,1.0,venda
https://www.imoveis-sc.com.br/biguacu/comprar/apartamento/centro/apartamento-biguacu-centro-1369105.html,Apartamento no Bairro Centro em Biguaçu com 3 Dormitórios - 496888,"Biguaçu, Centro",Biguaçu,Centro,NULL,"R$ 950.000,00",950000.0,NULL,3.0,2.0,NULL,venda
https://www.imoveis-sc.com.br/biguacu/comprar/apartamento/centro/apartamento-biguacu-centro-1368547.html,Apartamento no Bairro Centro em Biguaçu com 3 Dormitórios (3 suítes) - 484132,"Biguaçu, Centro",Biguaçu,Centro,NULL,"R$ 1.106.000,00",1106000.0,NULL,3.0,2.0,3.0,venda
https://www.imoveis-sc.com.br/biguacu/comprar/apartamento/centro/apartamento-biguacu-centro-1368546.html,Apartamento no Bairro Centro em Biguaçu com 3 Dormitórios (3 suítes) - 484138,"Biguaçu, Centro",Biguaçu,Centro,NULL,"R$ 1.129.000,00",1129000.0,NULL,3.0,2.0,3.0,venda
https://www.imoveis-sc.com.br/biguacu/comprar/casa/beira-rio/casa-biguacu-beira-rio-1378636.html,Casa no Bairro Beira Rio em Biguaçu com 3 Dormitórios (3 suítes) - 637230,"Biguaçu, Beira Rio",Biguaçu,Beira Rio,NULL,"R$ 1.146.000,00",1146000.0,NULL,3.0,NULL,3.0,venda
https://www.imoveis-sc.com.br/biguacu/comprar/casa/beira-rio/casa-biguacu-beira-rio-1397113.html,Casa no Bairro Beira Rio em Biguaçu com 3 Dormitórios (2 suítes) - 635535,"Biguaçu, Beira Rio",Biguaçu,Beira Rio,NULL,"R$ 1.150.000,00",1150000.0,NULL,3.0,NULL,2.0,venda
https://www.imoveis-sc.com.br/biguacu/comprar/apartamento/centro/apartamento-biguacu-centro-1368545.html,Apartamento no Bairro Centro em Biguaçu com 3 Dormitórios (3 suítes) - 484141,"Biguaçu, Centro",Biguaçu,Centro,NULL,"R$ 1.151.000,00",1151000.0,NULL,3.0,2.0,3.0,venda
https://www.imoveis-sc.com.br/biguacu/comprar/apartamento/centro/apartamento-biguacu-centro-1368544.html,Apartamento no Bairro Centro em Biguaçu com 3 Dormitórios (3 suítes) - 484145,"Biguaçu, Centro",Biguaçu,Centro,NULL,"R$ 1.173.000,00",1173000.0,NULL,3.0,2.0,3.0,venda
https://www.imoveis-sc.com.br/biguacu/comprar/casa/beira-rio/casa-biguacu-beira-rio-1445714.html,Casa no Bairro Beira Rio em Biguaçu com 3 Dormitórios (1 suíte) - 730666,"Biguaçu, Beira Rio",Biguaçu,Beira Rio,NULL,"R$ 1.199.000,00",1199000.0,NULL,3.0,1.0,1.0,venda
https://www.imoveis-sc.com.br/biguacu/comprar/casa/beira-rio/casa-biguacu-beira-rio-1408460.html,Casa no Bairro Beira Rio em Biguaçu com 3 Dormitórios (1 suíte) - RMX2055,"Biguaçu, Beira Rio",Biguaçu,Beira Rio,NULL,"R$ 1.200.000,00",1200000.0,NULL,3.0,4.0,1.0,venda
https://www.imoveis-sc.com.br/biguacu/comprar/casa/beira-rio/casa-biguacu-beira-rio-1445950.html,Casa no Bairro Beira Rio em Biguaçu com 3 Dormitórios (1 suíte) - 730935,"Biguaçu, Beira Rio",Biguaçu,Beira Rio,NULL,"R$ 1.299.000,00",1299000.0,NULL,3.0,1.0,1.0,venda
https://www.imoveis-sc.com.br/biguacu/comprar/casa/beira-rio/casa-biguacu-beira-rio-1381391.html,Casa no Bairro Beira Rio em Biguaçu com 3 Dormitórios (1 suíte) - 646766,"Biguaçu, Beira Rio",Biguaçu,Beira Rio,NULL,"R$ 1.496.000,00",1496000.0,NULL,3.0,2.0,1.0,venda
https://www.imoveis-sc.com.br/biguacu/comprar/casa/beira-rio/casa-biguacu-beira-rio-1428796.html,Casa no Bairro Beira Rio em Biguaçu com 4 Dormitórios (2 suítes) - 721289,"Biguaçu, Beira Rio",Biguaçu,Beira Rio,NULL,"R$ 1.550.000,00",1550000.0,NULL,4.0,NULL,2.0,venda
https://www.imoveis-sc.com.br/biguacu/comprar/terreno/rio-caveiras/terreno-biguacu-rio-caveiras-1379767.html,Terreno no Bairro Rio Caveiras em Biguaçu com 2698.28 m² - 641374,"Biguaçu, Rio Caveiras",Biguaçu,Rio Caveiras,NULL,"R$ 3.500.000,00",3500000.0,NULL,NULL,NULL,NULL,venda
https://www.imoveis-sc.com.br/biguacu/comprar/casa/beira-rio/casa-biguacu-beira-rio-1423248.html,Casa no Bairro Beira Rio em Biguaçu com 4 Dormitórios (1 suíte) - 714576,"Biguaçu, Beira Rio",Biguaçu,Beira Rio,NULL,"R$ 4.245.000,00",4245000.0,NULL,4.0,3.0,1.0,venda
https://www.imoveis-sc.com.br/biguacu/comprar/terreno/beira-rio/terreno-biguacu-beira-rio-1380846.html,Terreno no Bairro Beira Rio em Biguaçu com 150 m² - 635515,"Biguaçu, Beira Rio",Biguaçu,Beira Rio,NULL,"R$ 290.000,00",290000.0,NULL,NULL,NULL,NULL,venda
https://www.imoveis-sc.com.br/biguacu/comprar/casa/fundos/casa-biguacu-fundos-1393682.html,Casa no Bairro Fundos em Biguaçu com 3 Dormitórios (1 suíte) - 673647,"Biguaçu, Fundos",Biguaçu,Fundos,NULL,"R$ 545.000,00",545000.0,NULL,3.0,NULL,1.0,venda
https://www.imoveis-sc.com.br/biguacu/comprar/apartamento/centro/apartamento-biguacu-centro-1415465.html,Apartamento no Bairro Centro em Biguaçu com 3 Dormitórios - 704812,"Biguaçu, Centro",Biguaçu,Centro,NULL,"R$ 680.000,00",680000.0,NULL,3.0,1.0,NULL,venda
https://www.imoveis-sc.com.br/biguacu/comprar/terreno/beira-rio/terreno-biguacu-beira-rio-1332330.html,Terreno no Bairro Beira Rio em Biguaçu com 150.15 m² - 473165,"Biguaçu, Beira Rio",Biguaçu,Beira Rio,NULL,"R$ 255.015,07",255015.07,NULL,NULL,NULL,NULL,venda
https://www.imoveis-sc.com.br/biguacu/comprar/terreno/beira-rio/terreno-biguacu-beira-rio-1397114.html,Terreno no Bairro Beira Rio em Biguaçu com 150 m² - 635517,"Biguaçu, Beira Rio",Biguaçu,Beira Rio,NULL,"R$ 275.000,00",275000.0,NULL,NULL,NULL,NULL,venda
https://www.imoveis-sc.com.br/biguacu/comprar/terreno/beira-rio/terreno-biguacu-beira-rio-1377344.html,Terreno no Bairro Beira Rio em Biguaçu com 150 m² - 636433,"Biguaçu, Beira Rio",Biguaçu,Beira Rio,NULL,"R$ 285.000,00",285000.0,NULL,NULL,NULL,NULL,venda
https://www.imoveis-sc.com.br/biguacu/comprar/casa/deltaville/casa-biguacu-deltaville-1338161.html,Casa no Bairro Deltaville em Biguaçu com 3 Dormitórios (1 suíte) - 469203,"Biguaçu, Deltaville",Biguaçu,Deltaville,NULL,"R$ 999.000,00",999000.0,NULL,3.0,NULL,1.0,venda
https://www.imoveis-sc.com.br/biguacu/comprar/casa/beira-rio/casa-biguacu-beira-rio-1389682.html,Casa no Bairro Beira Rio em Biguaçu com 3 Dormitórios (1 suíte) - RMX1763,"Biguaçu, Beira Rio",Biguaçu,Beira Rio,NULL,"R$ 1.050.000,00",1050000.0,NULL,3.0,2.0,1.0,venda
https://www.imoveis-sc.com.br/biguacu/comprar/casa/centro/casa-biguacu-centro-1358634.html,Casa no Bairro Centro em Biguaçu com 3 Dormitórios - 488736,"Biguaçu, Centro",Biguaçu,Centro,NULL,"R$ 1.275.000,00",1275000.0,NULL,3.0,2.0,NULL,venda
https://www.imoveis-sc.com.br/biguacu/comprar/terreno/fundos/terreno-biguacu-fundos-1385073.html,Terreno no Bairro Fundos em Biguaçu com 150 m² - 655752,"Biguaçu, Fundos",Biguaçu,Fundos,NULL,"R$ 152.000,00",152000.0,NULL,NULL,NULL,NULL,venda
https://www.imoveis-sc.com.br/biguacu/comprar/terreno/fundos/terreno-biguacu-fundos-1390828.html,Terreno no Bairro Fundos em Biguaçu com 150 m² - 667685,"Biguaçu, Fundos",Biguaçu,Fundos,NULL,"R$ 180.000,00",180000.0,NULL,NULL,NULL,NULL,venda
https://www.imoveis-sc.com.br/biguacu/comprar/terreno/fundos/terreno-biguacu-fundos-1390826.html,Terreno no Bairro Fundos em Biguaçu com 150 m² - 667832,"Biguaçu, Fundos",Biguaçu,Fundos,NULL,"R$ 185.000,00",185000.0,NULL,NULL,NULL,NULL,venda
https://www.imoveis-sc.com.br/biguacu/comprar/terreno/beira-rio/terreno-biguacu-beira-rio-1332327.html,Terreno no Bairro Beira Rio em Biguaçu com 150.15 m² - 473169,"Biguaçu, Beira Rio",Biguaçu,Beira Rio,NULL,"R$ 255.015,07",255015.07,NULL,NULL,NULL,NULL,venda
https://www.imoveis-sc.com.br/biguacu/comprar/terreno/beira-rio/terreno-biguacu-beira-rio-1332328.html,Terreno no Bairro Beira Rio em Biguaçu com 150.15 m² - 473167,"Biguaçu, Beira Rio",Biguaçu,Beira Rio,NULL,"R$ 255.015,07",255015.07,NULL,NULL,NULL,NULL,venda
https://www.imoveis-sc.com.br/biguacu/comprar/terreno/beira-rio/terreno-biguacu-beira-rio-1332329.html,Terreno no Bairro Beira Rio em Biguaçu com 150.15 m² - 473166,"Biguaçu, Beira Rio",Biguaçu,Beira Rio,NULL,"R$ 255.015,07",255015.07,NULL,NULL,NULL,NULL,venda
https://www.imoveis-sc.com.br/biguacu/comprar/terreno/beira-rio/terreno-biguacu-beira-rio-1332326.html,Terreno no Bairro Beira Rio em Biguaçu com 150.15 m² - 473170,"Biguaçu, Beira Rio",Biguaçu,Beira Rio,NULL,"R$ 255.015,07",255015.07,NULL,NULL,NULL,NULL,venda
https://www.imoveis-sc.com.br/biguacu/comprar/casa/beira-rio/casa-biguacu-beira-rio-1425985.html,Casa no Bairro Beira Rio em Biguaçu com 3 Dormitórios (3 suítes) - 710536,"Biguaçu, Beira Rio",Biguaçu,Beira Rio,NULL,"R$ 2.650.000,00",2650000.0,NULL,3.0,2.0,3.0,venda
https://www.imoveis-sc.com.br/biguacu/comprar/apartamento/bom-viver/apartamento-biguacu-bom-viver-1464460.html,Apartamento no Bairro Bom Viver em Biguaçu com 2 Dormitórios - 758838,"Biguaçu, Bom Viver",Biguaçu,Bom Viver,NULL,"R$ 265.000,00",265000.0,NULL,2.0,1.0,NULL,venda
https://www.imoveis-sc.com.br/biguacu/comprar/terreno/beira-rio/terreno-biguacu-beira-rio-1397116.html,Terreno no Bairro Beira Rio em Biguaçu com 220 m² - 633857,"Biguaçu, Beira Rio",Biguaçu,Beira Rio,NULL,"R$ 275.000,00",275000.0,NULL,NULL,NULL,NULL,venda
https://www.imoveis-sc.com.br/biguacu/comprar/terreno/beira-rio/terreno-biguacu-beira-rio-1397110.html,Terreno no Bairro Beira Rio em Biguaçu com 150 m² - 637193,"Biguaçu, Beira Rio",Biguaçu,Beira Rio,NULL,"R$ 280.000,00",280000.0,NULL,NULL,NULL,NULL,venda
https://www.imoveis-sc.com.br/biguacu/comprar/terreno/centro/terreno-biguacu-centro-1426249.html,Terreno no Bairro Centro em Biguaçu com 186 m² - 19635,"Biguaçu, Centro",Biguaçu,Centro,NULL,"R$ 307.055,75",307055.75,NULL,NULL,NULL,NULL,venda
https://www.imoveis-sc.com.br/biguacu/comprar/terreno/beira-rio/terreno-biguacu-beira-rio-1380882.html,Terreno no Bairro Beira Rio em Biguaçu com 150 m² - 364188,"Biguaçu, Beira Rio",Biguaçu,Beira Rio,NULL,"R$ 275.000,00",275000.0,NULL,NULL,NULL,NULL,venda
https://www.imoveis-sc.com.br/biguacu/comprar/terreno/beira-rio/terreno-biguacu-beira-rio-1309330.html,Terreno no Bairro Beira Rio em Biguaçu com 150 m² - 364086,"Biguaçu, Beira Rio",Biguaçu,Beira Rio,NULL,"R$ 281.000,00",281000.0,NULL,NULL,NULL,NULL,venda
https://www.imoveis-sc.com.br/biguacu/comprar/terreno/jardim-santa-catarina/terreno-biguacu-jardim-santa-catarina-1350034.html,Terreno no Bairro Jardim Santa Catarina em Biguaçu com 227.27 m² - 467404,"Biguaçu, Jardim Santa Catarina",Biguaçu,Jardim Santa Catarina,NULL,"R$ 282.000,00",282000.0,NULL,NULL,NULL,NULL,venda
https://www.imoveis-sc.com.br/biguacu/comprar/terreno/beira-rio/terreno-biguacu-beira-rio-1309319.html,Terreno no Bairro Beira Rio em Biguaçu com 215 m² - 364205,"Biguaçu, Beira Rio",Biguaçu,Beira Rio,NULL,"R$ 330.000,00",330000.0,NULL,NULL,NULL,NULL,venda
https://www.imoveis-sc.com.br/biguacu/comprar/terreno/beira-rio/terreno-biguacu-beira-rio-1309323.html,Terreno no Bairro Beira Rio em Biguaçu com 215 m² - 364184,"Biguaçu, Beira Rio",Biguaçu,Beira Rio,NULL,"R$ 380.000,00",380000.0,NULL,NULL,NULL,NULL,venda
https://www.imoveis-sc.com.br/biguacu/comprar/terreno/centro/terreno-biguacu-centro-1426486.html,Terreno no Bairro Centro em Biguaçu com 210 m² - 19633,"Biguaçu, Centro",Biguaçu,Centro,NULL,"R$ 346.694,48",346694.48,NULL,NULL,NULL,NULL,venda
https://www.imoveis-sc.com.br/biguacu/comprar/terreno/fundos/terreno-biguacu-fundos-1390825.html,Terreno no Bairro Fundos em Biguaçu com 150 m² - 667967,"Biguaçu, Fundos",Biguaçu,Fundos,NULL,"R$ 180.000,00",180000.0,NULL,NULL,NULL,NULL,venda
https://www.imoveis-sc.com.br/biguacu/comprar/apartamento/fundos/apartamento-biguacu-fundos-1406720.html,Apartamento no Bairro Fundos em Biguaçu com 2 Dormitórios - 693162,"Biguaçu, Fundos",Biguaçu,Fundos,NULL,"R$ 245.500,00",245500.0,NULL,2.0,1.0,NULL,venda
https://www.imoveis-sc.com.br/biguacu/comprar/apartamento/fundos/apartamento-biguacu-fundos-1406723.html,Apartamento no Bairro Fundos em Biguaçu com 2 Dormitórios - 693162,"Biguaçu, Fundos",Biguaçu,Fundos,NULL,"R$ 245.500,00",245500.0,NULL,2.0,1.0,NULL,venda
https://www.imoveis-sc.com.br/biguacu/comprar/terreno/centro/terreno-biguacu-centro-1426248.html,Terreno no Bairro Centro em Biguaçu com 404.75 m² - 19636,"Biguaçu, Centro",Biguaçu,Centro,NULL,"R$ 808.536,86",808536.86,NULL,NULL,NULL,NULL,venda
https://www.imoveis-sc.com.br/biguacu/comprar/terreno/centro/terreno-biguacu-centro-1426485.html,Terreno no Bairro Centro em Biguaçu com 245 m² - 19634,"Biguaçu, Centro",Biguaçu,Centro,NULL,"R$ 444.924,53",444924.53,NULL,NULL,NULL,NULL,venda
https://www.imoveis-sc.com.br/biguacu/comprar/apartamento/rio-caveiras/apartamento-biguacu-rio-caveiras-1424335.html,Apartamento no Bairro Rio Caveiras em Biguaçu com 2 Dormitórios - 707888,"Biguaçu, Rio Caveiras",Biguaçu,Rio Caveiras,NULL,"R$ 335.799,69",335799.69,NULL,2.0,1.0,NULL,venda
https://www.imoveis-sc.com.br/biguacu/comprar/terreno/beira-rio/terreno-biguacu-beira-rio-1309320.html,Terreno no Bairro Beira Rio em Biguaçu com 150 m² - 364199,"Biguaçu, Beira Rio",Biguaçu,Beira Rio,NULL,"R$ 250.000,00",250000.0,NULL,NULL,NULL,NULL,venda
https://www.imoveis-sc.com.br/biguacu/comprar/terreno/beira-rio/terreno-biguacu-beira-rio-1309322.html,Terreno no Bairro Beira Rio em Biguaçu com 150 m² - 364191,"Biguaçu, Beira Rio",Biguaçu,Beira Rio,NULL,"R$ 260.000,00",260000.0,NULL,NULL,NULL,NULL,venda
https://www.imoveis-sc.com.br/biguacu/comprar/terreno/beira-rio/terreno-biguacu-beira-rio-1380883.html,Terreno no Bairro Beira Rio em Biguaçu com 280000 m² - 364092,"Biguaçu, Beira Rio",Biguaçu,Beira Rio,NULL,"R$ 281.000,00",281000.0,NULL,NULL,NULL,NULL,venda
https://www.imoveis-sc.com.br/biguacu/comprar/terreno/jardim-santa-catarina/terreno-biguacu-jardim-santa-catarina-1331274.html,Terreno no Bairro Jardim Santa Catarina em Biguaçu com 227.27 m² - 467527,"Biguaçu, Jardim Santa Catarina",Biguaçu,Jardim Santa Catarina,NULL,"R$ 330.000,00",330000.0,NULL,NULL,NULL,NULL,venda
https://www.imoveis-sc.com.br/biguacu/comprar/terreno/beira-rio/terreno-biguacu-beira-rio-1309318.html,Terreno no Bairro Beira Rio em Biguaçu com 291.73 m² - 364211,"Biguaçu, Beira Rio",Biguaçu,Beira Rio,NULL,"R$ 500.000,00",500000.0,NULL,NULL,NULL,NULL,venda
https://www.imoveis-sc.com.br/biguacu/comprar/terreno/beira-rio/terreno-biguacu-beira-rio-1309331.html,Terreno no Bairro Beira Rio em Biguaçu com 720 m² - 364079,"Biguaçu, Beira Rio",Biguaçu,Beira Rio,NULL,"R$ 762.000,00",762000.0,NULL,NULL,NULL,NULL,venda
https://www.imoveis-sc.com.br/biguacu/comprar/casa/beira-rio/casa-biguacu-beira-rio-1452875.html,Casa no Bairro Beira Rio em Biguaçu com 1 Dormitórios - 740942,"Biguaçu, Beira Rio",Biguaçu,Beira Rio,NULL,"R$ 890.000,00",890000.0,NULL,NULL,NULL,NULL,venda
https://www.imoveis-sc.com.br/biguacu/comprar/terreno/beira-rio/terreno-biguacu-beira-rio-1380884.html,Terreno no Bairro Beira Rio em Biguaçu com 960 m² - 364084,"Biguaçu, Beira Rio",Biguaçu,Beira Rio,NULL,"R$ 1.000.000,00",1000000.0,NULL,NULL,NULL,NULL,venda
https://www.imoveis-sc.com.br/biguacu/comprar/terreno/beira-rio/terreno-biguacu-beira-rio-1309336.html,Terreno no Bairro Beira Rio em Biguaçu com 150.5 m² - 364050,"Biguaçu, Beira Rio",Biguaçu,Beira Rio,NULL,"R$ 270.000,00",270000.0,NULL,NULL,NULL,NULL,venda
https://www.imoveis-sc.com.br/biguacu/comprar/casa/beira-rio/casa-biguacu-beira-rio-1367869.html,Casa no Bairro Beira Rio em Biguaçu com 3 Dormitórios (1 suíte) - 496232,"Biguaçu, Beira Rio",Biguaçu,Beira Rio,NULL,"R$ 1.282.500,00",1282500.0,NULL,3.0,4.0,1.0,venda
https://www.imoveis-sc.com.br/biguacu/comprar/terreno/beira-rio/terreno-biguacu-beira-rio-1309321.html,Terreno no Bairro Beira Rio em Biguaçu com 150 m² - 364195,"Biguaçu, Beira Rio",Biguaçu,Beira Rio,NULL,"R$ 340.000,00",340000.0,NULL,NULL,NULL,NULL,venda
https://www.imoveis-sc.com.br/biguacu/comprar/casa/universitario/casa-biguacu-universitario-1422443.html,Casa no Bairro Universitário em Biguaçu com 4 Dormitórios (1 suíte) - 713279,"Biguaçu, Universitário",Biguaçu,Universitário,NULL,"R$ 8.405.000,00",8405000.0,NULL,4.0,2.0,1.0,venda
https://www.imoveis-sc.com.br/biguacu/comprar/terreno/beira-rio/terreno-biguacu-beira-rio-1455771.html,Terreno no Bairro Beira Rio em Biguaçu com 185.96 m² - 744235,"Biguaçu, Beira Rio",Biguaçu,Beira Rio,NULL,"R$ 215.000,00",215000.0,NULL,NULL,NULL,NULL,venda
https://www.imoveis-sc.com.br/biguacu/comprar/terreno/centro/terreno-biguacu-centro-1425973.html,Terreno no Bairro Centro em Biguaçu com 180 m² - 19620,"Biguaçu, Centro",Biguaçu,Centro,NULL,"R$ 241.447,46",241447.46,NULL,NULL,NULL,NULL,venda
https://www.imoveis-sc.com.br/biguacu/comprar/terreno/jardim-janaina/terreno-biguacu-jardim-janaina-1399513.html,Terreno no Bairro Jardim Janaina em Biguaçu com 360.59 m² - 19296,"Biguaçu, Jardim Janaina",Biguaçu,Jardim Janaina,NULL,"R$ 258.094,61",258094.61,NULL,NULL,NULL,NULL,venda
https://www.imoveis-sc.com.br/biguacu/comprar/casa/deltaville/casa-biguacu-deltaville-1458218.html,Casa no Bairro Deltaville em Biguaçu com 4 Dormitórios (4 suítes) - 745219,"Biguaçu, Deltaville",Biguaçu,Deltaville,NULL,"R$ 1.600.000,00",1600000.0,NULL,4.0,4.0,4.0,venda
https://www.imoveis-sc.com.br/biguacu/comprar/casa/beira-rio/casa-biguacu-beira-rio-1426935.html,Casa no Bairro Beira Rio em Biguaçu com 3 Dormitórios (1 suíte) - 716004,"Biguaçu, Beira Rio",Biguaçu,Beira Rio,NULL,"R$ 1.381.000,00",1381000.0,NULL,3.0,2.0,1.0,venda
https://www.imoveis-sc.com.br/biguacu/comprar/terreno/beira-rio/terreno-biguacu-beira-rio-1309332.html,Terreno no Bairro Beira Rio em Biguaçu com 212.37 m² - 364059,"Biguaçu, Beira Rio",Biguaçu,Beira Rio,NULL,"R$ 505.000,00",505000.0,NULL,NULL,NULL,NULL,venda
https://www.imoveis-sc.com.br/biguacu/comprar/apartamento/rio-caveiras/apartamento-biguacu-rio-caveiras-1451730.html,Apartamento no Bairro Rio Caveiras em Biguaçu com 2 Dormitórios e 65 m² - 295_2-3765158,"Biguaçu, Rio Caveiras",Biguaçu,Rio Caveiras,NULL,"R$ 372.000,00",372000.0,65.0,2.0,1.0,NULL,venda
https://www.imoveis-sc.com.br/biguacu/comprar/terreno/beira-rio/terreno-biguacu-beira-rio-1309335.html,Terreno no Bairro Beira Rio em Biguaçu com 161.25 m² - 364051,"Biguaçu, Beira Rio",Biguaçu,Beira Rio,NULL,"R$ 290.000,00",290000.0,NULL,NULL,NULL,NULL,venda
https://www.imoveis-sc.com.br/biguacu/comprar/terreno/beira-rio/terreno-biguacu-beira-rio-1309338.html,Terreno no Bairro Beira Rio em Biguaçu com 150.15 m² - 364036,"Biguaçu, Beira Rio",Biguaçu,Beira Rio,NULL,"R$ 225.000,00",225000.0,NULL,NULL,NULL,NULL,venda
https://www.imoveis-sc.com.br/biguacu/comprar/terreno/beira-rio/terreno-biguacu-beira-rio-1309326.html,Terreno no Bairro Beira Rio em Biguaçu com 360 m² - 364159,"Biguaçu, Beira Rio",Biguaçu,Beira Rio,NULL,"R$ 363.000,00",363000.0,NULL,NULL,NULL,NULL,venda
https://www.imoveis-sc.com.br/biguacu/comprar/terreno/beira-rio/terreno-biguacu-beira-rio-1309325.html,Terreno no Bairro Beira Rio em Biguaçu com 551.98 m² - 364164,"Biguaçu, Beira Rio",Biguaçu,Beira Rio,NULL,"R$ 520.000,00",520000.0,NULL,NULL,NULL,NULL,venda
https://www.imoveis-sc.com.br/biguacu/comprar/terreno/beira-rio/terreno-biguacu-beira-rio-1309324.html,Terreno no Bairro Beira Rio em Biguaçu com 551.98 m² - 364170,"Biguaçu, Beira Rio",Biguaçu,Beira Rio,NULL,"R$ 612.000,00",612000.0,NULL,NULL,NULL,NULL,venda
https://www.imoveis-sc.com.br/biguacu/comprar/terreno/beira-rio/terreno-biguacu-beira-rio-1309334.html,Terreno no Bairro Beira Rio em Biguaçu com 172 m² - 364053,"Biguaçu, Beira Rio",Biguaçu,Beira Rio,NULL,"R$ 307.000,00",307000.0,NULL,NULL,NULL,NULL,venda
https://www.imoveis-sc.com.br/florianopolis/alugar/apartamento/itacorubi/apartamento-florianopolis-itacorubi-1463204.html?isc_source=SD,Apartamento no Bairro Itacorubí em Florianópolis com 2 Dormitórios (1 suíte) e 82 m² - AP03502L,"Florianópolis, Itacorubí",Florianópolis,Itacorubí,NULL,"R$ 4.800,00",4800.0,82.0,2.0,1.0,1.0,aluguel
https://www.imoveis-sc.com.br/florianopolis/alugar/apartamento/itacorubi/apartamento-florianopolis-itacorubi-1461232.html?isc_source=SD,Apartamento no Bairro Itacorubí em Florianópolis com 2 Dormitórios e 66 m² - AP02673L,"Florianópolis, Itacorubí",Florianópolis,Itacorubí,NULL,"R$ 3.800,00",3800.0,66.0,2.0,1.0,NULL,aluguel
https://www.imoveis-sc.com.br/florianopolis/alugar/apartamento/trindade/apartamento-florianopolis-trindade-1461230.html?isc_source=SD,Apartamento no Bairro Trindade em Florianópolis com 1 Dormitórios e 53 m² - AP03480L,"Florianópolis, Trindade",Florianópolis,Trindade,NULL,"R$ 4.250,00",4250.0,53.0,NULL,1.0,NULL,aluguel
https://www.imoveis-sc.com.br/florianopolis/alugar/casa/ribeirao-da-ilha/casa-florianopolis-ribeirao-da-ilha-1468529.html,Casa no Bairro Ribeirão da Ilha em Florianópolis com 3 Dormitórios (1 suíte) - 762681,"Florianópolis, Ribeirão da Ilha",Florianópolis,Ribeirão Da Ilha,NULL,"R$ 1.290,00",1290.0,NULL,3.0,3.0,1.0,aluguel
https://www.imoveis-sc.com.br/florianopolis/alugar/apartamento/ingleses/apartamento-florianopolis-ingleses-1455183.html,Apartamento no Bairro Ingleses em Florianópolis com 3 Dormitórios (1 suíte) - 19993,"Florianópolis, Ingleses",Florianópolis,Ingleses,NULL,"R$ 4.500,00",4500.0,NULL,3.0,2.0,1.0,aluguel
https://www.imoveis-sc.com.br/florianopolis/alugar/apartamento/ingleses/apartamento-florianopolis-ingleses-1460687.html,Apartamento no Bairro Ingleses em Florianópolis com 2 Dormitórios - 20044,"Florianópolis, Ingleses",Florianópolis,Ingleses,NULL,"R$ 1.600,00",1600.0,NULL,2.0,201.0,NULL,aluguel
https://www.imoveis-sc.com.br/florianopolis/alugar/outros-imoveis/itacorubi/outros-imoveis-florianopolis-itacorubi-1469945.html,Outros Imóveis no Bairro Itacorubí em Florianópolis com 100 m² - SA00313L,"Florianópolis, Itacorubí",Florianópolis,Itacorubí,NULL,"R$ 10.000,00",10000.0,100.0,NULL,2.0,NULL,aluguel
https://www.imoveis-sc.com.br/florianopolis/alugar/outros-imoveis/itacorubi/outros-imoveis-florianopolis-itacorubi-1469943.html,Outros Imóveis no Bairro Itacorubí em Florianópolis com 120 m² - LJ00123L,"Florianópolis, Itacorubí",Florianópolis,Itacorubí,NULL,"R$ 15.000,00",15000.0,120.0,NULL,NULL,NULL,aluguel
https://www.imoveis-sc.com.br/florianopolis/alugar/apartamento/itacorubi/apartamento-florianopolis-itacorubi-1468467.html,Apartamento no Bairro Itacorubí em Florianópolis com 2 Dormitórios e 70 m² - AP03526L,"Florianópolis, Itacorubí",Florianópolis,Itacorubí,NULL,"R$ 3.500,00",3500.0,70.0,2.0,1.0,NULL,aluguel
https://www.imoveis-sc.com.br/florianopolis/alugar/outros-imoveis/agronomica/outros-imoveis-florianopolis-agronomica-1325650.html,Outros Imóveis no Bairro Agronômica em Florianópolis com 38 m² - SA00122L,"Florianópolis, Agronômica",Florianópolis,Agronômica,NULL,"R$ 1.800,00",1800.0,38.0,NULL,2.0,NULL,aluguel
https://www.imoveis-sc.com.br/florianopolis/alugar/outros-imoveis/agronomica/outros-imoveis-florianopolis-agronomica-1325737.html,Outros Imóveis no Bairro Agronômica em Florianópolis com 36 m² - SA00098L,"Florianópolis, Agronômica",Florianópolis,Agronômica,NULL,"R$ 1.900,00",1900.0,36.0,NULL,2.0,NULL,aluguel
https://www.imoveis-sc.com.br/florianopolis/alugar/apartamento/centro/apartamento-florianopolis-centro-1467338.html,Apartamento no Bairro Centro em Florianópolis com 1 Dormitórios e 45 m² - AP01280L,"Florianópolis, Centro",Florianópolis,Centro,NULL,"R$ 2.100,00",2100.0,45.0,NULL,NULL,NULL,aluguel
https://www.imoveis-sc.com.br/florianopolis/alugar/outros-imoveis/joao-paulo/outros-imoveis-florianopolis-joao-paulo-1466591.html,Outros Imóveis no Bairro João Paulo em Florianópolis com 77.42 m² - SA00311L,"Florianópolis, João Paulo",Florianópolis,João Paulo,NULL,"R$ 2.500,00",2500.0,77.4,NULL,1.0,NULL,aluguel
https://www.imoveis-sc.com.br/florianopolis/alugar/outros-imoveis/joao-paulo/outros-imoveis-florianopolis-joao-paulo-1466590.html,Outros Imóveis no Bairro João Paulo em Florianópolis com 78.63 m² - SA00312L,"Florianópolis, João Paulo",Florianópolis,João Paulo,NULL,"R$ 2.500,00",2500.0,78.6,NULL,1.0,NULL,aluguel
https://www.imoveis-sc.com.br/florianopolis/alugar/apartamento/agronomica/apartamento-florianopolis-agronomica-1333846.html,Apartamento no Bairro Agronômica em Florianópolis com 1 Dormitórios e 42 m² - AP02139L,"Florianópolis, Agronômica",Florianópolis,Agronômica,NULL,"R$ 2.700,00",2700.0,42.0,NULL,1.0,NULL,aluguel
https://www.imoveis-sc.com.br/florianopolis/alugar/outros-imoveis/itacorubi/outros-imoveis-florianopolis-itacorubi-1466187.html,Outros Imóveis no Bairro Itacorubí em Florianópolis com 72.32 m² - LJ00122L,"Florianópolis, Itacorubí",Florianópolis,Itacorubí,NULL,"R$ 3.200,00",3200.0,72.3,NULL,NULL,NULL,aluguel
https://www.imoveis-sc.com.br/florianopolis/alugar/apartamento/corrego-grande/apartamento-florianopolis-corrego-grande-1461492.html,Apartamento no Bairro Córrego Grande em Florianópolis com 3 Dormitórios (1 suíte) e 85 m² - AP02425L,"Florianópolis, Córrego Grande",Florianópolis,Córrego Grande,NULL,"R$ 3.250,00",3250.0,85.0,3.0,1.0,1.0,aluguel
https://www.imoveis-sc.com.br/florianopolis/alugar/apartamento/itacorubi/apartamento-florianopolis-itacorubi-1345140.html,Apartamento no Bairro Itacorubí em Florianópolis com 2 Dormitórios (1 suíte) e 75 m² - AP02894L,"Florianópolis, Itacorubí",Florianópolis,Itacorubí,NULL,"R$ 3.600,00",3600.0,75.0,2.0,1.0,1.0,aluguel
https://www.imoveis-sc.com.br/florianopolis/alugar/apartamento/trindade/apartamento-florianopolis-trindade-1456188.html,Apartamento no Bairro Trindade em Florianópolis com 1 Dormitórios e 30 m² - AP03432L,"Florianópolis, Trindade",Florianópolis,Trindade,NULL,"R$ 3.700,00",3700.0,30.0,NULL,NULL,NULL,aluguel
https://www.imoveis-sc.com.br/florianopolis/alugar/apartamento/agronomica/apartamento-florianopolis-agronomica-1445162.html,Apartamento no Bairro Agronômica em Florianópolis com 2 Dormitórios (1 suíte) e 61.88 m² - AP03360L,"Florianópolis, Agronômica",Florianópolis,Agronômica,NULL,"R$ 3.900,00",3900.0,61.9,2.0,1.0,1.0,aluguel
https://www.imoveis-sc.com.br/florianopolis/alugar/apartamento/itacorubi/apartamento-florianopolis-itacorubi-1462279.html,Apartamento no Bairro Itacorubí em Florianópolis com 2 Dormitórios (1 suíte) e 114.25 m² - CO00121L,"Florianópolis, Itacorubí",Florianópolis,Itacorubí,NULL,"R$ 3.950,00",3950.0,114.3,2.0,2.0,1.0,aluguel
https://www.imoveis-sc.com.br/florianopolis/alugar/apartamento/itacorubi/apartamento-florianopolis-itacorubi-1453737.html,Apartamento no Bairro Itacorubí em Florianópolis com 2 Dormitórios (1 suíte) e 68 m² - AP03409L,"Florianópolis, Itacorubí",Florianópolis,Itacorubí,NULL,"R$ 4.400,00",4400.0,68.0,2.0,1.0,1.0,aluguel
https://www.imoveis-sc.com.br/florianopolis/alugar/apartamento/itacorubi/apartamento-florianopolis-itacorubi-1325500.html,Apartamento no Bairro Itacorubí em Florianópolis com 2 Dormitórios (1 suíte) e 70 m² - AP02414L,"Florianópolis, Itacorubí",Florianópolis,Itacorubí,NULL,"R$ 4.400,00",4400.0,70.0,2.0,1.0,1.0,aluguel
https://www.imoveis-sc.com.br/florianopolis/alugar/apartamento/itacorubi/apartamento-florianopolis-itacorubi-1464158.html,Apartamento no Bairro Itacorubí em Florianópolis com 2 Dormitórios (1 suíte) e 82 m² - AP03505L,"Florianópolis, Itacorubí",Florianópolis,Itacorubí,NULL,"R$ 4.490,00",4490.0,82.0,2.0,1.0,1.0,aluguel
https://www.imoveis-sc.com.br/florianopolis/alugar/apartamento/trindade/apartamento-florianopolis-trindade-1465723.html,Apartamento no Bairro Trindade em Florianópolis com 1 Dormitórios e 32.8 m² - AP03514L,"Florianópolis, Trindade",Florianópolis,Trindade,NULL,"R$ 4.500,00",4500.0,32.8,NULL,NULL,NULL,aluguel
https://www.imoveis-sc.com.br/florianopolis/alugar/apartamento/trindade/apartamento-florianopolis-trindade-1465602.html,Apartamento no Bairro Trindade em Florianópolis com 1 Dormitórios e 30.9 m² - AP03511L,"Florianópolis, Trindade",Florianópolis,Trindade,NULL,"R$ 4.500,00",4500.0,30.9,NULL,NULL,NULL,aluguel
https://www.imoveis-sc.com.br/florianopolis/alugar/apartamento/trindade/apartamento-florianopolis-trindade-1465724.html,Apartamento no Bairro Trindade em Florianópolis com 1 Dormitórios e 30.9 m² - AP03513L,"Florianópolis, Trindade",Florianópolis,Trindade,NULL,"R$ 4.500,00",4500.0,30.9,NULL,NULL,NULL,aluguel
https://www.imoveis-sc.com.br/florianopolis/alugar/apartamento/centro/apartamento-florianopolis-centro-1453739.html,Apartamento no Bairro Centro em Florianópolis com 1 Dormitórios e 75 m² - AP03407L,"Florianópolis, Centro",Florianópolis,Centro,NULL,"R$ 4.500,00",4500.0,75.0,NULL,NULL,NULL,aluguel
https://www.imoveis-sc.com.br/florianopolis/alugar/apartamento/corrego-grande/apartamento-florianopolis-corrego-grande-1410115.html,Apartamento no Bairro Córrego Grande em Florianópolis com 2 Dormitórios (1 suíte) e 138.55 m² - CO00105L,"Florianópolis, Córrego Grande",Florianópolis,Córrego Grande,NULL,"R$ 5.000,00",5000.0,138.6,2.0,2.0,1.0,aluguel
https://www.imoveis-sc.com.br/florianopolis/alugar/apartamento/itacorubi/apartamento-florianopolis-itacorubi-1460845.html,Apartamento no Bairro Itacorubí em Florianópolis com 3 Dormitórios (1 suíte) e 83 m² - AP03477L,"Florianópolis, Itacorubí",Florianópolis,Itacorubí,NULL,"R$ 5.200,00",5200.0,83.0,3.0,2.0,1.0,aluguel
https://www.imoveis-sc.com.br/florianopolis/alugar/apartamento/agronomica/apartamento-florianopolis-agronomica-1458098.html,Apartamento no Bairro Agronômica em Florianópolis com 2 Dormitórios (2 suítes) e 73 m² - AP03445L,"Florianópolis, Agronômica",Florianópolis,Agronômica,NULL,"R$ 5.400,00",5400.0,73.0,2.0,2.0,2.0,aluguel
https://www.imoveis-sc.com.br/florianopolis/alugar/apartamento/centro/apartamento-florianopolis-centro-1461487.html,Apartamento no Bairro Centro em Florianópolis com 1 Dormitórios e 46 m² - AP03493L,"Florianópolis, Centro",Florianópolis,Centro,NULL,"R$ 5.500,00",5500.0,46.0,NULL,1.0,NULL,aluguel
https://www.imoveis-sc.com.br/florianopolis/alugar/apartamento/centro/apartamento-florianopolis-centro-1429337.html,Apartamento no Bairro Centro em Florianópolis com 2 Dormitórios (1 suíte) e 91.21 m² - AP02274L,"Florianópolis, Centro",Florianópolis,Centro,NULL,"R$ 5.990,00",5990.0,91.2,2.0,1.0,1.0,aluguel
https://www.imoveis-sc.com.br/florianopolis/alugar/apartamento/centro/apartamento-florianopolis-centro-1460853.html,Apartamento no Bairro Centro em Florianópolis com 3 Dormitórios (1 suíte) e 141 m² - AP02656L,"Florianópolis, Centro",Florianópolis,Centro,NULL,"R$ 6.000,00",6000.0,141.0,3.0,1.0,1.0,aluguel
https://www.imoveis-sc.com.br/florianopolis/alugar/apartamento/centro/apartamento-florianopolis-centro-1444129.html,Apartamento no Bairro Centro em Florianópolis com 1 Dormitórios (1 suíte) e 72 m² - AP03333L,"Florianópolis, Centro",Florianópolis,Centro,NULL,"R$ 6.500,00",6500.0,72.0,NULL,1.0,1.0,aluguel
https://www.imoveis-sc.com.br/florianopolis/alugar/apartamento/itacorubi/apartamento-florianopolis-itacorubi-1333568.html,Apartamento no Bairro Itacorubí em Florianópolis com 2 Dormitórios (2 suítes) e 110 m² - AP02847L,"Florianópolis, Itacorubí",Florianópolis,Itacorubí,NULL,"R$ 6.600,00",6600.0,110.0,2.0,3.0,2.0,aluguel
https://www.imoveis-sc.com.br/florianopolis/alugar/outros-imoveis/centro/outros-imoveis-florianopolis-centro-1325944.html,Outros Imóveis no Bairro Centro em Florianópolis com 294.39 m² - SA00045L,"Florianópolis, Centro",Florianópolis,Centro,NULL,"R$ 9.000,00",9000.0,294.4,NULL,3.0,NULL,aluguel
https://www.imoveis-sc.com.br/florianopolis/alugar/apartamento/centro/apartamento-florianopolis-centro-1456509.html,Apartamento no Bairro Centro em Florianópolis com 3 Dormitórios (1 suíte) e 122.58 m² - AP03434L,"Florianópolis, Centro",Florianópolis,Centro,NULL,"R$ 10.000,00",10000.0,122.6,3.0,1.0,1.0,aluguel
https://www.imoveis-sc.com.br/florianopolis/alugar/apartamento/agronomica/apartamento-florianopolis-agronomica-1458718.html,Apartamento no Bairro Agronômica em Florianópolis com 2 Dormitórios (2 suítes) e 101.39 m² - AP03454L,"Florianópolis, Agronômica",Florianópolis,Agronômica,NULL,"R$ 11.000,00",11000.0,101.4,2.0,1.0,2.0,aluguel
https://www.imoveis-sc.com.br/florianopolis/alugar/apartamento/agronomica/apartamento-florianopolis-agronomica-1459168.html,Apartamento no Bairro Agronômica em Florianópolis com 2 Dormitórios (1 suíte) e 101.39 m² - AP03457L,"Florianópolis, Agronômica",Florianópolis,Agronômica,NULL,"R$ 11.500,00",11500.0,101.4,2.0,1.0,1.0,aluguel
https://www.imoveis-sc.com.br/florianopolis/alugar/apartamento/itacorubi/apartamento-florianopolis-itacorubi-1458103.html,Apartamento no Bairro Itacorubí em Florianópolis com 2 Dormitórios (1 suíte) e 150 m² - CO00118L,"Florianópolis, Itacorubí",Florianópolis,Itacorubí,NULL,"R$ 15.000,00",15000.0,150.0,2.0,2.0,1.0,aluguel
https://www.imoveis-sc.com.br/florianopolis/alugar/outros-imoveis/estreito/outros-imoveis-florianopolis-estreito-1425035.html,Outros Imóveis no Bairro Estreito em Florianópolis com 649.15 m² - LJ00074L,"Florianópolis, Estreito",Florianópolis,Estreito,NULL,"R$ 16.750,00",16750.0,649.2,NULL,12.0,NULL,aluguel
https://www.imoveis-sc.com.br/florianopolis/alugar/apartamento/jurere/apartamento-florianopolis-jurere-1409913.html,Apartamento no Bairro Jurerê em Florianópolis com 4 Dormitórios (2 suítes) - 19416,"Florianópolis, Jurerê",Florianópolis,Jurerê,NULL,"R$ 35.000,00",35000.0,NULL,4.0,4.0,2.0,aluguel
https://www.imoveis-sc.com.br/florianopolis/alugar/apartamento/joao-paulo/apartamento-florianopolis-joao-paulo-1463222.html,Apartamento no Bairro João Paulo em Florianópolis com 3 Dormitórios (1 suíte) - ITA2525,"Florianópolis, João Paulo",Florianópolis,João Paulo,NULL,"R$ 4.600,00",4600.0,NULL,3.0,1.0,1.0,aluguel
https://www.imoveis-sc.com.br/florianopolis/alugar/apartamento/itacorubi/apartamento-florianopolis-itacorubi-1402680.html,Apartamento no Bairro Itacorubí em Florianópolis com 2 Dormitórios e 73 m² - AP01855L,"Florianópolis, Itacorubí",Florianópolis,Itacorubí,NULL,"R$ 2.850,00",2850.0,73.0,2.0,1.0,NULL,aluguel
https://www.imoveis-sc.com.br/florianopolis/alugar/apartamento/centro/apartamento-florianopolis-centro-1461233.html,Apartamento no Bairro Centro em Florianópolis com 1 Dormitórios (1 suíte) e 55 m² - AP02593L,"Florianópolis, Centro",Florianópolis,Centro,NULL,"R$ 4.500,00",4500.0,55.0,NULL,NULL,1.0,aluguel
https://www.imoveis-sc.com.br/florianopolis/alugar/apartamento/agronomica/apartamento-florianopolis-agronomica-1458097.html,Apartamento no Bairro Agronômica em Florianópolis com 2 Dormitórios (2 suítes) e 73 m² - AP03446L,"Florianópolis, Agronômica",Florianópolis,Agronômica,NULL,"R$ 5.700,00",5700.0,73.0,2.0,2.0,2.0,aluguel
https://www.imoveis-sc.com.br/florianopolis/alugar/apartamento/canajure/apartamento-florianopolis-canajure-1359165.html,Apartamento no Bairro Canajurê em Florianópolis com 3 Dormitórios (2 suítes) - 18530,"Florianópolis, Canajurê",Florianópolis,Canajurê,NULL,"R$ 13.000,00",13000.0,NULL,3.0,3.0,2.0,aluguel
https://www.imoveis-sc.com.br/florianopolis/alugar/outros-imoveis/centro/outros-imoveis-florianopolis-centro-1432160.html,Outros Imóveis no Bairro Centro em Florianópolis com 42.35 m² - SA00050L,"Florianópolis, Centro",Florianópolis,Centro,NULL,"R$ 1.200,00",1200.0,42.4,NULL,NULL,NULL,aluguel
https://www.imoveis-sc.com.br/florianopolis/alugar/outros-imoveis/centro/outros-imoveis-florianopolis-centro-1466392.html,Outros Imóveis no Bairro Centro em Florianópolis com 64.2 m² - SA00310L,"Florianópolis, Centro",Florianópolis,Centro,NULL,"R$ 1.400,00",1400.0,64.2,NULL,NULL,NULL,aluguel
https://www.imoveis-sc.com.br/florianopolis/alugar/outros-imoveis/centro/outros-imoveis-florianopolis-centro-1444130.html,Outros Imóveis no Bairro Centro em Florianópolis com 72 m² - SA00287L,"Florianópolis, Centro",Florianópolis,Centro,NULL,"R$ 6.670,00",6670.0,72.0,NULL,1.0,NULL,aluguel
https://www.imoveis-sc.com.br/florianopolis/alugar/casa/cacupe/casa-florianopolis-cacupe-1468463.html,Casa no Bairro Cacupé em Florianópolis com 4 Dormitórios (1 suíte) e 230 m² - SO0434,"Florianópolis, Cacupé",Florianópolis,Cacupé,NULL,"R$ 5.300,00",5300.0,230.0,4.0,2.0,1.0,aluguel
https://www.imoveis-sc.com.br/florianopolis/alugar/casa/rio-vermelho/casa-florianopolis-rio-vermelho-1416922.html,Casa no Bairro Rio Vermelho em Florianópolis com 3 Dormitórios (1 suíte) - 19507,"Florianópolis, Rio Vermelho",Florianópolis,Rio Vermelho,NULL,"R$ 7.000,00",7000.0,NULL,3.0,2.0,1.0,aluguel
https://www.imoveis-sc.com.br/florianopolis/alugar/apartamento/centro/apartamento-florianopolis-centro-1444128.html,Apartamento no Bairro Centro em Florianópolis com 1 Dormitórios e 68 m² - AP03334L,"Florianópolis, Centro",Florianópolis,Centro,NULL,"R$ 2.990,00",2990.0,68.0,NULL,NULL,NULL,aluguel
https://www.imoveis-sc.com.br/florianopolis/alugar/outros-imoveis/centro/outros-imoveis-florianopolis-centro-1453046.html,Outros Imóveis no Bairro Centro em Florianópolis com 58 m² - SA00297L,"Florianópolis, Centro",Florianópolis,Centro,NULL,"R$ 3.000,00",3000.0,58.0,NULL,1.0,NULL,aluguel
https://www.imoveis-sc.com.br/florianopolis/alugar/outros-imoveis/jurere/outros-imoveis-florianopolis-jurere-1464369.html,Outros Imóveis no Bairro Jurerê em Florianópolis com 37 m² - LJ00116L,"Florianópolis, Jurerê",Florianópolis,Jurerê,NULL,"R$ 4.700,00",4700.0,37.0,NULL,NULL,NULL,aluguel
https://www.imoveis-sc.com.br/florianopolis/alugar/outros-imoveis/saco-grande-i/outros-imoveis-florianopolis-saco-grande-i-1422386.html,Outros Imóveis no Bairro Saco Grande I em Florianópolis com 150 m² - LJ00105L,"Florianópolis, Saco Grande I",Florianópolis,Saco Grande I,NULL,"R$ 6.500,00",6500.0,150.0,NULL,3.0,NULL,aluguel
https://www.imoveis-sc.com.br/florianopolis/alugar/casa/rio-vermelho/casa-florianopolis-rio-vermelho-1387506.html,Casa no Bairro Rio Vermelho em Florianópolis com 3 Dormitórios (1 suíte) - 19079,"Florianópolis, Rio Vermelho",Florianópolis,Rio Vermelho,NULL,"R$ 7.200,00",7200.0,NULL,3.0,2.0,1.0,aluguel
https://www.imoveis-sc.com.br/florianopolis/alugar/apartamento/centro/apartamento-florianopolis-centro-1461222.html,Apartamento no Bairro Centro em Florianópolis com 1 Dormitórios e 50 m² - AP03488L,"Florianópolis, Centro",Florianópolis,Centro,NULL,"R$ 2.500,00",2500.0,50.0,NULL,NULL,NULL,aluguel
https://www.imoveis-sc.com.br/florianopolis/alugar/apartamento/centro/apartamento-florianopolis-centro-1461225.html,Apartamento no Bairro Centro em Florianópolis com 1 Dormitórios e 60 m² - AP03485L,"Florianópolis, Centro",Florianópolis,Centro,NULL,"R$ 4.000,00",4000.0,60.0,NULL,NULL,NULL,aluguel
https://www.imoveis-sc.com.br/florianopolis/alugar/outros-imoveis/estreito/outros-imoveis-florianopolis-estreito-1380593.html,Outros Imóveis no Bairro Estreito em Florianópolis com 193.66 m² - SA00240L,"Florianópolis, Estreito",Florianópolis,Estreito,NULL,"R$ 9.800,00",9800.0,193.7,NULL,4.0,NULL,aluguel
https://www.imoveis-sc.com.br/florianopolis/alugar/outros-imoveis/centro/outros-imoveis-florianopolis-centro-1466393.html,Outros Imóveis no Bairro Centro em Florianópolis com 64.2 m² - SA00309L,"Florianópolis, Centro",Florianópolis,Centro,NULL,"R$ 1.400,00",1400.0,64.2,NULL,NULL,NULL,aluguel
https://www.imoveis-sc.com.br/florianopolis/alugar/outros-imoveis/itacorubi/outros-imoveis-florianopolis-itacorubi-1450286.html,Outros Imóveis no Bairro Itacorubí em Florianópolis com 27 m² - SA00294L,"Florianópolis, Itacorubí",Florianópolis,Itacorubí,NULL,"R$ 1.667,00",1667.0,27.0,NULL,NULL,NULL,aluguel
https://www.imoveis-sc.com.br/florianopolis/alugar/outros-imoveis/centro/outros-imoveis-florianopolis-centro-1450284.html,Outros Imóveis no Bairro Centro em Florianópolis com 58 m² - SA00296L,"Florianópolis, Centro",Florianópolis,Centro,NULL,"R$ 3.000,00",3000.0,58.0,NULL,1.0,NULL,aluguel
https://www.imoveis-sc.com.br/florianopolis/alugar/outros-imoveis/itacorubi/outros-imoveis-florianopolis-itacorubi-1410948.html,Outros Imóveis no Bairro Itacorubí em Florianópolis com 112 m² - LJ00101L,"Florianópolis, Itacorubí",Florianópolis,Itacorubí,NULL,"R$ 8.700,00",8700.0,112.0,NULL,6.0,NULL,aluguel
https://www.imoveis-sc.com.br/florianopolis/alugar/apartamento/itacorubi/apartamento-florianopolis-itacorubi-826168.html,Apartamento no Bairro Itacorubí em Florianópolis com 2 Dormitórios (1 suíte) e 70 m² - AP00956L,"Florianópolis, Itacorubí",Florianópolis,Itacorubí,NULL,"R$ 2.990,00",2990.0,70.0,2.0,1.0,1.0,aluguel
https://www.imoveis-sc.com.br/florianopolis/alugar/apartamento/centro/apartamento-florianopolis-centro-1455912.html,Apartamento no Bairro Centro em Florianópolis com 2 Dormitórios (1 suíte) e 75 m² - AP03426L,"Florianópolis, Centro",Florianópolis,Centro,NULL,"R$ 4.580,00",4580.0,75.0,2.0,1.0,1.0,aluguel
https://www.imoveis-sc.com.br/florianopolis/alugar/apartamento/itacorubi/apartamento-florianopolis-itacorubi-1384640.html,Apartamento no Bairro Itacorubí em Florianópolis com 2 Dormitórios (1 suíte) e 73.67 m² - AP02711L,"Florianópolis, Itacorubí",Florianópolis,Itacorubí,NULL,"R$ 4.900,00",4900.0,73.7,2.0,1.0,1.0,aluguel
https://www.imoveis-sc.com.br/florianopolis/alugar/outros-imoveis/corrego-grande/outros-imoveis-florianopolis-corrego-grande-1459678.html,Outros Imóveis no Bairro Córrego Grande em Florianópolis com 35 m² - SA00305L,"Florianópolis, Córrego Grande",Florianópolis,Córrego Grande,NULL,"R$ 1.300,00",1300.0,35.0,NULL,NULL,NULL,aluguel
https://www.imoveis-sc.com.br/florianopolis/alugar/outros-imoveis/jurere/outros-imoveis-florianopolis-jurere-1464159.html,Outros Imóveis no Bairro Jurerê em Florianópolis com 30 m² - LJ00115L,"Florianópolis, Jurerê",Florianópolis,Jurerê,NULL,"R$ 3.900,00",3900.0,30.0,NULL,NULL,NULL,aluguel
https://www.imoveis-sc.com.br/florianopolis/alugar/apartamento/itacorubi/apartamento-florianopolis-itacorubi-1456505.html,Apartamento no Bairro Itacorubí em Florianópolis com 2 Dormitórios e 57 m² - AP03437L,"Florianópolis, Itacorubí",Florianópolis,Itacorubí,NULL,"R$ 3.990,00",3990.0,57.0,2.0,1.0,NULL,aluguel
https://www.imoveis-sc.com.br/florianopolis/alugar/outros-imoveis/agronomica/outros-imoveis-florianopolis-agronomica-1465897.html,Outros Imóveis no Bairro Agronômica em Florianópolis com 173.96 m² - LJ00011L,"Florianópolis, Agronômica",Florianópolis,Agronômica,NULL,"R$ 7.500,00",7500.0,174.0,NULL,1.0,NULL,aluguel
https://www.imoveis-sc.com.br/florianopolis/alugar/apartamento/ingleses/apartamento-florianopolis-ingleses-1468176.html,Apartamento no Bairro Ingleses em Florianópolis com 3 Dormitórios (1 suíte) - 16911,"Florianópolis, Ingleses",Florianópolis,Ingleses,NULL,"R$ 2.300,00",2300.0,NULL,3.0,1.0,1.0,aluguel
https://www.imoveis-sc.com.br/florianopolis/alugar/apartamento/itacorubi/apartamento-florianopolis-itacorubi-1462755.html,Apartamento no Bairro Itacorubí em Florianópolis com 2 Dormitórios (2 suítes) - ITA2491,"Florianópolis, Itacorubí",Florianópolis,Itacorubí,NULL,"R$ 3.960,00",3960.0,NULL,2.0,1.0,2.0,aluguel
https://www.imoveis-sc.com.br/florianopolis/alugar/apartamento/centro/apartamento-florianopolis-centro-1461224.html,Apartamento no Bairro Centro em Florianópolis com 1 Dormitórios e 60 m² - AP03486L,"Florianópolis, Centro",Florianópolis,Centro,NULL,"R$ 3.500,00",3500.0,60.0,NULL,NULL,NULL,aluguel
https://www.imoveis-sc.com.br/florianopolis/alugar/outros-imoveis/lagoa-da-conceicao/outros-imoveis-florianopolis-lagoa-da-conceicao-1464368.html,Outros Imóveis no Bairro Lagoa da Conceição em Florianópolis com 60 m² - LJ00117L,"Florianópolis, Lagoa da Conceição",Florianópolis,Lagoa Da Conceição,NULL,"R$ 3.500,00",3500.0,60.0,NULL,1.0,NULL,aluguel
https://www.imoveis-sc.com.br/florianopolis/alugar/outros-imoveis/itacorubi/outros-imoveis-florianopolis-itacorubi-1383025.html,Outros Imóveis no Bairro Itacorubí em Florianópolis com 12 m² - LJ00095L,"Florianópolis, Itacorubí",Florianópolis,Itacorubí,NULL,"R$ 1.200,00",1200.0,12.0,NULL,1.0,NULL,aluguel
https://www.imoveis-sc.com.br/florianopolis/alugar/outros-imoveis/trindade/outros-imoveis-florianopolis-trindade-1465014.html,Outros Imóveis no Bairro Trindade em Florianópolis com 1 Dormitórios e 91.75 m² - LJ00119L,"Florianópolis, Trindade",Florianópolis,Trindade,NULL,"R$ 8.000,00",8000.0,91.8,NULL,1.0,NULL,aluguel
https://www.imoveis-sc.com.br/florianopolis/alugar/outros-imoveis/centro/outros-imoveis-florianopolis-centro-1456196.html,Outros Imóveis no Bairro Centro em Florianópolis com 331.28 m² - SA00286L,"Florianópolis, Centro",Florianópolis,Centro,NULL,"R$ 15.000,00",15000.0,331.3,NULL,5.0,NULL,aluguel
https://www.imoveis-sc.com.br/florianopolis/alugar/outros-imoveis/centro/outros-imoveis-florianopolis-centro-1444607.html,Outros Imóveis no Bairro Centro em Florianópolis com 91.13 m² - SA00263L,"Florianópolis, Centro",Florianópolis,Centro,NULL,"R$ 3.100,00",3100.0,91.1,NULL,NULL,NULL,aluguel
https://www.imoveis-sc.com.br/florianopolis/alugar/outros-imoveis/trindade/outros-imoveis-florianopolis-trindade-1355808.html,Outros Imóveis no Bairro Trindade em Florianópolis com 51 m² - SA00248L,"Florianópolis, Trindade",Florianópolis,Trindade,NULL,"R$ 2.500,00",2500.0,51.0,NULL,1.0,NULL,aluguel
https://www.imoveis-sc.com.br/florianopolis/alugar/outros-imoveis/santo-antonio-de-lisboa/outros-imoveis-florianopolis-santo-antonio-de-lisboa-1456513.html,Outros Imóveis no Bairro Santo Antônio de Lisboa em Florianópolis com 62.94 m² - LJ00112L,"Florianópolis, Santo Antônio de Lisboa",Florianópolis,Santo Antônio De Lisboa,NULL,"R$ 8.500,00",8500.0,62.9,NULL,2.0,NULL,aluguel
https://www.imoveis-sc.com.br/florianopolis/alugar/outros-imoveis/trindade/outros-imoveis-florianopolis-trindade-1465013.html,Outros Imóveis no Bairro Trindade em Florianópolis com 1 Dormitórios e 102.97 m² - LJ00120L,"Florianópolis, Trindade",Florianópolis,Trindade,NULL,"R$ 10.000,00",10000.0,103.0,NULL,1.0,NULL,aluguel
https://www.imoveis-sc.com.br/florianopolis/alugar/casa/centro/casa-florianopolis-centro-1459423.html,Casa no Bairro Centro em Florianópolis com 2 Dormitórios e 82 m² - CA00689L,"Florianópolis, Centro",Florianópolis,Centro,NULL,"R$ 3.299,00",3299.0,82.0,2.0,1.0,NULL,aluguel
https://www.imoveis-sc.com.br/florianopolis/alugar/casa/trindade/casa-florianopolis-trindade-1456187.html,Casa no Bairro Trindade em Florianópolis com 2 Dormitórios (1 suíte) e 90 m² - CA00669L,"Florianópolis, Trindade",Florianópolis,Trindade,NULL,"R$ 3.800,00",3800.0,90.0,2.0,2.0,1.0,aluguel
https://www.imoveis-sc.com.br/florianopolis/alugar/apartamento/itacorubi/apartamento-florianopolis-itacorubi-1447909.html,Apartamento no Bairro Itacorubí em Florianópolis com 2 Dormitórios e 70 m² - AP03376L,"Florianópolis, Itacorubí",Florianópolis,Itacorubí,NULL,"R$ 4.400,00",4400.0,70.0,2.0,NULL,NULL,aluguel
https://www.imoveis-sc.com.br/florianopolis/alugar/casa/cacupe/casa-florianopolis-cacupe-1464572.html,Casa no Bairro Cacupé em Florianópolis com 4 Dormitórios (1 suíte) e 230 m² - CA00712L,"Florianópolis, Cacupé",Florianópolis,Cacupé,NULL,"R$ 5.300,00",5300.0,230.0,4.0,3.0,1.0,aluguel
https://www.imoveis-sc.com.br/florianopolis/alugar/casa/campeche/casa-florianopolis-campeche-1461486.html,Casa no Bairro Campeche em Florianópolis com 3 Dormitórios e 170 m² - CA00701L,"Florianópolis, Campeche",Florianópolis,Campeche,NULL,"R$ 6.500,00",6500.0,170.0,3.0,3.0,NULL,aluguel
https://www.imoveis-sc.com.br/florianopolis/comprar/apartamento/rio-vermelho/apartamento-florianopolis-rio-vermelho-1080083.html?isc_source=SD,Apartamento no Bairro Rio Vermelho em Florianópolis com 2 Dormitórios e 55 m² - AP0576,"Florianópolis, Rio Vermelho",Florianópolis,Rio Vermelho,NULL,"R$ 190.900,00",190900.0,55.0,2.0,1.0,NULL,venda
https://www.imoveis-sc.com.br/florianopolis/comprar/apartamento/itacorubi/apartamento-florianopolis-itacorubi-1462277.html?isc_source=SD,Apartamento no Bairro Itacorubí em Florianópolis com 2 Dormitórios (1 suíte) e 68.42 m² - AP03496V,"Florianópolis, Itacorubí",Florianópolis,Itacorubí,NULL,"R$ 895.000,00",895000.0,68.4,2.0,1.0,1.0,venda
https://www.imoveis-sc.com.br/florianopolis/comprar/casa/rio-vermelho/casa-florianopolis-rio-vermelho-1243264.html?isc_source=SD,Casa no Bairro Rio Vermelho em Florianópolis com 3 Dormitórios (3 suítes) e 200 m² - SO0288,"Florianópolis, Rio Vermelho",Florianópolis,Rio Vermelho,NULL,"R$ 1.900.000,00",1900000.0,200.0,3.0,4.0,3.0,venda
https://www.imoveis-sc.com.br/florianopolis/comprar/apartamento/ingleses/apartamento-florianopolis-ingleses-633773.html?isc_source=SD,Apartamento no Bairro Ingleses em Florianópolis com 2 Dormitórios (1 suíte) e 65 m² - AP0187,"Florianópolis, Ingleses",Florianópolis,Ingleses,NULL,"R$ 270.000,00",270000.0,65.0,2.0,1.0,1.0,venda
https://www.imoveis-sc.com.br/florianopolis/comprar/casa/rio-vermelho/casa-florianopolis-rio-vermelho-1424367.html?isc_source=SD,Casa no Bairro Rio Vermelho em Florianópolis com 3 Dormitórios (1 suíte) e 141 m² - SO0381,"Florianópolis, Rio Vermelho",Florianópolis,Rio Vermelho,NULL,"R$ 459.000,00",459000.0,141.0,3.0,2.0,1.0,venda
https://www.imoveis-sc.com.br/florianopolis/comprar/casa/rio-vermelho/casa-florianopolis-rio-vermelho-1389514.html?isc_source=SD,Casa no Bairro Rio Vermelho em Florianópolis com 2 Dormitórios (2 suítes) e 103 m² - SO0366,"Florianópolis, Rio Vermelho",Florianópolis,Rio Vermelho,NULL,"R$ 550.000,00",550000.0,103.0,2.0,1.0,2.0,venda
https://www.imoveis-sc.com.br/florianopolis/comprar/casa/rio-vermelho/casa-florianopolis-rio-vermelho-1432156.html?isc_source=SD,Casa no Bairro Rio Vermelho em Florianópolis com 3 Dormitórios e 170 m² - CA0146,"Florianópolis, Rio Vermelho",Florianópolis,Rio Vermelho,NULL,"R$ 650.000,00",650000.0,170.0,3.0,2.0,NULL,venda
https://www.imoveis-sc.com.br/florianopolis/comprar/casa/ingleses/casa-florianopolis-ingleses-1453639.html?isc_source=SD,Casa no Bairro Ingleses em Florianópolis com 3 Dormitórios (1 suíte) e 174 m² - SO0419,"Florianópolis, Ingleses",Florianópolis,Ingleses,NULL,"R$ 840.000,00",840000.0,174.0,3.0,2.0,1.0,venda
https://www.imoveis-sc.com.br/florianopolis/comprar/casa/centro/casa-florianopolis-centro-1345146.html?isc_source=SD,Casa no Bairro Centro em Florianópolis com 2 Dormitórios (1 suíte) e 168 m² - CA00502V,"Florianópolis, Centro",Florianópolis,Centro,NULL,"R$ 1.390.000,00",1390000.0,168.0,2.0,2.0,1.0,venda
https://www.imoveis-sc.com.br/florianopolis/comprar/apartamento/trindade/apartamento-florianopolis-trindade-1360835.html?isc_source=SD,Apartamento no Bairro Trindade em Florianópolis com 2 Dormitórios (2 suítes) e 157 m² - CO00092V,"Florianópolis, Trindade",Florianópolis,Trindade,NULL,"R$ 1.440.000,00",1440000.0,157.0,2.0,2.0,2.0,venda
https://www.imoveis-sc.com.br/florianopolis/comprar/apartamento/itacorubi/apartamento-florianopolis-itacorubi-1335129.html?isc_source=SD,Apartamento no Bairro Itacorubí em Florianópolis com 2 Dormitórios (1 suíte) e 61.06 m² - AP02855V,"Florianópolis, Itacorubí",Florianópolis,Itacorubí,NULL,"R$ 720.000,00",720000.0,61.1,2.0,1.0,1.0,venda
https://www.imoveis-sc.com.br/florianopolis/comprar/apartamento/carvoeira/apartamento-florianopolis-carvoeira-1309370.html?isc_source=SD,Apartamento no Bairro Carvoeira em Florianópolis com 1 Dormitórios (1 suíte) - 350760,"Florianópolis, Carvoeira",Florianópolis,Carvoeira,NULL,"R$ 917.132,38",917132.38,NULL,NULL,NULL,1.0,venda
https://www.imoveis-sc.com.br/florianopolis/comprar/apartamento/carvoeira/apartamento-florianopolis-carvoeira-1309371.html?isc_source=SD,Apartamento no Bairro Carvoeira em Florianópolis com 1 Dormitórios (1 suíte) - 350731,"Florianópolis, Carvoeira",Florianópolis,Carvoeira,NULL,"R$ 928.293,32",928293.32,NULL,NULL,NULL,1.0,venda
https://www.imoveis-sc.com.br/florianopolis/comprar/apartamento/ingleses/apartamento-florianopolis-ingleses-1363893.html?isc_source=SD,Apartamento no Bairro Ingleses em Florianópolis com 2 Dormitórios (1 suíte) e 55 m² - GD0044,"Florianópolis, Ingleses",Florianópolis,Ingleses,NULL,"R$ 260.000,00",260000.0,55.0,2.0,1.0,1.0,venda
https://www.imoveis-sc.com.br/florianopolis/comprar/casa/rio-vermelho/casa-florianopolis-rio-vermelho-1453637.html?isc_source=SD,Casa no Bairro Rio Vermelho em Florianópolis com 2 Dormitórios e 99 m² - SO0417,"Florianópolis, Rio Vermelho",Florianópolis,Rio Vermelho,NULL,"R$ 400.000,00",400000.0,99.0,2.0,1.0,NULL,venda
https://www.imoveis-sc.com.br/florianopolis/comprar/casa/rio-vermelho/casa-florianopolis-rio-vermelho-1429138.html?isc_source=SD,Casa no Bairro Rio Vermelho em Florianópolis com 2 Dormitórios (2 suítes) e 85 m² - SO0399,"Florianópolis, Rio Vermelho",Florianópolis,Rio Vermelho,NULL,"R$ 449.900,00",449900.0,85.0,2.0,1.0,2.0,venda
https://www.imoveis-sc.com.br/florianopolis/comprar/apartamento/vargem-grande/apartamento-florianopolis-vargem-grande-1453041.html?isc_source=SD,Apartamento no Bairro Vargem Grande em Florianópolis com 2 Dormitórios e 61 m² - GD0049,"Florianópolis, Vargem Grande",Florianópolis,Vargem Grande,NULL,"R$ 450.000,00",450000.0,61.0,2.0,1.0,NULL,venda
https://www.imoveis-sc.com.br/florianopolis/comprar/apartamento/ingleses/apartamento-florianopolis-ingleses-1080096.html?isc_source=SD,Apartamento no Bairro Ingleses em Florianópolis com 2 Dormitórios e 53 m² - AP0571,"Florianópolis, Ingleses",Florianópolis,Ingleses,NULL,"R$ 465.000,00",465000.0,53.0,2.0,1.0,NULL,venda
https://www.imoveis-sc.com.br/florianopolis/comprar/casa/rio-vermelho/casa-florianopolis-rio-vermelho-1452135.html?isc_source=SD,Casa no Bairro Rio Vermelho em Florianópolis com 2 Dormitórios (2 suítes) e 92 m² - SO0409,"Florianópolis, Rio Vermelho",Florianópolis,Rio Vermelho,NULL,"R$ 619.000,00",619000.0,92.0,2.0,2.0,2.0,venda
https://www.imoveis-sc.com.br/florianopolis/comprar/casa/rio-vermelho/casa-florianopolis-rio-vermelho-1450927.html?isc_source=SD,Casa no Bairro Rio Vermelho em Florianópolis com 2 Dormitórios (2 suítes) e 92 m² - SO0408,"Florianópolis, Rio Vermelho",Florianópolis,Rio Vermelho,NULL,"R$ 619.000,00",619000.0,92.0,2.0,2.0,2.0,venda
https://www.imoveis-sc.com.br/florianopolis/comprar/casa/rio-vermelho/casa-florianopolis-rio-vermelho-1286443.html?isc_source=SD,Casa no Bairro Rio Vermelho em Florianópolis com 2 Dormitórios (2 suítes) e 89 m² - SO0325,"Florianópolis, Rio Vermelho",Florianópolis,Rio Vermelho,NULL,"R$ 650.000,00",650000.0,89.0,2.0,1.0,2.0,venda
https://www.imoveis-sc.com.br/florianopolis/comprar/casa/rio-vermelho/casa-florianopolis-rio-vermelho-1418205.html?isc_source=SD,Casa no Bairro Rio Vermelho em Florianópolis com 3 Dormitórios (1 suíte) e 93 m² - CA0138,"Florianópolis, Rio Vermelho",Florianópolis,Rio Vermelho,NULL,"R$ 689.000,00",689000.0,93.0,3.0,1.0,1.0,venda
https://www.imoveis-sc.com.br/florianopolis/comprar/casa/rio-vermelho/casa-florianopolis-rio-vermelho-1351779.html?isc_source=SD,Casa no Bairro Rio Vermelho em Florianópolis com 2 Dormitórios (2 suítes) e 110 m² - SO0340,"Florianópolis, Rio Vermelho",Florianópolis,Rio Vermelho,NULL,"R$ 690.000,00",690000.0,110.0,2.0,2.0,2.0,venda
https://www.imoveis-sc.com.br/florianopolis/comprar/casa/ingleses/casa-florianopolis-ingleses-1427223.html?isc_source=SD,Casa no Bairro Ingleses em Florianópolis com 4 Dormitórios (1 suíte) e 124 m² - SO0392,"Florianópolis, Ingleses",Florianópolis,Ingleses,NULL,"R$ 720.000,00",720000.0,124.0,4.0,2.0,1.0,venda
https://www.imoveis-sc.com.br/florianopolis/comprar/casa/rio-vermelho/casa-florianopolis-rio-vermelho-1263736.html?isc_source=SD,Casa no Bairro Rio Vermelho em Florianópolis com 3 Dormitórios (1 suíte) e 122 m² - SO0313,"Florianópolis, Rio Vermelho",Florianópolis,Rio Vermelho,NULL,"R$ 730.000,00",730000.0,122.0,3.0,2.0,1.0,venda
https://www.imoveis-sc.com.br/florianopolis/comprar/casa/rio-vermelho/casa-florianopolis-rio-vermelho-1317093.html?isc_source=SD,Casa no Bairro Rio Vermelho em Florianópolis com 3 Dormitórios (1 suíte) e 123 m² - SO0333,"Florianópolis, Rio Vermelho",Florianópolis,Rio Vermelho,NULL,"R$ 789.000,00",789000.0,123.0,3.0,1.0,1.0,venda
https://www.imoveis-sc.com.br/florianopolis/comprar/casa/ingleses/casa-florianopolis-ingleses-1390147.html?isc_source=SD,Casa no Bairro Ingleses em Florianópolis com 2 Dormitórios e 139 m² - CA0136,"Florianópolis, Ingleses",Florianópolis,Ingleses,NULL,"R$ 840.000,00",840000.0,139.0,2.0,1.0,NULL,venda
https://www.imoveis-sc.com.br/florianopolis/comprar/casa/ingleses/casa-florianopolis-ingleses-923749.html?isc_source=SD,Casa no Bairro Ingleses em Florianópolis com 3 Dormitórios (1 suíte) e 117 m² - SO0050,"Florianópolis, Ingleses",Florianópolis,Ingleses,NULL,"R$ 849.000,00",849000.0,117.0,3.0,2.0,1.0,venda
https://www.imoveis-sc.com.br/florianopolis/comprar/terreno/ratones/terreno-florianopolis-ratones-1300943.html?isc_source=SD,Terreno no Bairro Ratones em Florianópolis com 400 m² - TE0104,"Florianópolis, Ratones",Florianópolis,Ratones,NULL,"R$ 890.000,00",890000.0,NULL,NULL,NULL,NULL,venda
https://www.imoveis-sc.com.br/florianopolis/comprar/casa/rio-vermelho/casa-florianopolis-rio-vermelho-1422624.html?isc_source=SD,Casa no Bairro Rio Vermelho em Florianópolis com 3 Dormitórios (3 suítes) e 157 m² - SO0377,"Florianópolis, Rio Vermelho",Florianópolis,Rio Vermelho,NULL,"R$ 900.000,00",900000.0,157.0,3.0,2.0,3.0,venda
https://www.imoveis-sc.com.br/florianopolis/comprar/casa/ingleses/casa-florianopolis-ingleses-950843.html?isc_source=SD,Casa no Bairro Ingleses em Florianópolis com 4 Dormitórios (2 suítes) e 150 m² - SO0191,"Florianópolis, Ingleses",Florianópolis,Ingleses,NULL,"R$ 950.000,00",950000.0,150.0,4.0,2.0,2.0,venda
https://www.imoveis-sc.com.br/florianopolis/comprar/casa/santinho/casa-florianopolis-santinho-688817.html?isc_source=SD,Casa no Bairro Santinho em Florianópolis com 2 Dormitórios (1 suíte) e 90 m² - SO0084,"Florianópolis, Santinho",Florianópolis,Santinho,NULL,"R$ 950.000,00",950000.0,90.0,2.0,5.0,1.0,venda
https://www.imoveis-sc.com.br/florianopolis/comprar/casa/rio-vermelho/casa-florianopolis-rio-vermelho-1372701.html?isc_source=SD,Casa no Bairro Rio Vermelho em Florianópolis com 3 Dormitórios (3 suítes) e 153 m² - SO0361,"Florianópolis, Rio Vermelho",Florianópolis,Rio Vermelho,NULL,"R$ 990.000,00",990000.0,153.0,3.0,2.0,3.0,venda
https://www.imoveis-sc.com.br/florianopolis/comprar/casa/rio-vermelho/casa-florianopolis-rio-vermelho-1229882.html?isc_source=SD,Casa no Bairro Rio Vermelho em Florianópolis com 3 Dormitórios (1 suíte) e 149 m² - SO0269,"Florianópolis, Rio Vermelho",Florianópolis,Rio Vermelho,NULL,"R$ 1.060.000,00",1060000.0,149.0,3.0,1.0,1.0,venda
https://www.imoveis-sc.com.br/florianopolis/comprar/casa/ingleses/casa-florianopolis-ingleses-1465358.html?isc_source=SD,Casa no Bairro Ingleses em Florianópolis com 3 Dormitórios (3 suítes) e 150 m² - SO0433,"Florianópolis, Ingleses",Florianópolis,Ingleses,NULL,"R$ 1.100.000,00",1100000.0,150.0,3.0,2.0,3.0,venda
https://www.imoveis-sc.com.br/florianopolis/comprar/outros-imoveis/ingleses/outros-imoveis-florianopolis-ingleses-1079881.html?isc_source=SD,Outros Imóveis no Bairro Ingleses em Florianópolis com 307 m² - PR0006,"Florianópolis, Ingleses",Florianópolis,Ingleses,NULL,"R$ 1.100.000,00",1100000.0,307.0,NULL,4.0,NULL,venda
https://www.imoveis-sc.com.br/florianopolis/comprar/apartamento/ingleses/apartamento-florianopolis-ingleses-1080101.html?isc_source=SD,Apartamento no Bairro Ingleses em Florianópolis com 2 Dormitórios (1 suíte) e 59 m² - AP0568,"Florianópolis, Ingleses",Florianópolis,Ingleses,NULL,"R$ 1.152.750,00",1152750.0,59.0,2.0,1.0,1.0,venda
https://www.imoveis-sc.com.br/florianopolis/comprar/casa/ingleses/casa-florianopolis-ingleses-1424365.html?isc_source=SD,Casa no Bairro Ingleses em Florianópolis com 3 Dormitórios (1 suíte) e 137 m² - SO0380,"Florianópolis, Ingleses",Florianópolis,Ingleses,NULL,"R$ 1.200.000,00",1200000.0,137.0,3.0,2.0,1.0,venda
https://www.imoveis-sc.com.br/florianopolis/comprar/casa/ingleses/casa-florianopolis-ingleses-1425695.html?isc_source=SD,Casa no Bairro Ingleses em Florianópolis com 3 Dormitórios (3 suítes) e 159 m² - SO0391,"Florianópolis, Ingleses",Florianópolis,Ingleses,NULL,"R$ 1.350.000,00",1350000.0,159.0,3.0,2.0,3.0,venda
https://www.imoveis-sc.com.br/florianopolis/comprar/outros-imoveis/rio-vermelho/outros-imoveis-florianopolis-rio-vermelho-1080461.html?isc_source=SD,Outros Imóveis no Bairro Rio Vermelho em Florianópolis com 9 Dormitórios e 110 m² - PO0006,"Florianópolis, Rio Vermelho",Florianópolis,Rio Vermelho,NULL,"R$ 1.500.000,00",1500000.0,110.0,9.0,2.0,NULL,venda
https://www.imoveis-sc.com.br/florianopolis/comprar/casa/ingleses/casa-florianopolis-ingleses-1427227.html?isc_source=SD,Casa no Bairro Ingleses em Florianópolis com 3 Dormitórios (3 suítes) e 244 m² - SO0396,"Florianópolis, Ingleses",Florianópolis,Ingleses,NULL,"R$ 1.700.000,00",1700000.0,244.0,3.0,4.0,3.0,venda
https://www.imoveis-sc.com.br/florianopolis/comprar/casa/ingleses/casa-florianopolis-ingleses-1451484.html?isc_source=SD,Casa no Bairro Ingleses em Florianópolis com 3 Dormitórios (3 suítes) e 291 m² - SO0411,"Florianópolis, Ingleses",Florianópolis,Ingleses,NULL,"R$ 1.700.000,00",1700000.0,291.0,3.0,2.0,3.0,venda
https://www.imoveis-sc.com.br/florianopolis/comprar/casa/rio-vermelho/casa-florianopolis-rio-vermelho-1239190.html?isc_source=SD,Casa no Bairro Rio Vermelho em Florianópolis com 4 Dormitórios (3 suítes) e 250 m² - SO0287,"Florianópolis, Rio Vermelho",Florianópolis,Rio Vermelho,NULL,"R$ 1.850.000,00",1850000.0,250.0,4.0,4.0,3.0,venda
https://www.imoveis-sc.com.br/florianopolis/comprar/casa/ingleses/casa-florianopolis-ingleses-1409301.html?isc_source=SD,Casa no Bairro Ingleses em Florianópolis com 3 Dormitórios (3 suítes) e 205 m² - SO0370,"Florianópolis, Ingleses",Florianópolis,Ingleses,NULL,"R$ 1.900.828,75",1900828.75,205.0,3.0,2.0,3.0,venda
https://www.imoveis-sc.com.br/florianopolis/comprar/casa/rio-vermelho/casa-florianopolis-rio-vermelho-1445621.html?isc_source=SD,Casa no Bairro Rio Vermelho em Florianópolis com 4 Dormitórios (3 suítes) e 250 m² - SO0403,"Florianópolis, Rio Vermelho",Florianópolis,Rio Vermelho,NULL,"R$ 1.910.000,00",1910000.0,250.0,4.0,2.0,3.0,venda
https://www.imoveis-sc.com.br/florianopolis/comprar/casa/canasvieiras/casa-florianopolis-canasvieiras-1235599.html?isc_source=SD,Casa no Bairro Canasvieiras em Florianópolis com 3 Dormitórios (3 suítes) e 230 m² - SO0281,"Florianópolis, Canasvieiras",Florianópolis,Canasvieiras,NULL,"R$ 1.950.000,00",1950000.0,230.0,3.0,2.0,3.0,venda
https://www.imoveis-sc.com.br/florianopolis/comprar/casa/ingleses/casa-florianopolis-ingleses-1356295.html?isc_source=SD,Casa no Bairro Ingleses em Florianópolis com 3 Dormitórios (3 suítes) e 200 m² - CA0130,"Florianópolis, Ingleses",Florianópolis,Ingleses,NULL,"R$ 1.990.000,00",1990000.0,200.0,3.0,2.0,3.0,venda
https://www.imoveis-sc.com.br/florianopolis/comprar/casa/cacupe/casa-florianopolis-cacupe-1427224.html?isc_source=SD,Casa no Bairro Cacupé em Florianópolis com 3 Dormitórios (3 suítes) e 181 m² - SO0389,"Florianópolis, Cacupé",Florianópolis,Cacupé,NULL,"R$ 2.200.000,00",2200000.0,181.0,3.0,2.0,3.0,venda
https://www.imoveis-sc.com.br/florianopolis/comprar/casa/ingleses/casa-florianopolis-ingleses-1459675.html?isc_source=SD,Casa no Bairro Ingleses em Florianópolis com 4 Dormitórios (3 suítes) e 378 m² - SO0428,"Florianópolis, Ingleses",Florianópolis,Ingleses,NULL,"R$ 3.550.000,00",3550000.0,378.0,4.0,2.0,3.0,venda
https://www.imoveis-sc.com.br/florianopolis/comprar/outros-imoveis/ponta-das-canas/outros-imoveis-florianopolis-ponta-das-canas-1080379.html?isc_source=SD,Outros Imóveis no Bairro Ponta das Canas em Florianópolis com 12 Dormitórios e 400 m² - PO0007,"Florianópolis, Ponta das Canas",Florianópolis,Ponta Das Canas,NULL,"R$ 4.500.000,00",4500000.0,400.0,12.0,1.0,NULL,venda
https://www.imoveis-sc.com.br/florianopolis/comprar/casa/ingleses/casa-florianopolis-ingleses-1411608.html?isc_source=SD,Casa no Bairro Ingleses em Florianópolis com 4 Dormitórios (4 suítes) - SO0371,"Florianópolis, Ingleses",Florianópolis,Ingleses,NULL,"R$ 5.230.412,50",5230412.5,NULL,4.0,2.0,4.0,venda
https://www.imoveis-sc.com.br/florianopolis/comprar/outros-imoveis/canasvieiras/outros-imoveis-florianopolis-canasvieiras-598429.html?isc_source=SD,Outros Imóveis no Bairro Canasvieiras em Florianópolis com 12 Dormitórios (4 suítes) e 432 m² - PO0001,"Florianópolis, Canasvieiras",Florianópolis,Canasvieiras,NULL,"R$ 7.200.000,00",7200000.0,432.0,12.0,8.0,4.0,venda
https://www.imoveis-sc.com.br/florianopolis/comprar/casa/ingleses/casa-florianopolis-ingleses-1007050.html?isc_source=SD,Casa no Bairro Ingleses em Florianópolis com 3 Dormitórios (1 suíte) e 118 m² - SO0206,"Florianópolis, Ingleses",Florianópolis,Ingleses,NULL,"R$ 820.000,00",820000.0,118.0,3.0,1.0,1.0,venda
https://www.imoveis-sc.com.br/florianopolis/comprar/apartamento/ingleses/apartamento-florianopolis-ingleses-603321.html?isc_source=SD,Apartamento no Bairro Ingleses em Florianópolis com 2 Dormitórios e 57 m² - AP0135,"Florianópolis, Ingleses",Florianópolis,Ingleses,NULL,"R$ 299.000,00",299000.0,57.0,2.0,1.0,NULL,venda
https://www.imoveis-sc.com.br/florianopolis/comprar/casa/rio-vermelho/casa-florianopolis-rio-vermelho-1136483.html?isc_source=SD,Casa no Bairro Rio Vermelho em Florianópolis com 3 Dormitórios (1 suíte) e 182 m² - CA0103,"Florianópolis, Rio Vermelho",Florianópolis,Rio Vermelho,NULL,"R$ 1.219.000,00",1219000.0,182.0,3.0,3.0,1.0,venda
https://www.imoveis-sc.com.br/florianopolis/comprar/casa/ingleses/casa-florianopolis-ingleses-1461218.html?isc_source=SD,Casa no Bairro Ingleses em Florianópolis com 2 Dormitórios (2 suítes) e 75 m² - SO0430,"Florianópolis, Ingleses",Florianópolis,Ingleses,NULL,"R$ 499.000,00",499000.0,75.0,2.0,1.0,2.0,venda
https://www.imoveis-sc.com.br/florianopolis/comprar/casa/rio-vermelho/casa-florianopolis-rio-vermelho-1458419.html?isc_source=SD,Casa no Bairro Rio Vermelho em Florianópolis com 2 Dormitórios (2 suítes) e 102 m² - SO0426,"Florianópolis, Rio Vermelho",Florianópolis,Rio Vermelho,NULL,"R$ 503.500,00",503500.0,102.0,2.0,1.0,2.0,venda
https://www.imoveis-sc.com.br/florianopolis/comprar/apartamento/ingleses/apartamento-florianopolis-ingleses-1080487.html?isc_source=SD,Apartamento no Bairro Ingleses em Florianópolis com 3 Dormitórios (1 suíte) e 120 m² - CO0093,"Florianópolis, Ingleses",Florianópolis,Ingleses,NULL,"R$ 750.000,00",750000.0,120.0,3.0,1.0,1.0,venda
https://www.imoveis-sc.com.br/florianopolis/comprar/casa/ingleses/casa-florianopolis-ingleses-1317405.html?isc_source=SD,Casa no Bairro Ingleses em Florianópolis com 4 Dormitórios (4 suítes) e 296 m² - SO0335,"Florianópolis, Ingleses",Florianópolis,Ingleses,NULL,"R$ 3.222.950,78",3222950.78,296.0,4.0,2.0,4.0,venda
https://www.imoveis-sc.com.br/florianopolis/comprar/casa/ingleses/casa-florianopolis-ingleses-1453736.html?isc_source=SD,Casa no Bairro Ingleses em Florianópolis com 2 Dormitórios (2 suítes) e 93 m² - SO0423,"Florianópolis, Ingleses",Florianópolis,Ingleses,NULL,"R$ 499.000,00",499000.0,93.0,2.0,2.0,2.0,venda
https://www.imoveis-sc.com.br/florianopolis/comprar/terreno/rio-vermelho/terreno-florianopolis-rio-vermelho-1389256.html?isc_source=SD,Terreno no Bairro Rio Vermelho em Florianópolis com 1392 m² - TE0112,"Florianópolis, Rio Vermelho",Florianópolis,Rio Vermelho,NULL,"R$ 800.000,00",800000.0,NULL,NULL,NULL,NULL,venda
https://www.imoveis-sc.com.br/florianopolis/comprar/casa/ingleses/casa-florianopolis-ingleses-1425694.html?isc_source=SD,Casa no Bairro Ingleses em Florianópolis com 3 Dormitórios (3 suítes) e 162 m² - SO0390,"Florianópolis, Ingleses",Florianópolis,Ingleses,NULL,"R$ 1.380.000,00",1380000.0,162.0,3.0,2.0,3.0,venda
https://www.imoveis-sc.com.br/florianopolis/comprar/terreno/cachoeira-do-bom-jesus/terreno-florianopolis-cachoeira-do-bom-jesus-1243265.html?isc_source=SD,Terreno no Bairro Cachoeira do Bom Jesus em Florianópolis com 2017 m² - TE0101,"Florianópolis, Cachoeira do Bom Jesus",Florianópolis,Cachoeira Do Bom Jesus,NULL,"R$ 3.900.000,00",3900000.0,NULL,NULL,NULL,NULL,venda
https://www.imoveis-sc.com.br/florianopolis/comprar/terreno/rio-vermelho/terreno-florianopolis-rio-vermelho-1423760.html?isc_source=SD,Terreno no Bairro Rio Vermelho em Florianópolis com 250 m² - TE0114,"Florianópolis, Rio Vermelho",Florianópolis,Rio Vermelho,NULL,"R$ 329.000,00",329000.0,NULL,NULL,NULL,NULL,venda
https://www.imoveis-sc.com.br/florianopolis/comprar/terreno/rio-vermelho/terreno-florianopolis-rio-vermelho-1467600.html?isc_source=SD,Terreno no Bairro Rio Vermelho em Florianópolis com 360 m² - TE0121,"Florianópolis, Rio Vermelho",Florianópolis,Rio Vermelho,NULL,"R$ 486.000,00",486000.0,NULL,NULL,NULL,NULL,venda
https://www.imoveis-sc.com.br/florianopolis/comprar/casa/vargem-grande/casa-florianopolis-vargem-grande-1451483.html?isc_source=SD,Casa no Bairro Vargem Grande em Florianópolis com 3 Dormitórios (1 suíte) e 129 m² - SO0415,"Florianópolis, Vargem Grande",Florianópolis,Vargem Grande,NULL,"R$ 1.100.000,00",1100000.0,129.0,3.0,2.0,1.0,venda
https://www.imoveis-sc.com.br/florianopolis/comprar/apartamento/rio-vermelho/apartamento-florianopolis-rio-vermelho-1353444.html,Apartamento no Bairro Rio Vermelho em Florianópolis com 3 Dormitórios - 484280,"Florianópolis, Rio Vermelho",Florianópolis,Rio Vermelho,NULL,"R$ 288.900,00",288900.0,NULL,3.0,1.0,NULL,venda
https://www.imoveis-sc.com.br/florianopolis/comprar/apartamento/centro/apartamento-florianopolis-centro-1414262.html,Apartamento no Bairro Centro em Florianópolis com 3 Dormitórios (1 suíte) - 702683,"Florianópolis, Centro",Florianópolis,Centro,NULL,"R$ 579.900,00",579900.0,NULL,3.0,1.0,1.0,venda
https://www.imoveis-sc.com.br/florianopolis/comprar/apartamento/itacorubi/apartamento-florianopolis-itacorubi-1467347.html,Apartamento no Bairro Itacorubí em Florianópolis com 2 Dormitórios - ITA2573,"Florianópolis, Itacorubí",Florianópolis,Itacorubí,NULL,"R$ 599.000,00",599000.0,NULL,2.0,1.0,NULL,venda
https://www.imoveis-sc.com.br/florianopolis/comprar/casa/pantanal/casa-florianopolis-pantanal-1425499.html,Casa no Bairro Pantanal em Florianópolis com 3 Dormitórios (1 suíte) - 2243,"Florianópolis, Pantanal",Florianópolis,Pantanal,NULL,"R$ 1.150.000,00",1150000.0,NULL,3.0,3.0,1.0,venda
https://www.imoveis-sc.com.br/florianopolis/comprar/apartamento/ingleses/apartamento-florianopolis-ingleses-1442726.html,Apartamento no Bairro Ingleses em Florianópolis com 3 Dormitórios (1 suíte) - 724596,"Florianópolis, Ingleses",Florianópolis,Ingleses,NULL,"R$ 690.000,00",690000.0,NULL,3.0,1.0,1.0,venda
https://www.imoveis-sc.com.br/florianopolis/comprar/terreno/ingleses/terreno-florianopolis-ingleses-1445695.html,Terreno no Bairro Ingleses em Florianópolis com 827.83 m² - 19829,"Florianópolis, Ingleses",Florianópolis,Ingleses,NULL,"R$ 5.830.000,00",5830000.0,NULL,NULL,NULL,NULL,venda
https://www.imoveis-sc.com.br/florianopolis/comprar/apartamento/jardim-atlantico/apartamento-florianopolis-jardim-atlantico-1470008.html,Apartamento no Bairro Jardim Atlântico em Florianópolis com 3 Dormitórios (1 suíte) - 763162,"Florianópolis, Jardim Atlântico",Florianópolis,Jardim Atlântico,NULL,"R$ 745.000,00",745000.0,NULL,3.0,NULL,1.0,venda
https://www.imoveis-sc.com.br/florianopolis/comprar/apartamento/campeche/apartamento-florianopolis-campeche-1469992.html,Apartamento no Bairro Campeche em Florianópolis com 1 Dormitórios - 20213,"Florianópolis, Campeche",Florianópolis,Campeche,NULL,"R$ 1.395.000,00",1395000.0,NULL,NULL,1.0,NULL,venda
https://www.imoveis-sc.com.br/florianopolis/comprar/apartamento/centro/apartamento-florianopolis-centro-1469954.html,Apartamento no Bairro Centro em Florianópolis com 3 Dormitórios (2 suítes) - ITA2583,"Florianópolis, Centro",Florianópolis,Centro,NULL,"R$ 2.340.000,00",2340000.0,NULL,3.0,2.0,2.0,venda
https://www.imoveis-sc.com.br/florianopolis/comprar/casa/saco-grande-i/casa-florianopolis-saco-grande-i-1469952.html,Casa no Bairro Saco Grande I em Florianópolis com 4 Dormitórios (3 suítes) - RMX3094,"Florianópolis, Saco Grande I",Florianópolis,Saco Grande I,NULL,"R$ 3.800.000,00",3800000.0,NULL,4.0,2.0,3.0,venda
https://www.imoveis-sc.com.br/florianopolis/comprar/casa/ribeirao-da-ilha/casa-florianopolis-ribeirao-da-ilha-1454143.html,Casa no Bairro Ribeirão da Ilha em Florianópolis com 2 Dormitórios - 742640,"Florianópolis, Ribeirão da Ilha",Florianópolis,Ribeirão Da Ilha,NULL,"R$ 280.000,00",280000.0,NULL,2.0,NULL,NULL,venda
https://www.imoveis-sc.com.br/florianopolis/comprar/apartamento/ingleses/apartamento-florianopolis-ingleses-1469995.html,Apartamento no Bairro Ingleses em Florianópolis com 2 Dormitórios (1 suíte) - 20207,"Florianópolis, Ingleses",Florianópolis,Ingleses,NULL,"R$ 830.000,00",830000.0,NULL,2.0,2.0,1.0,venda
https://www.imoveis-sc.com.br/florianopolis/comprar/apartamento/ingleses/apartamento-florianopolis-ingleses-1469996.html,Apartamento no Bairro Ingleses em Florianópolis com 3 Dormitórios (1 suíte) - 20189,"Florianópolis, Ingleses",Florianópolis,Ingleses,NULL,"R$ 1.380.000,00",1380000.0,NULL,3.0,1.0,1.0,venda
https://www.imoveis-sc.com.br/florianopolis/comprar/casa/rio-vermelho/casa-florianopolis-rio-vermelho-1469803.html,Casa no Bairro Rio Vermelho em Florianópolis com 3 Dormitórios (1 suíte) - 763782,"Florianópolis, Rio Vermelho",Florianópolis,Rio Vermelho,NULL,"R$ 650.000,00",650000.0,NULL,3.0,2.0,1.0,venda
https://www.imoveis-sc.com.br/florianopolis/comprar/apartamento/ingleses/apartamento-florianopolis-ingleses-1469735.html,Apartamento no Bairro Ingleses em Florianópolis com 2 Dormitórios (1 suíte) e 72.12 m² - AP03533V,"Florianópolis, Ingleses",Florianópolis,Ingleses,NULL,"R$ 850.000,00",850000.0,72.1,2.0,1.0,1.0,venda
https://www.imoveis-sc.com.br/florianopolis/comprar/apartamento/campeche/apartamento-florianopolis-campeche-1469788.html,Apartamento no Bairro Campeche em Florianópolis com 1 Dormitórios - 20205,"Florianópolis, Campeche",Florianópolis,Campeche,NULL,"R$ 1.220.000,00",1220000.0,NULL,NULL,1.0,NULL,venda
https://www.imoveis-sc.com.br/florianopolis/comprar/apartamento/centro/apartamento-florianopolis-centro-1469743.html,Apartamento no Bairro Centro em Florianópolis com 3 Dormitórios (1 suíte) - RMX3092,"Florianópolis, Centro",Florianópolis,Centro,NULL,"R$ 1.495.000,00",1495000.0,NULL,3.0,2.0,1.0,venda
https://www.imoveis-sc.com.br/florianopolis/comprar/apartamento/itacorubi/apartamento-florianopolis-itacorubi-1469944.html,Apartamento no Bairro Itacorubí em Florianópolis com 2 Dormitórios (1 suíte) e 67.08 m² - AP03534V,"Florianópolis, Itacorubí",Florianópolis,Itacorubí,NULL,"R$ 920.000,00",920000.0,67.1,2.0,1.0,1.0,venda
https://www.imoveis-sc.com.br/florianopolis/comprar/casa/tapera-da-base/casa-florianopolis-tapera-da-base-1469792.html,Casa no Bairro Tapera da Base em Florianópolis com 3 Dormitórios - 758312,"Florianópolis, Tapera da Base",Florianópolis,Tapera Da Base,NULL,"R$ 414.000,00",414000.0,NULL,3.0,NULL,NULL,venda
https://www.imoveis-sc.com.br/florianopolis/comprar/apartamento/centro/apartamento-florianopolis-centro-1470009.html,Apartamento no Bairro Centro em Florianópolis com 2 Dormitórios (1 suíte) - 763247,"Florianópolis, Centro",Florianópolis,Centro,NULL,"R$ 9.000.000,00",9000000.0,NULL,2.0,2.0,1.0,venda
https://www.imoveis-sc.com.br/florianopolis/comprar/casa/ingleses/casa-florianopolis-ingleses-1469789.html,Casa no Bairro Ingleses em Florianópolis com 3 Dormitórios (1 suíte) - 20122,"Florianópolis, Ingleses",Florianópolis,Ingleses,NULL,"R$ 890.000,00",890000.0,NULL,3.0,2.0,1.0,venda
https://www.imoveis-sc.com.br/florianopolis/comprar/apartamento/saco-grande-i/apartamento-florianopolis-saco-grande-i-1469068.html,Apartamento no Bairro Saco Grande I em Florianópolis com 1 Dormitórios - 761456,"Florianópolis, Saco Grande I",Florianópolis,Saco Grande I,NULL,"R$ 500.000,00",500000.0,NULL,NULL,NULL,NULL,venda
https://www.imoveis-sc.com.br/florianopolis/comprar/apartamento/abraao/apartamento-florianopolis-abraao-1469064.html,Apartamento no Bairro Abraão em Florianópolis com 2 Dormitórios (1 suíte) - 763400,"Florianópolis, Abraão",Florianópolis,Abraão,NULL,"R$ 719.923,00",719923.0,NULL,2.0,1.0,1.0,venda
https://www.imoveis-sc.com.br/florianopolis/comprar/apartamento/jurere/apartamento-florianopolis-jurere-1469217.html,Apartamento no Bairro Jurerê em Florianópolis com 1 Dormitórios (1 suíte) - FL0070,"Florianópolis, Jurerê",Florianópolis,Jurerê,NULL,"R$ 893.000,00",893000.0,NULL,NULL,1.0,1.0,venda
https://www.imoveis-sc.com.br/palhoca/comprar/casa/praia-de-fora/casa-palhoca-praia-de-fora-1383693.html?isc_source=SD,Casa no Bairro Praia de Fora em Palhoça com 3 Dormitórios (1 suíte) e 137 m² - 184_2-3317011,"Palhoça, Praia de Fora",Palhoça,Praia De Fora,NULL,"R$ 989.990,00",989990.0,137.0,3.0,2.0,1.0,venda
https://www.imoveis-sc.com.br/palhoca/comprar/casa/guarda-do-embau/casa-palhoca-guarda-do-embau-1418658.html,Casa no Bairro Guarda do Embaú em Palhoça com 3 Dormitórios - 708939,"Palhoça, Guarda do Embaú",Palhoça,Guarda Do Embaú,NULL,"R$ 700.000,00",700000.0,NULL,3.0,2.0,NULL,venda
https://www.imoveis-sc.com.br/palhoca/comprar/casa/bela-vista/casa-palhoca-bela-vista-1469818.html,Casa no Bairro Bela Vista em Palhoça com 2 Dormitórios - 764214,"Palhoça, Bela Vista",Palhoça,Bela Vista,NULL,"R$ 395.000,00",395000.0,NULL,2.0,1.0,NULL,venda
https://www.imoveis-sc.com.br/palhoca/comprar/casa/bela-vista/casa-palhoca-bela-vista-1469801.html,Casa no Bairro Bela Vista em Palhoça com 2 Dormitórios - 763937,"Palhoça, Bela Vista",Palhoça,Bela Vista,NULL,"R$ 395.000,00",395000.0,NULL,2.0,1.0,NULL,venda
https://www.imoveis-sc.com.br/palhoca/comprar/apartamento/bela-vista/apartamento-palhoca-bela-vista-1469802.html,Apartamento no Bairro Bela Vista em Palhoça com 2 Dormitórios - 763819,"Palhoça, Bela Vista",Palhoça,Bela Vista,NULL,"R$ 260.000,00",260000.0,NULL,2.0,1.0,NULL,venda
https://www.imoveis-sc.com.br/palhoca/comprar/casa/pedra-branca/casa-palhoca-pedra-branca-1468555.html,Casa no Bairro Pedra Branca em Palhoça com 3 Dormitórios (3 suítes) - 763459,"Palhoça, Pedra Branca",Palhoça,Pedra Branca,NULL,"R$ 1.790.000,00",1790000.0,NULL,3.0,2.0,3.0,venda
https://www.imoveis-sc.com.br/palhoca/comprar/apartamento/barra-do-aririu/apartamento-palhoca-barra-do-aririu-1468554.html,Apartamento no Bairro Barra do Aririú em Palhoça com 2 Dormitórios - 763638,"Palhoça, Barra do Aririú",Palhoça,Barra Do Aririú,NULL,"R$ 225.000,00",225000.0,NULL,2.0,1.0,NULL,venda
https://www.imoveis-sc.com.br/palhoca/comprar/terreno/bela-vista/terreno-palhoca-bela-vista-1470003.html,Terreno no Bairro Bela Vista em Palhoça com 200 m² - 764442,"Palhoça, Bela Vista",Palhoça,Bela Vista,NULL,"R$ 255.000,00",255000.0,NULL,NULL,NULL,NULL,venda
https://www.imoveis-sc.com.br/palhoca/comprar/imovel-rural/guarda-do-cubatao/imovel-rural-palhoca-guarda-do-cubatao-1468090.html,Imóvel Rural no Bairro Guarda do Cubatão em Palhoça com 10000 m² - 762860,"Palhoça, Guarda do Cubatão",Palhoça,Guarda Do Cubatão,NULL,"R$ 970.000,00",970000.0,NULL,NULL,NULL,NULL,venda
https://www.imoveis-sc.com.br/palhoca/comprar/casa/centro/casa-palhoca-centro-1468088.html,Casa no Bairro Centro em Palhoça com 4 Dormitórios (1 suíte) - 763273,"Palhoça, Centro",Palhoça,Centro,NULL,"R$ 2.600.000,00",2600000.0,NULL,4.0,NULL,1.0,venda
https://www.imoveis-sc.com.br/palhoca/comprar/apartamento/bela-vista/apartamento-palhoca-bela-vista-1467975.html,Apartamento no Bairro Bela Vista em Palhoça com 2 Dormitórios - 742777,"Palhoça, Bela Vista",Palhoça,Bela Vista,NULL,"R$ 240.000,00",240000.0,NULL,2.0,1.0,NULL,venda
https://www.imoveis-sc.com.br/palhoca/comprar/apartamento/bela-vista/apartamento-palhoca-bela-vista-1467833.html,Apartamento no Bairro Bela Vista em Palhoça com 2 Dormitórios - 742777,"Palhoça, Bela Vista",Palhoça,Bela Vista,NULL,"R$ 240.000,00",240000.0,NULL,2.0,1.0,NULL,venda
https://www.imoveis-sc.com.br/palhoca/comprar/apartamento/barra-do-aririu/apartamento-palhoca-barra-do-aririu-1468505.html,Apartamento no Bairro Barra do Aririú em Palhoça com 2 Dormitórios - 323_2-3910385,"Palhoça, Barra do Aririú",Palhoça,Barra Do Aririú,NULL,"R$ 310.000,00",310000.0,NULL,2.0,1.0,NULL,venda
https://www.imoveis-sc.com.br/palhoca/comprar/apartamento/pedra-branca/apartamento-palhoca-pedra-branca-1468087.html,Apartamento no Bairro Pedra Branca em Palhoça com 3 Dormitórios (1 suíte) - 725160,"Palhoça, Pedra Branca",Palhoça,Pedra Branca,NULL,"R$ 749.000,00",749000.0,NULL,3.0,3.0,1.0,venda
https://www.imoveis-sc.com.br/palhoca/comprar/apartamento/pedra-branca/apartamento-palhoca-pedra-branca-1467903.html,Apartamento no Bairro Pedra Branca em Palhoça com 3 Dormitórios (1 suíte) - 725160,"Palhoça, Pedra Branca",Palhoça,Pedra Branca,NULL,"R$ 749.000,00",749000.0,NULL,3.0,3.0,1.0,venda
https://www.imoveis-sc.com.br/palhoca/comprar/apartamento/pedra-branca/apartamento-palhoca-pedra-branca-1468086.html,Apartamento no Bairro Pedra Branca em Palhoça com 2 Dormitórios - 763336,"Palhoça, Pedra Branca",Palhoça,Pedra Branca,NULL,"R$ 390.000,00",390000.0,NULL,2.0,NULL,NULL,venda
https://www.imoveis-sc.com.br/palhoca/comprar/apartamento/bela-vista/apartamento-palhoca-bela-vista-1432473.html,Apartamento no Bairro Bela Vista em Palhoça com 2 Dormitórios - 723621,"Palhoça, Bela Vista",Palhoça,Bela Vista,NULL,"R$ 229.000,00",229000.0,NULL,2.0,1.0,NULL,venda
https://www.imoveis-sc.com.br/palhoca/comprar/apartamento/bela-vista/apartamento-palhoca-bela-vista-1416269.html,Apartamento no Bairro Bela Vista em Palhoça com 2 Dormitórios - RMX2434,"Palhoça, Bela Vista",Palhoça,Bela Vista,NULL,"R$ 259.000,00",259000.0,NULL,2.0,1.0,NULL,venda
https://www.imoveis-sc.com.br/palhoca/comprar/apartamento/barra-do-aririu/apartamento-palhoca-barra-do-aririu-1405242.html,Apartamento no Bairro Barra do Aririú em Palhoça com 2 Dormitórios (1 suíte) - 691643,"Palhoça, Barra do Aririú",Palhoça,Barra Do Aririú,NULL,"R$ 276.000,00",276000.0,NULL,2.0,1.0,1.0,venda
https://www.imoveis-sc.com.br/palhoca/comprar/casa/bela-vista/casa-palhoca-bela-vista-1422634.html,Casa no Bairro Bela Vista em Palhoça com 3 Dormitórios - RMX2476,"Palhoça, Bela Vista",Palhoça,Bela Vista,NULL,"R$ 299.000,00",299000.0,NULL,3.0,1.0,NULL,venda
https://www.imoveis-sc.com.br/palhoca/comprar/apartamento/ponte-do-imaruim/apartamento-palhoca-ponte-do-imaruim-1442530.html,Apartamento no Bairro Ponte do Imaruim em Palhoça com 2 Dormitórios - 724132,"Palhoça, Ponte do Imaruim",Palhoça,Ponte Do Imaruim,NULL,"R$ 310.000,00",310000.0,NULL,2.0,1.0,NULL,venda
https://www.imoveis-sc.com.br/palhoca/comprar/apartamento/sao-sebastiao/apartamento-palhoca-sao-sebastiao-1463040.html,Apartamento no Bairro São Sebastião em Palhoça com 2 Dormitórios - 757854,"Palhoça, São Sebastião",Palhoça,São Sebastião,NULL,"R$ 340.000,00",340000.0,NULL,2.0,NULL,NULL,venda
https://www.imoveis-sc.com.br/palhoca/comprar/apartamento/pagani/apartamento-palhoca-pagani-1310662.html,Apartamento no Bairro Pagani em Palhoça com 2 Dormitórios - 444358,"Palhoça, Pagani",Palhoça,Pagani,NULL,"R$ 345.000,00",345000.0,NULL,2.0,1.0,NULL,venda
https://www.imoveis-sc.com.br/palhoca/comprar/apartamento/passa-vinte/apartamento-palhoca-passa-vinte-1389925.html,Apartamento no Bairro Passa Vinte em Palhoça com 2 Dormitórios - 666400,"Palhoça, Passa Vinte",Palhoça,Passa Vinte,NULL,"R$ 346.750,00",346750.0,NULL,2.0,1.0,NULL,venda
https://www.imoveis-sc.com.br/palhoca/comprar/apartamento/nova-palhoca/apartamento-palhoca-nova-palhoca-1448646.html,Apartamento no Bairro Nova Palhoça em Palhoça com 2 Dormitórios - 733612,"Palhoça, Nova Palhoça",Palhoça,Nova Palhoça,NULL,"R$ 349.900,00",349900.0,NULL,2.0,1.0,NULL,venda
https://www.imoveis-sc.com.br/palhoca/comprar/casa/barra-do-aririu/casa-palhoca-barra-do-aririu-1449849.html,Casa no Bairro Barra do Aririú em Palhoça com 2 Dormitórios - 736633,"Palhoça, Barra do Aririú",Palhoça,Barra Do Aririú,NULL,"R$ 350.000,00",350000.0,NULL,2.0,2.0,NULL,venda
https://www.imoveis-sc.com.br/palhoca/comprar/casa/barra-do-aririu/casa-palhoca-barra-do-aririu-1449852.html,Casa no Bairro Barra do Aririú em Palhoça com 2 Dormitórios - 736619,"Palhoça, Barra do Aririú",Palhoça,Barra Do Aririú,NULL,"R$ 350.000,00",350000.0,NULL,2.0,2.0,NULL,venda
https://www.imoveis-sc.com.br/palhoca/comprar/casa/barra-do-aririu/casa-palhoca-barra-do-aririu-1449854.html,Casa no Bairro Barra do Aririú em Palhoça com 2 Dormitórios - 736589,"Palhoça, Barra do Aririú",Palhoça,Barra Do Aririú,NULL,"R$ 350.000,00",350000.0,NULL,2.0,NULL,NULL,venda
https://www.imoveis-sc.com.br/palhoca/comprar/casa/barra-do-aririu/casa-palhoca-barra-do-aririu-1449850.html,Casa no Bairro Barra do Aririú em Palhoça com 2 Dormitórios - 736629,"Palhoça, Barra do Aririú",Palhoça,Barra Do Aririú,NULL,"R$ 350.000,00",350000.0,NULL,2.0,2.0,NULL,venda
https://www.imoveis-sc.com.br/palhoca/comprar/casa/barra-do-aririu/casa-palhoca-barra-do-aririu-1449853.html,Casa no Bairro Barra do Aririú em Palhoça com 2 Dormitórios - 736601,"Palhoça, Barra do Aririú",Palhoça,Barra Do Aririú,NULL,"R$ 350.000,00",350000.0,NULL,2.0,NULL,NULL,venda
https://www.imoveis-sc.com.br/palhoca/comprar/casa/barra-do-aririu/casa-palhoca-barra-do-aririu-1449851.html,Casa no Bairro Barra do Aririú em Palhoça com 2 Dormitórios - 736625,"Palhoça, Barra do Aririú",Palhoça,Barra Do Aririú,NULL,"R$ 350.000,00",350000.0,NULL,2.0,2.0,NULL,venda
https://www.imoveis-sc.com.br/palhoca/comprar/apartamento/bela-vista/apartamento-palhoca-bela-vista-1466475.html,Apartamento no Bairro Bela Vista em Palhoça com 2 Dormitórios - 761518,"Palhoça, Bela Vista",Palhoça,Bela Vista,NULL,"R$ 350.000,00",350000.0,NULL,2.0,1.0,NULL,venda
https://www.imoveis-sc.com.br/palhoca/comprar/apartamento/nova-palhoca/apartamento-palhoca-nova-palhoca-1448645.html,Apartamento no Bairro Nova Palhoça em Palhoça com 2 Dormitórios - 733613,"Palhoça, Nova Palhoça",Palhoça,Nova Palhoça,NULL,"R$ 355.900,00",355900.0,NULL,2.0,1.0,NULL,venda
https://www.imoveis-sc.com.br/palhoca/comprar/apartamento/nova-palhoca/apartamento-palhoca-nova-palhoca-1448644.html,Apartamento no Bairro Nova Palhoça em Palhoça com 2 Dormitórios - 733616,"Palhoça, Nova Palhoça",Palhoça,Nova Palhoça,NULL,"R$ 355.900,00",355900.0,NULL,2.0,1.0,NULL,venda
https://www.imoveis-sc.com.br/palhoca/comprar/apartamento/nova-palhoca/apartamento-palhoca-nova-palhoca-1448643.html,Apartamento no Bairro Nova Palhoça em Palhoça com 2 Dormitórios - 733618,"Palhoça, Nova Palhoça",Palhoça,Nova Palhoça,NULL,"R$ 359.900,00",359900.0,NULL,2.0,1.0,NULL,venda
https://www.imoveis-sc.com.br/palhoca/comprar/apartamento/nova-palhoca/apartamento-palhoca-nova-palhoca-1448642.html,Apartamento no Bairro Nova Palhoça em Palhoça com 2 Dormitórios - 733620,"Palhoça, Nova Palhoça",Palhoça,Nova Palhoça,NULL,"R$ 359.900,00",359900.0,NULL,2.0,1.0,NULL,venda
https://www.imoveis-sc.com.br/palhoca/comprar/apartamento/nova-palhoca/apartamento-palhoca-nova-palhoca-1448647.html,Apartamento no Bairro Nova Palhoça em Palhoça com 2 Dormitórios - 733608,"Palhoça, Nova Palhoça",Palhoça,Nova Palhoça,NULL,"R$ 359.900,00",359900.0,NULL,2.0,1.0,NULL,venda
https://www.imoveis-sc.com.br/palhoca/comprar/apartamento/nova-palhoca/apartamento-palhoca-nova-palhoca-1448654.html,Apartamento no Bairro Nova Palhoça em Palhoça com 2 Dormitórios - 733017,"Palhoça, Nova Palhoça",Palhoça,Nova Palhoça,NULL,"R$ 359.900,00",359900.0,NULL,2.0,1.0,NULL,venda
https://www.imoveis-sc.com.br/palhoca/comprar/apartamento/nova-palhoca/apartamento-palhoca-nova-palhoca-1448653.html,Apartamento no Bairro Nova Palhoça em Palhoça com 2 Dormitórios - 733019,"Palhoça, Nova Palhoça",Palhoça,Nova Palhoça,NULL,"R$ 365.900,00",365900.0,NULL,2.0,1.0,NULL,venda
https://www.imoveis-sc.com.br/palhoca/comprar/apartamento/pedra-branca/apartamento-palhoca-pedra-branca-1342432.html,Apartamento no Bairro Pedra Branca em Palhoça com 2 Dormitórios (1 suíte) - 479885,"Palhoça, Pedra Branca",Palhoça,Pedra Branca,NULL,"R$ 366.000,00",366000.0,NULL,2.0,1.0,1.0,venda
https://www.imoveis-sc.com.br/palhoca/comprar/apartamento/pedra-branca/apartamento-palhoca-pedra-branca-1419448.html,Apartamento no Bairro Pedra Branca em Palhoça com 1 Dormitórios - 710177,"Palhoça, Pedra Branca",Palhoça,Pedra Branca,NULL,"R$ 370.000,00",370000.0,NULL,NULL,1.0,NULL,venda
https://www.imoveis-sc.com.br/palhoca/comprar/apartamento/pagani/apartamento-palhoca-pagani-1461344.html,Apartamento no Bairro Pagani em Palhoça com 2 Dormitórios - 749679,"Palhoça, Pagani",Palhoça,Pagani,NULL,"R$ 370.000,00",370000.0,NULL,2.0,1.0,NULL,venda
https://www.imoveis-sc.com.br/palhoca/comprar/casa/pinheira/casa-palhoca-pinheira-1426512.html,Casa no Bairro Pinheira em Palhoça com 4 Dormitórios (1 suíte) - 718318,"Palhoça, Pinheira",Palhoça,Pinheira,NULL,"R$ 370.000,00",370000.0,NULL,4.0,2.0,1.0,venda
https://www.imoveis-sc.com.br/palhoca/comprar/apartamento/nova-palhoca/apartamento-palhoca-nova-palhoca-1448652.html,Apartamento no Bairro Nova Palhoça em Palhoça com 2 Dormitórios - 733020,"Palhoça, Nova Palhoça",Palhoça,Nova Palhoça,NULL,"R$ 370.900,00",370900.0,NULL,2.0,1.0,NULL,venda
https://www.imoveis-sc.com.br/palhoca/comprar/apartamento/nova-palhoca/apartamento-palhoca-nova-palhoca-1391564.html,Apartamento no Bairro Nova Palhoça em Palhoça com 2 Dormitórios (1 suíte) - 670702,"Palhoça, Nova Palhoça",Palhoça,Nova Palhoça,NULL,"R$ 380.000,00",380000.0,NULL,2.0,1.0,1.0,venda
https://www.imoveis-sc.com.br/palhoca/comprar/casa/nova-palhoca/casa-palhoca-nova-palhoca-1426708.html,Casa no Bairro Nova Palhoça em Palhoça com 2 Dormitórios (2 suítes) - 718602,"Palhoça, Nova Palhoça",Palhoça,Nova Palhoça,NULL,"R$ 392.976,00",392976.0,NULL,2.0,1.0,2.0,venda
https://www.imoveis-sc.com.br/palhoca/comprar/apartamento/praia-de-fora/apartamento-palhoca-praia-de-fora-1464648.html,Apartamento no Bairro Praia de Fora em Palhoça com 2 Dormitórios - 759179,"Palhoça, Praia de Fora",Palhoça,Praia De Fora,NULL,"R$ 399.000,00",399000.0,NULL,2.0,1.0,NULL,venda
https://www.imoveis-sc.com.br/palhoca/comprar/apartamento/caminho-novo/apartamento-palhoca-caminho-novo-1466689.html,Apartamento no Bairro Caminho Novo em Palhoça com 2 Dormitórios - 762006,"Palhoça, Caminho Novo",Palhoça,Caminho Novo,NULL,"R$ 399.000,00",399000.0,NULL,2.0,1.0,NULL,venda
https://www.imoveis-sc.com.br/palhoca/comprar/apartamento/pagani/apartamento-palhoca-pagani-1344927.html,Apartamento no Bairro Pagani em Palhoça com 2 Dormitórios - 481411,"Palhoça, Pagani",Palhoça,Pagani,NULL,"R$ 399.000,00",399000.0,NULL,2.0,1.0,NULL,venda
https://www.imoveis-sc.com.br/palhoca/comprar/apartamento/nova-palhoca/apartamento-palhoca-nova-palhoca-1387075.html,Apartamento no Bairro Nova Palhoça em Palhoça com 3 Dormitórios (1 suíte) - 441283,"Palhoça, Nova Palhoça",Palhoça,Nova Palhoça,NULL,"R$ 399.822,00",399822.0,NULL,3.0,1.0,1.0,venda
https://www.imoveis-sc.com.br/palhoca/comprar/casa/nova-palhoca/casa-palhoca-nova-palhoca-1426507.html,Casa no Bairro Nova Palhoça em Palhoça com 2 Dormitórios (2 suítes) - 718310,"Palhoça, Nova Palhoça",Palhoça,Nova Palhoça,NULL,"R$ 401.250,00",401250.0,NULL,2.0,1.0,2.0,venda
https://www.imoveis-sc.com.br/palhoca/comprar/casa/bela-vista/casa-palhoca-bela-vista-1309273.html,Casa no Bairro Bela Vista em Palhoça com 2 Dormitórios (2 suítes) - 374280,"Palhoça, Bela Vista",Palhoça,Bela Vista,NULL,"R$ 403.257,00",403257.0,NULL,2.0,1.0,2.0,venda
https://www.imoveis-sc.com.br/palhoca/comprar/apartamento/pedra-branca/apartamento-palhoca-pedra-branca-1422241.html,Apartamento no Bairro Pedra Branca em Palhoça com 2 Dormitórios (1 suíte) - 712524,"Palhoça, Pedra Branca",Palhoça,Pedra Branca,NULL,"R$ 405.000,00",405000.0,NULL,2.0,1.0,1.0,venda
https://www.imoveis-sc.com.br/palhoca/comprar/casa/bela-vista/casa-palhoca-bela-vista-1334806.html,Casa no Bairro Bela Vista em Palhoça com 2 Dormitórios - 475269,"Palhoça, Bela Vista",Palhoça,Bela Vista,NULL,"R$ 410.000,00",410000.0,NULL,2.0,1.0,NULL,venda
https://www.imoveis-sc.com.br/sao-jose/comprar/apartamento/barreiros/apartamento-sao-jose-barreiros-1470006.html,Apartamento no Bairro Barreiros em São José com 3 Dormitórios (1 suíte) - 763932,"São José, Barreiros",São José,Barreiros,NULL,"R$ 790.000,00",790000.0,NULL,3.0,1.0,1.0,venda
https://www.imoveis-sc.com.br/sao-jose/comprar/apartamento/campinas/apartamento-sao-jose-campinas-1469800.html,Apartamento no Bairro Campinas em São José com 3 Dormitórios (1 suíte) - 764097,"São José, Campinas",São José,Campinas,NULL,"R$ 996.000,00",996000.0,NULL,3.0,1.0,1.0,venda
https://www.imoveis-sc.com.br/sao-jose/comprar/casa/real-park/casa-sao-jose-real-park-1469808.html,Casa no Bairro Real Park em São José com 2 Dormitórios - 764106,"São José, Real Park",São José,Real Park,NULL,"R$ 340.000,00",340000.0,NULL,2.0,1.0,NULL,venda
https://www.imoveis-sc.com.br/sao-jose/comprar/apartamento/areias/apartamento-sao-jose-areias-1469965.html,Apartamento no Bairro Areias em São José com 1 Dormitórios e 41 m² - 325_2-3913243,"São José, Areias",São José,Areias,NULL,"R$ 275.000,00",275000.0,41.0,NULL,1.0,NULL,venda
https://www.imoveis-sc.com.br/sao-jose/comprar/apartamento/potecas/apartamento-sao-jose-potecas-1469083.html,Apartamento no Bairro Potecas em São José com 2 Dormitórios - 763349,"São José, Potecas",São José,Potecas,NULL,"R$ 355.000,00",355000.0,NULL,2.0,NULL,NULL,venda
https://www.imoveis-sc.com.br/sao-jose/comprar/casa/ponta-de-baixo/casa-sao-jose-ponta-de-baixo-1468538.html,Casa no Bairro Ponta de Baixo em São José com 4 Dormitórios (4 suítes) - 762161,"São José, Ponta de Baixo",São José,Ponta De Baixo,NULL,"R$ 4.500.000,00",4500000.0,NULL,4.0,3.0,4.0,venda
https://www.imoveis-sc.com.br/sao-jose/comprar/casa/bosque-das-mansoes/casa-sao-jose-bosque-das-mansoes-1469071.html,Casa no Bairro Bosque das Mansões em São José com 4 Dormitórios (4 suítes) - 750082,"São José, Bosque das Mansões",São José,Bosque Das Mansões,NULL,"R$ 4.200.000,00",4200000.0,NULL,4.0,NULL,4.0,venda
https://www.imoveis-sc.com.br/sao-jose/comprar/casa/sertao-do-maruim/casa-sao-jose-sertao-do-maruim-1469807.html,Casa no Bairro Sertão do Maruim em São José com 2 Dormitórios - 764282,"São José, Sertão do Maruim",São José,Sertão Do Maruim,NULL,"R$ 470.000,00",470000.0,NULL,2.0,NULL,NULL,venda
https://www.imoveis-sc.com.br/sao-jose/comprar/apartamento/ipiranga/apartamento-sao-jose-ipiranga-1468544.html,Apartamento no Bairro Ipiranga em São José com 2 Dormitórios - 763080,"São José, Ipiranga",São José,Ipiranga,NULL,"R$ 390.000,00",390000.0,NULL,2.0,NULL,NULL,venda
https://www.imoveis-sc.com.br/sao-jose/comprar/apartamento/serraria/apartamento-sao-jose-serraria-1467953.html,Apartamento no Bairro Serraria em São José com 2 Dormitórios - 745990,"São José, Serraria",São José,Serraria,NULL,"R$ 360.000,00",360000.0,NULL,2.0,1.0,NULL,venda
https://www.imoveis-sc.com.br/sao-jose/comprar/apartamento/serraria/apartamento-sao-jose-serraria-1467811.html,Apartamento no Bairro Serraria em São José com 2 Dormitórios - 745990,"São José, Serraria",São José,Serraria,NULL,"R$ 360.000,00",360000.0,NULL,2.0,1.0,NULL,venda
https://www.imoveis-sc.com.br/sao-jose/comprar/apartamento/barreiros/apartamento-sao-jose-barreiros-1467908.html,Apartamento no Bairro Barreiros em São José com 2 Dormitórios (1 suíte) - 723634,"São José, Barreiros",São José,Barreiros,NULL,"R$ 749.000,00",749000.0,NULL,2.0,1.0,1.0,venda
https://www.imoveis-sc.com.br/sao-jose/comprar/apartamento/barreiros/apartamento-sao-jose-barreiros-1468100.html,Apartamento no Bairro Barreiros em São José com 2 Dormitórios (1 suíte) - 723634,"São José, Barreiros",São José,Barreiros,NULL,"R$ 749.000,00",749000.0,NULL,2.0,1.0,1.0,venda
https://www.imoveis-sc.com.br/sao-jose/comprar/casa/serraria/casa-sao-jose-serraria-1467919.html,Casa no Bairro Serraria em São José com 3 Dormitórios (2 suítes) - 757603,"São José, Serraria",São José,Serraria,NULL,"R$ 899.000,00",899000.0,NULL,3.0,6.0,2.0,venda
https://www.imoveis-sc.com.br/sao-jose/comprar/casa/serraria/casa-sao-jose-serraria-1467788.html,Casa no Bairro Serraria em São José com 3 Dormitórios (2 suítes) - 757603,"São José, Serraria",São José,Serraria,NULL,"R$ 899.000,00",899000.0,NULL,3.0,6.0,2.0,venda
https://www.imoveis-sc.com.br/sao-jose/comprar/casa/barreiros/casa-sao-jose-barreiros-1468156.html,Casa no Bairro Barreiros em São José com 5 Dormitórios (2 suítes) - 762538,"São José, Barreiros",São José,Barreiros,NULL,"R$ 1.750.000,00",1750000.0,NULL,5.0,10.0,2.0,venda
https://www.imoveis-sc.com.br/sao-jose/comprar/apartamento/serraria/apartamento-sao-jose-serraria-1467879.html,Apartamento no Bairro Serraria em São José com 3 Dormitórios (1 suíte) - 732348,"São José, Serraria",São José,Serraria,NULL,"R$ 1.199.000,00",1199000.0,NULL,3.0,2.0,1.0,venda
https://www.imoveis-sc.com.br/sao-jose/comprar/apartamento/serraria/apartamento-sao-jose-serraria-1468039.html,Apartamento no Bairro Serraria em São José com 3 Dormitórios (1 suíte) - 732348,"São José, Serraria",São José,Serraria,NULL,"R$ 1.199.000,00",1199000.0,NULL,3.0,2.0,1.0,venda
https://www.imoveis-sc.com.br/sao-jose/comprar/apartamento/ipiranga/apartamento-sao-jose-ipiranga-1468153.html,Apartamento no Bairro Ipiranga em São José com 2 Dormitórios - 763075,"São José, Ipiranga",São José,Ipiranga,NULL,"R$ 580.275,00",580275.0,NULL,2.0,NULL,NULL,venda
https://www.imoveis-sc.com.br/sao-jose/comprar/apartamento/kobrasol-i/apartamento-sao-jose-kobrasol-i-1468023.html,Apartamento no Bairro Kobrasol I em São José com 3 Dormitórios - 733119,"São José, Kobrasol I",São José,Kobrasol I,NULL,"R$ 435.000,00",435000.0,NULL,3.0,1.0,NULL,venda
https://www.imoveis-sc.com.br/sao-jose/comprar/apartamento/kobrasol-i/apartamento-sao-jose-kobrasol-i-1467874.html,Apartamento no Bairro Kobrasol I em São José com 3 Dormitórios - 733119,"São José, Kobrasol I",São José,Kobrasol I,NULL,"R$ 435.000,00",435000.0,NULL,3.0,1.0,NULL,venda
https://www.imoveis-sc.com.br/sao-jose/comprar/apartamento/barreiros/apartamento-sao-jose-barreiros-1468154.html,Apartamento no Bairro Barreiros em São José com 2 Dormitórios (1 suíte) - 763064,"São José, Barreiros",São José,Barreiros,NULL,"R$ 620.000,00",620000.0,NULL,2.0,1.0,1.0,venda
https://www.imoveis-sc.com.br/sao-jose/comprar/apartamento/campinas/apartamento-sao-jose-campinas-1467876.html,Apartamento no Bairro Campinas em São José com 3 Dormitórios (1 suíte) - 733040,"São José, Campinas",São José,Campinas,NULL,"R$ 810.100,00",810100.0,NULL,3.0,1.0,1.0,venda
https://www.imoveis-sc.com.br/sao-jose/comprar/apartamento/campinas/apartamento-sao-jose-campinas-1468034.html,Apartamento no Bairro Campinas em São José com 3 Dormitórios (1 suíte) - 733040,"São José, Campinas",São José,Campinas,NULL,"R$ 810.100,00",810100.0,NULL,3.0,1.0,1.0,venda
https://www.imoveis-sc.com.br/sao-jose/comprar/casa/serraria/casa-sao-jose-serraria-1468168.html,Casa no Bairro Serraria em São José com 3 Dormitórios (1 suíte) - 763027,"São José, Serraria",São José,Serraria,NULL,"R$ 550.000,00",550000.0,NULL,3.0,3.0,1.0,venda
https://www.imoveis-sc.com.br/sao-jose/comprar/casa/bosque-das-mansoes/casa-sao-jose-bosque-das-mansoes-1468167.html,Casa no Bairro Bosque das Mansões em São José com 4 Dormitórios (4 suítes) - 763320,"São José, Bosque das Mansões",São José,Bosque Das Mansões,NULL,"R$ 12.000.000,00",12000000.0,NULL,4.0,4.0,4.0,venda
https://www.imoveis-sc.com.br/sao-jose/comprar/apartamento/forquilhas/apartamento-sao-jose-forquilhas-1464046.html,Apartamento no Bairro Forquilhas em São José com 2 Dormitórios - 758332,"São José, Forquilhas",São José,Forquilhas,NULL,"R$ 245.000,00",245000.0,NULL,2.0,1.0,NULL,venda
https://www.imoveis-sc.com.br/sao-jose/comprar/apartamento/areias/apartamento-sao-jose-areias-1425487.html,Apartamento no Bairro Areias em São José com 2 Dormitórios - RMX2505,"São José, Areias",São José,Areias,NULL,"R$ 255.000,00",255000.0,NULL,2.0,1.0,NULL,venda
https://www.imoveis-sc.com.br/sao-jose/comprar/apartamento/serraria/apartamento-sao-jose-serraria-1463030.html,Apartamento no Bairro Serraria em São José com 2 Dormitórios - 757822,"São José, Serraria",São José,Serraria,NULL,"R$ 279.000,00",279000.0,NULL,2.0,1.0,NULL,venda
https://www.imoveis-sc.com.br/sao-jose/comprar/apartamento/real-park/apartamento-sao-jose-real-park-1452726.html,Apartamento no Bairro Real Park em São José com 2 Dormitórios - 740990,"São José, Real Park",São José,Real Park,NULL,"R$ 296.000,00",296000.0,NULL,2.0,1.0,NULL,venda
https://www.imoveis-sc.com.br/sao-jose/comprar/apartamento/nossa-senhora-do-rosario/apartamento-sao-jose-nossa-senhora-do-rosario-1452729.html,Apartamento no Bairro Nossa Senhora do Rosário em São José com 2 Dormitórios - 740830,"São José, Nossa Senhora do Rosário",São José,Nossa Senhora Do Rosário,NULL,"R$ 300.000,00",300000.0,NULL,2.0,NULL,NULL,venda
https://www.imoveis-sc.com.br/sao-jose/comprar/apartamento/serraria/apartamento-sao-jose-serraria-1452000.html,Apartamento no Bairro Serraria em São José com 2 Dormitórios - 739682,"São José, Serraria",São José,Serraria,NULL,"R$ 310.000,00",310000.0,NULL,2.0,1.0,NULL,venda
https://www.imoveis-sc.com.br/sao-jose/comprar/apartamento/barreiros/apartamento-sao-jose-barreiros-1389678.html,Apartamento no Bairro Barreiros em São José com 1 Dormitórios - RMX1860,"São José, Barreiros",São José,Barreiros,NULL,"R$ 357.000,00",357000.0,NULL,NULL,1.0,NULL,venda
https://www.imoveis-sc.com.br/sao-jose/comprar/apartamento/areias/apartamento-sao-jose-areias-1462799.html,Apartamento no Bairro Areias em São José com 2 Dormitórios - 757279,"São José, Areias",São José,Areias,NULL,"R$ 359.900,00",359900.0,NULL,2.0,1.0,NULL,venda
https://www.imoveis-sc.com.br/sao-jose/comprar/apartamento/areias/apartamento-sao-jose-areias-1386464.html,Apartamento no Bairro Areias em São José com 2 Dormitórios (1 suíte) e 62 m² - 191_2-3337482,"São José, Areias",São José,Areias,NULL,"R$ 384.552,00",384552.0,62.0,2.0,1.0,1.0,venda
https://www.imoveis-sc.com.br/sao-jose/comprar/apartamento/serraria/apartamento-sao-jose-serraria-1463998.html,Apartamento no Bairro Serraria em São José com 2 Dormitórios - 758482,"São José, Serraria",São José,Serraria,NULL,"R$ 385.000,00",385000.0,NULL,2.0,1.0,NULL,venda
https://www.imoveis-sc.com.br/sao-jose/comprar/apartamento/nossa-senhora-do-rosario/apartamento-sao-jose-nossa-senhora-do-rosario-1381394.html,Apartamento no Bairro Nossa Senhora do Rosário em São José com 2 Dormitórios - 646167,"São José, Nossa Senhora do Rosário",São José,Nossa Senhora Do Rosário,NULL,"R$ 394.000,00",394000.0,NULL,2.0,1.0,NULL,venda
https://www.imoveis-sc.com.br/sao-jose/comprar/apartamento/serraria/apartamento-sao-jose-serraria-1464003.html,Apartamento no Bairro Serraria em São José com 2 Dormitórios - 757379,"São José, Serraria",São José,Serraria,NULL,"R$ 425.000,00",425000.0,NULL,2.0,1.0,NULL,venda
https://www.imoveis-sc.com.br/sao-jose/comprar/apartamento/areias/apartamento-sao-jose-areias-1451769.html,Apartamento no Bairro Areias em São José com 3 Dormitórios - 739549,"São José, Areias",São José,Areias,NULL,"R$ 430.000,00",430000.0,NULL,3.0,1.0,NULL,venda
https://www.imoveis-sc.com.br/sao-jose/comprar/apartamento/barreiros/apartamento-sao-jose-barreiros-1386211.html,Apartamento no Bairro Barreiros em São José com 2 Dormitórios - 657924,"São José, Barreiros",São José,Barreiros,NULL,"R$ 439.000,00",439000.0,NULL,2.0,1.0,NULL,venda
https://www.imoveis-sc.com.br/sao-jose/comprar/apartamento/jardim-cidade-de-florianopolis/apartamento-sao-jose-jardim-cidade-de-florianopolis-1421299.html,Apartamento no Bairro Jardim Cidade de Florianópolis em São José com 2 Dormitórios (1 suíte) - RMX2461,"São José, Jardim Cidade de Florianópolis",São José,Jardim Cidade De Florianópolis,NULL,"R$ 450.000,00",450000.0,NULL,2.0,1.0,1.0,venda
https://www.imoveis-sc.com.br/sao-jose/comprar/apartamento/serraria/apartamento-sao-jose-serraria-1448667.html,Apartamento no Bairro Serraria em São José com 2 Dormitórios - 727802,"São José, Serraria",São José,Serraria,NULL,"R$ 450.000,00",450000.0,NULL,2.0,1.0,NULL,venda
https://www.imoveis-sc.com.br/sao-jose/comprar/apartamento/bela-vista-i/apartamento-sao-jose-bela-vista-i-1429720.html,Apartamento no Bairro Bela Vista I em São José com 1 Dormitórios - 722424,"São José, Bela Vista I",São José,Bela Vista I,NULL,"R$ 451.000,00",451000.0,NULL,NULL,1.0,NULL,venda
https://www.imoveis-sc.com.br/sao-jose/comprar/apartamento/flor-di-napolis/apartamento-sao-jose-flor-di-napolis-1391158.html,Apartamento no Bairro Flor di Nápolis em São José com 2 Dormitórios (1 suíte) - RMX2164,"São José, Flor di Nápolis",São José,Flor Di Nápolis,NULL,"R$ 475.000,00",475000.0,NULL,2.0,1.0,1.0,venda
https://www.imoveis-sc.com.br/sao-jose/comprar/apartamento/flor-di-napolis/apartamento-sao-jose-flor-di-napolis-1378687.html,Apartamento no Bairro Flor di Nápolis em São José com 2 Dormitórios (1 suíte) - 638552,"São José, Flor di Nápolis",São José,Flor Di Nápolis,NULL,"R$ 475.000,00",475000.0,NULL,2.0,1.0,1.0,venda
https://www.imoveis-sc.com.br/sao-jose/comprar/apartamento/kobrasol-i/apartamento-sao-jose-kobrasol-i-1425271.html,Apartamento no Bairro Kobrasol I em São José com 3 Dormitórios (1 suíte) - 716674,"São José, Kobrasol I",São José,Kobrasol I,NULL,"R$ 490.000,00",490000.0,NULL,3.0,1.0,1.0,venda
https://www.imoveis-sc.com.br/sao-jose/comprar/apartamento/jardim-cidade-de-florianopolis/apartamento-sao-jose-jardim-cidade-de-florianopolis-1464216.html,Apartamento no Bairro Jardim Cidade de Florianópolis em São José com 2 Dormitórios - 758849,"São José, Jardim Cidade de Florianópolis",São José,Jardim Cidade De Florianópolis,NULL,"R$ 495.000,00",495000.0,NULL,2.0,1.0,NULL,venda
https://www.imoveis-sc.com.br/sao-jose/comprar/apartamento/flor-di-napolis/apartamento-sao-jose-flor-di-napolis-1378685.html,Apartamento no Bairro Flor di Nápolis em São José com 2 Dormitórios (1 suíte) - 638625,"São José, Flor di Nápolis",São José,Flor Di Nápolis,NULL,"R$ 495.000,00",495000.0,NULL,2.0,1.0,1.0,venda
https://www.imoveis-sc.com.br/sao-jose/comprar/terreno/barreiros/terreno-sao-jose-barreiros-1452416.html,Terreno no Bairro Barreiros em São José com 300 m² - 740240,"São José, Barreiros",São José,Barreiros,NULL,"R$ 495.000,00",495000.0,NULL,NULL,NULL,NULL,venda
https://www.imoveis-sc.com.br/sao-jose/comprar/casa/forquilhas/casa-sao-jose-forquilhas-1458507.html,Casa no Bairro Forquilhas em São José com 2 Dormitórios (2 suítes) - 745475,"São José, Forquilhas",São José,Forquilhas,NULL,"R$ 500.000,00",500000.0,NULL,2.0,NULL,2.0,venda
https://www.imoveis-sc.com.br/sao-jose/comprar/apartamento/flor-di-napolis/apartamento-sao-jose-flor-di-napolis-1387038.html,Apartamento no Bairro Flor di Nápolis em São José com 2 Dormitórios (1 suíte) - 638569,"São José, Flor di Nápolis",São José,Flor Di Nápolis,NULL,"R$ 505.000,00",505000.0,NULL,2.0,1.0,1.0,venda
https://www.imoveis-sc.com.br/sao-jose/comprar/apartamento/serraria/apartamento-sao-jose-serraria-1460306.html,Apartamento no Bairro Serraria em São José com 2 Dormitórios - 745590,"São José, Serraria",São José,Serraria,NULL,"R$ 510.000,01",510000.01,NULL,2.0,1.0,NULL,venda
https://www.imoveis-sc.com.br/sao-jose/comprar/apartamento/flor-di-napolis/apartamento-sao-jose-flor-di-napolis-1378684.html,Apartamento no Bairro Flor di Nápolis em São José com 2 Dormitórios (1 suíte) - 638644,"São José, Flor di Nápolis",São José,Flor Di Nápolis,NULL,"R$ 515.000,00",515000.0,NULL,2.0,1.0,1.0,venda
https://www.imoveis-sc.com.br/sao-jose/comprar/apartamento/flor-di-napolis/apartamento-sao-jose-flor-di-napolis-1391157.html,Apartamento no Bairro Flor di Nápolis em São José com 2 Dormitórios (1 suíte) - RMX2165,"São José, Flor di Nápolis",São José,Flor Di Nápolis,NULL,"R$ 515.000,00",515000.0,NULL,2.0,1.0,1.0,venda
https://www.imoveis-sc.com.br/sao-jose/comprar/casa/forquilhas/casa-sao-jose-forquilhas-1345260.html,Casa no Bairro Forquilhas em São José com 2 Dormitórios (2 suítes) - 480805,"São José, Forquilhas",São José,Forquilhas,NULL,"R$ 520.000,00",520000.0,NULL,2.0,1.0,2.0,venda
https://www.imoveis-sc.com.br/sao-jose/comprar/casa/forquilhas/casa-sao-jose-forquilhas-1421877.html,Casa no Bairro Forquilhas em São José com 3 Dormitórios - 712577,"São José, Forquilhas",São José,Forquilhas,NULL,"R$ 522.000,00",522000.0,NULL,3.0,1.0,NULL,venda
https://www.imoveis-sc.com.br/sao-jose/comprar/apartamento/fazenda-santo-antonio/apartamento-sao-jose-fazenda-santo-antonio-1418020.html,Apartamento no Bairro Fazenda Santo Antônio em São José com 2 Dormitórios (2 suítes) - 680792,"São José, Fazenda Santo Antônio",São José,Fazenda Santo Antônio,NULL,"R$ 550.000,00",550000.0,NULL,2.0,1.0,2.0,venda
https://www.imoveis-sc.com.br/sao-jose/comprar/casa/forquilhas/casa-sao-jose-forquilhas-1448640.html,Casa no Bairro Forquilhas em São José com 3 Dormitórios (1 suíte) - 733884,"São José, Forquilhas",São José,Forquilhas,NULL,"R$ 559.000,00",559000.0,NULL,3.0,NULL,1.0,venda
https://www.imoveis-sc.com.br/sao-jose/comprar/apartamento/barreiros/apartamento-sao-jose-barreiros-1389677.html,Apartamento no Bairro Barreiros em São José com 2 Dormitórios (1 suíte) - RMX1862,"São José, Barreiros",São José,Barreiros,NULL,"R$ 562.000,00",562000.0,NULL,2.0,1.0,1.0,venda
https://www.imoveis-sc.com.br/sao-jose/comprar/apartamento/barreiros/apartamento-sao-jose-barreiros-1389676.html,Apartamento no Bairro Barreiros em São José com 2 Dormitórios - RMX1863,"São José, Barreiros",São José,Barreiros,NULL,"R$ 564.000,00",564000.0,NULL,2.0,1.0,NULL,venda
https://www.imoveis-sc.com.br/sao-jose/comprar/casa/forquilhas/casa-sao-jose-forquilhas-1458506.html,Casa no Bairro Forquilhas em São José com 2 Dormitórios (2 suítes) - 746301,"São José, Forquilhas",São José,Forquilhas,NULL,"R$ 567.000,00",567000.0,NULL,2.0,NULL,2.0,venda
https://www.imoveis-sc.com.br/sao-jose/comprar/apartamento/areias/apartamento-sao-jose-areias-1372028.html,Apartamento no Bairro Areias em São José com 3 Dormitórios (1 suíte) - RMX1895,"São José, Areias",São José,Areias,NULL,"R$ 570.000,00",570000.0,NULL,3.0,1.0,1.0,venda
https://www.imoveis-sc.com.br/sao-jose/comprar/apartamento/campinas/apartamento-sao-jose-campinas-1458509.html,Apartamento no Bairro Campinas em São José com 3 Dormitórios - 740859,"São José, Campinas",São José,Campinas,NULL,"R$ 579.000,00",579000.0,NULL,3.0,1.0,NULL,venda
https://www.imoveis-sc.com.br/sao-jose/comprar/apartamento/barreiros/apartamento-sao-jose-barreiros-1310653.html,Apartamento no Bairro Barreiros em São José com 2 Dormitórios (1 suíte) - 446943,"São José, Barreiros",São José,Barreiros,NULL,"R$ 583.840,00",583840.0,NULL,2.0,1.0,1.0,venda
https://www.imoveis-sc.com.br/sao-jose/comprar/apartamento/praia-comprida/apartamento-sao-jose-praia-comprida-1460925.html,Apartamento no Bairro Praia Comprida em São José com 3 Dormitórios (1 suíte) - 749209,"São José, Praia Comprida",São José,Praia Comprida,NULL,"R$ 585.000,00",585000.0,NULL,3.0,1.0,1.0,venda
https://www.imoveis-sc.com.br/sao-jose/comprar/apartamento/barreiros/apartamento-sao-jose-barreiros-1418003.html,Apartamento no Bairro Barreiros em São José com 3 Dormitórios (1 suíte) - 695628,"São José, Barreiros",São José,Barreiros,NULL,"R$ 620.000,00",620000.0,NULL,3.0,NULL,1.0,venda
https://www.imoveis-sc.com.br/sao-jose/comprar/apartamento/barreiros/apartamento-sao-jose-barreiros-1343375.html,Apartamento no Bairro Barreiros em São José com 2 Dormitórios (1 suíte) e 73.37 m² - AP02878V,"São José, Barreiros",São José,Barreiros,NULL,"R$ 630.000,00",630000.0,73.4,2.0,1.0,1.0,venda
https://www.imoveis-sc.com.br/sao-jose/comprar/apartamento/campinas/apartamento-sao-jose-campinas-1447607.html,Apartamento no Bairro Campinas em São José com 2 Dormitórios (1 suíte) - 732512,"São José, Campinas",São José,Campinas,NULL,"R$ 650.000,00",650000.0,NULL,2.0,1.0,1.0,venda
https://www.imoveis-sc.com.br/sao-jose/comprar/apartamento/campinas/apartamento-sao-jose-campinas-1373565.html,Apartamento no Bairro Campinas em São José com 2 Dormitórios (1 suíte) - RMX1946,"São José, Campinas",São José,Campinas,NULL,"R$ 650.000,00",650000.0,NULL,2.0,1.0,1.0,venda
https://www.imoveis-sc.com.br/sao-jose/comprar/casa/forquilhas/casa-sao-jose-forquilhas-1404306.html,Casa no Bairro Forquilhas em São José com 3 Dormitórios (1 suíte) - 691694,"São José, Forquilhas",São José,Forquilhas,NULL,"R$ 650.000,00",650000.0,NULL,3.0,2.0,1.0,venda
https://www.imoveis-sc.com.br/sao-jose/comprar/apartamento/barreiros/apartamento-sao-jose-barreiros-1429208.html,Apartamento no Bairro Barreiros em São José com 3 Dormitórios (1 suíte) - 721257,"São José, Barreiros",São José,Barreiros,NULL,"R$ 668.325,00",668325.0,NULL,3.0,1.0,1.0,venda
https://www.imoveis-sc.com.br/sao-jose/comprar/apartamento/kobrasol-i/apartamento-sao-jose-kobrasol-i-1383819.html,Apartamento no Bairro Kobrasol I em São José com 2 Dormitórios (1 suíte) - 652411,"São José, Kobrasol I",São José,Kobrasol I,NULL,"R$ 679.000,00",679000.0,NULL,2.0,1.0,1.0,venda
https://www.imoveis-sc.com.br/sao-jose/comprar/casa/forquilhas/casa-sao-jose-forquilhas-1402146.html,Casa no Bairro Forquilhas em São José com 2 Dormitórios - 359750,"São José, Forquilhas",São José,Forquilhas,NULL,"R$ 680.500,00",680500.0,NULL,2.0,4.0,NULL,venda
https://www.imoveis-sc.com.br/sao-jose/comprar/casa/forquilhas/casa-sao-jose-forquilhas-1402141.html,Casa no Bairro Forquilhas em São José com 2 Dormitórios - 359750,"São José, Forquilhas",São José,Forquilhas,NULL,"R$ 680.500,00",680500.0,NULL,2.0,4.0,NULL,venda
https://www.imoveis-sc.com.br/sao-jose/comprar/apartamento/jardim-cidade-de-florianopolis/apartamento-sao-jose-jardim-cidade-de-florianopolis-1456571.html,Apartamento no Bairro Jardim Cidade de Florianópolis em São José com 3 Dormitórios (1 suíte) - 745013,"São José, Jardim Cidade de Florianópolis",São José,Jardim Cidade De Florianópolis,NULL,"R$ 690.000,00",690000.0,NULL,3.0,2.0,1.0,venda
https://www.imoveis-sc.com.br/sao-jose/comprar/apartamento/barreiros/apartamento-sao-jose-barreiros-1415471.html,Apartamento no Bairro Barreiros em São José com 2 Dormitórios (1 suíte) - 705059,"São José, Barreiros",São José,Barreiros,NULL,"R$ 711.523,76",711523.76,NULL,2.0,1.0,1.0,venda
https://www.imoveis-sc.com.br/sao-jose/comprar/apartamento/barreiros/apartamento-sao-jose-barreiros-1415481.html,Apartamento no Bairro Barreiros em São José com 2 Dormitórios (1 suíte) - 705059,"São José, Barreiros",São José,Barreiros,NULL,"R$ 711.523,76",711523.76,NULL,2.0,1.0,1.0,venda
https://www.imoveis-sc.com.br/sao-jose/comprar/apartamento/campinas/apartamento-sao-jose-campinas-1444434.html,Apartamento no Bairro Campinas em São José com 2 Dormitórios (1 suíte) - 725443,"São José, Campinas",São José,Campinas,NULL,"R$ 720.000,00",720000.0,NULL,2.0,1.0,1.0,venda
https://www.imoveis-sc.com.br/sao-jose/comprar/casa/forquilhas/casa-sao-jose-forquilhas-1424337.html,Casa no Bairro Forquilhas em São José com 3 Dormitórios (1 suíte) - 715598,"São José, Forquilhas",São José,Forquilhas,NULL,"R$ 721.000,00",721000.0,NULL,3.0,3.0,1.0,venda
https://www.imoveis-sc.com.br/sao-jose/comprar/casa/forquilhas/casa-sao-jose-forquilhas-1424392.html,Casa no Bairro Forquilhas em São José com 3 Dormitórios (1 suíte) - 715598,"São José, Forquilhas",São José,Forquilhas,NULL,"R$ 721.000,00",721000.0,NULL,3.0,3.0,1.0,venda
https://www.imoveis-sc.com.br/sao-jose/comprar/apartamento/campinas/apartamento-sao-jose-campinas-1368068.html,Apartamento no Bairro Campinas em São José com 3 Dormitórios (1 suíte) - RMX1905,"São José, Campinas",São José,Campinas,NULL,"R$ 725.000,00",725000.0,NULL,3.0,1.0,1.0,venda
https://www.imoveis-sc.com.br/sao-jose/comprar/apartamento/barreiros/apartamento-sao-jose-barreiros-1415469.html,Apartamento no Bairro Barreiros em São José com 2 Dormitórios (1 suíte) - 705067,"São José, Barreiros",São José,Barreiros,NULL,"R$ 725.505,31",725505.31,NULL,2.0,1.0,1.0,venda
https://www.imoveis-sc.com.br/sao-jose/comprar/apartamento/barreiros/apartamento-sao-jose-barreiros-1415479.html,Apartamento no Bairro Barreiros em São José com 2 Dormitórios (1 suíte) - 705067,"São José, Barreiros",São José,Barreiros,NULL,"R$ 725.505,31",725505.31,NULL,2.0,1.0,1.0,venda
https://www.imoveis-sc.com.br/sao-jose/comprar/apartamento/campinas/apartamento-sao-jose-campinas-1448625.html,Apartamento no Bairro Campinas em São José com 2 Dormitórios (1 suíte) - 734356,"São José, Campinas",São José,Campinas,NULL,"R$ 750.000,00",750000.0,NULL,2.0,1.0,1.0,venda
https://www.imoveis-sc.com.br/sao-jose/comprar/apartamento/kobrasol-i/apartamento-sao-jose-kobrasol-i-1463812.html,Apartamento no Bairro Kobrasol I em São José com 3 Dormitórios (2 suítes) - 758571,"São José, Kobrasol I",São José,Kobrasol I,NULL,"R$ 750.000,00",750000.0,NULL,3.0,1.0,2.0,venda
https://www.imoveis-sc.com.br/sao-jose/comprar/apartamento/kobrasol-i/apartamento-sao-jose-kobrasol-i-1425283.html,Apartamento no Bairro Kobrasol I em São José com 2 Dormitórios (1 suíte) - 716339,"São José, Kobrasol I",São José,Kobrasol I,NULL,"R$ 750.000,00",750000.0,NULL,2.0,1.0,1.0,venda
https://www.imoveis-sc.com.br/sao-jose/comprar/apartamento/kobrasol-i/apartamento-sao-jose-kobrasol-i-1456390.html,Apartamento no Bairro Kobrasol I em São José com 2 Dormitórios (1 suíte) - 744924,"São José, Kobrasol I",São José,Kobrasol I,NULL,"R$ 760.000,00",760000.0,NULL,2.0,1.0,1.0,venda
https://www.imoveis-sc.com.br/sao-jose/comprar/apartamento/campinas/apartamento-sao-jose-campinas-1310461.html,Apartamento no Bairro Campinas em São José com 2 Dormitórios e 87 m² - 425314,"São José, Campinas",São José,Campinas,NULL,"R$ 760.000,00",760000.0,87.0,2.0,NULL,NULL,venda
https://www.imoveis-sc.com.br/sao-jose/comprar/casa/serraria/casa-sao-jose-serraria-1329900.html,Casa no Bairro Serraria em São José com 3 Dormitórios (1 suíte) - 438999,"São José, Serraria",São José,Serraria,NULL,"R$ 760.000,00",760000.0,NULL,3.0,NULL,1.0,venda
https://www.imoveis-sc.com.br/sao-jose/comprar/apartamento/campinas/apartamento-sao-jose-campinas-1407356.html,Apartamento no Bairro Campinas em São José com 3 Dormitórios (1 suíte) - RMX2324,"São José, Campinas",São José,Campinas,NULL,"R$ 780.000,00",780000.0,NULL,3.0,1.0,1.0,venda
